karte,tag_a,tag_b,basislaenge_klasse,d_ref_m,d_karte_m,fehler_mm,rel_fehler_ppm
Kartierung Versuch 3,0,1,0-1 m,0.240000,0.241954,1.9535,8139.70
Kartierung Versuch 3,0,2,0-1 m,0.339411,0.341515,2.1036,6197.92
Kartierung Versuch 3,0,3,0-1 m,0.339411,0.343339,3.9276,11571.73
Kartierung Versuch 3,0,4,0-1 m,0.480000,0.484210,4.2101,8771.10
Kartierung Versuch 3,0,5,0-1 m,0.536656,0.540010,3.3539,6249.54
Kartierung Versuch 3,0,6,0-1 m,0.240000,0.241992,1.9915,8297.99
Kartierung Versuch 3,0,7,0-1 m,0.536656,0.542948,6.2917,11723.83
Kartierung Versuch 3,0,8,0-1 m,0.240000,0.242189,2.1893,9122.12
Kartierung Versuch 3,0,9,0-1 m,0.720000,0.726314,6.3138,8769.22
Kartierung Versuch 3,0,10,0-1 m,0.240000,0.242114,2.1138,8807.40
Kartierung Versuch 3,0,11,0-1 m,0.536656,0.539209,2.5531,4757.35
Kartierung Versuch 3,0,12,0-1 m,0.536656,0.542676,6.0199,11217.43
Kartierung Versuch 3,0,13,0-1 m,0.758947,0.763948,5.0010,6589.42
Kartierung Versuch 3,0,14,0-1 m,0.339411,0.342733,3.3222,9787.98
Kartierung Versuch 3,0,15,0-1 m,0.758947,0.767346,8.3994,11067.19
Kartierung Versuch 3,0,16,0-1 m,0.339411,0.341640,2.2284,6565.36
Kartierung Versuch 3,0,17,0-1 m,0.678823,0.681675,2.8525,4202.10
Kartierung Versuch 3,0,18,0-1 m,0.480000,0.483290,3.2903,6854.78
Kartierung Versuch 3,0,19,0-1 m,0.678823,0.687167,8.3441,12292.01
Kartierung Versuch 3,0,20,0-1 m,0.480000,0.484747,4.7468,9889.16
Kartierung Versuch 3,0,21,0-1 m,0.865332,0.868940,3.6079,4169.36
Kartierung Versuch 3,0,22,0-1 m,0.536656,0.541291,4.6347,8636.34
Kartierung Versuch 3,0,23,0-1 m,0.865332,0.875263,9.9305,11475.92
Kartierung Versuch 3,0,24,0-1 m,0.536656,0.540659,4.0025,7458.15
Kartierung Versuch 3,0,25,0-1 m,0.960000,0.968040,8.0405,8375.52
Kartierung Versuch 3,0,26,0-1 m,0.480000,0.483362,3.3624,7005.07
Kartierung Versuch 3,0,27,0-1 m,0.989545,0.996633,7.0875,7162.38
Kartierung Versuch 3,0,28,0-1 m,0.989545,0.999628,10.0822,10188.77
Kartierung Versuch 3,0,29,0-1 m,0.536656,0.541382,4.7257,8805.76
Kartierung Versuch 3,0,30,0-1 m,0.536656,0.539818,3.1617,5891.39
Kartierung Versuch 3,0,31,1-2 m,1.073313,1.078579,5.2661,4906.44
Kartierung Versuch 3,0,32,1-2 m,1.073313,1.084758,11.4453,10663.57
Kartierung Versuch 3,0,33,0-1 m,0.678823,0.684607,5.7843,8521.06
Kartierung Versuch 3,0,34,0-1 m,0.678823,0.682513,3.6901,5436.08
Kartierung Versuch 3,0,35,1-2 m,1.223765,1.233427,9.6621,7895.39
Kartierung Versuch 3,0,36,1-2 m,1.440000,1.451175,11.1753,7760.60
Kartierung Versuch 3,0,37,1-2 m,1.223765,1.231164,7.3991,6046.20
Kartierung Versuch 3,0,38,0-1 m,0.960000,0.965697,5.6966,5933.92
Kartierung Versuch 3,0,39,1-2 m,1.464787,1.472202,7.4152,5062.34
Kartierung Versuch 3,0,40,1-2 m,1.252837,1.265273,12.4359,9926.21
Kartierung Versuch 3,0,41,1-2 m,1.464787,1.478264,13.4770,9200.68
Kartierung Versuch 3,0,42,1-2 m,1.252837,1.255916,3.0794,2457.93
Kartierung Versuch 3,0,43,1-2 m,1.560000,1.568888,8.8885,5697.75
Kartierung Versuch 3,0,44,1-2 m,1.815930,1.831273,15.3435,8449.41
Kartierung Versuch 3,0,45,2-3 m,2.040000,2.055442,15.4423,7569.76
Kartierung Versuch 3,0,46,1-2 m,1.815930,1.826811,10.8814,5992.20
Kartierung Versuch 3,0,47,1-2 m,1.986353,1.998936,12.5821,6334.27
Kartierung Versuch 3,0,48,1-2 m,1.835647,1.851774,16.1272,8785.57
Kartierung Versuch 3,0,49,1-2 m,1.986353,2.000919,14.5656,7332.86
Kartierung Versuch 3,0,50,1-2 m,1.835647,1.845770,10.1228,5514.56
Kartierung Versuch 3,0,51,2-3 m,2.640000,2.659841,19.8411,7515.55
Kartierung Versuch 3,0,52,2-3 m,2.160000,2.171400,11.3996,5277.58
Kartierung Versuch 3,0,53,2-3 m,2.305125,2.321512,16.3870,7108.92
Kartierung Versuch 3,0,54,2-3 m,2.040000,2.052151,12.1515,5956.59
Kartierung Versuch 3,0,55,1-2 m,1.874460,1.890723,16.2632,8676.22
Kartierung Versuch 3,0,56,1-2 m,1.536750,1.540650,3.9004,2538.11
Kartierung Versuch 3,0,57,1-2 m,1.874460,1.883823,9.3635,4995.32
Kartierung Versuch 3,0,58,1-2 m,1.536750,1.551074,14.3238,9320.83
Kartierung Versuch 3,0,59,2-3 m,2.305125,2.318678,13.5532,5879.61
Kartierung Versuch 3,0,60,2-3 m,2.040000,2.056871,16.8708,8270.02
Kartierung Versuch 3,0,61,1-2 m,1.517893,1.526475,8.5814,5653.49
Kartierung Versuch 3,0,62,1-2 m,1.517893,1.532614,14.7203,9697.82
Kartierung Versuch 3,0,63,2-3 m,2.095710,2.108696,12.9860,6196.45
Kartierung Versuch 3,0,64,2-3 m,2.095710,2.112828,17.1177,8167.99
Kartierung Versuch 3,0,65,1-2 m,1.073313,1.081089,7.7764,7245.21
Kartierung Versuch 3,0,66,1-2 m,1.073313,1.078487,5.1747,4821.22
Kartierung Versuch 3,0,67,1-2 m,1.632176,1.641964,9.7879,5996.83
Kartierung Versuch 3,0,68,1-2 m,1.632176,1.642180,10.0039,6129.16
Kartierung Versuch 3,0,100,1-2 m,1.884038,1.900634,16.5954,8808.41
Kartierung Versuch 3,0,101,1-2 m,1.594240,1.608050,13.8102,8662.54
Kartierung Versuch 3,0,102,1-2 m,1.501200,1.509019,7.8198,5209.04
Kartierung Versuch 3,0,103,1-2 m,1.638780,1.643845,5.0647,3090.51
Kartierung Versuch 3,0,104,1-2 m,1.452446,1.467245,14.7985,10188.69
Kartierung Versuch 3,0,105,1-2 m,1.076151,1.086678,10.5272,9782.28
Kartierung Versuch 3,0,106,0-1 m,0.906697,0.909307,2.6097,2878.28
Kartierung Versuch 3,0,107,1-2 m,1.116065,1.116455,0.3904,349.78
Kartierung Versuch 3,0,108,2-3 m,2.359152,2.377807,18.6550,7907.52
Kartierung Versuch 3,0,109,1-2 m,1.765673,1.780683,15.0103,8501.16
Kartierung Versuch 3,0,110,1-2 m,1.295222,1.302170,6.9480,5364.33
Kartierung Versuch 3,0,111,1-2 m,1.884038,1.893398,9.3603,4968.19
Kartierung Versuch 3,0,112,2-3 m,2.359152,2.375131,15.9784,6772.94
Kartierung Versuch 3,0,113,1-2 m,1.765673,1.777228,11.5549,6544.17
Kartierung Versuch 3,0,114,1-2 m,1.295222,1.303458,8.2360,6358.79
Kartierung Versuch 3,0,115,1-2 m,1.884038,1.894821,10.7828,5723.24
Kartierung Versuch 3,0,116,1-2 m,1.452446,1.459041,6.5951,4540.72
Kartierung Versuch 3,0,117,1-2 m,1.076151,1.080914,4.7637,4426.57
Kartierung Versuch 3,0,118,0-1 m,0.906697,0.915250,8.5526,9432.66
Kartierung Versuch 3,0,119,1-2 m,1.116065,1.127254,11.1898,10026.16
Kartierung Versuch 3,0,120,1-2 m,1.884038,1.894896,10.8578,5763.05
Kartierung Versuch 3,0,121,1-2 m,1.594240,1.605210,10.9699,6880.98
Kartierung Versuch 3,0,122,1-2 m,1.501200,1.514737,13.5379,9018.03
Kartierung Versuch 3,0,123,1-2 m,1.638780,1.654321,15.5406,9483.04
Kartierung Versuch 3,0,200,2-3 m,2.465568,2.486660,21.0924,8554.77
Kartierung Versuch 3,0,202,2-3 m,2.465568,2.479306,13.7382,5572.04
Kartierung Versuch 3,0,203,2-3 m,2.073216,2.086835,13.6193,6569.15
Kartierung Versuch 3,1,2,0-1 m,0.240000,0.242196,2.1961,9150.42
Kartierung Versuch 3,1,3,0-1 m,0.240000,0.242287,2.2868,9528.52
Kartierung Versuch 3,1,4,0-1 m,0.240000,0.242257,2.2570,9404.04
Kartierung Versuch 3,1,5,0-1 m,0.339411,0.341274,1.8625,5487.49
Kartierung Versuch 3,1,6,0-1 m,0.339411,0.343226,3.8145,11238.70
Kartierung Versuch 3,1,7,0-1 m,0.339411,0.344043,4.6321,13647.43
Kartierung Versuch 3,1,8,0-1 m,0.339411,0.341346,1.9347,5700.06
Kartierung Versuch 3,1,9,0-1 m,0.480000,0.484360,4.3605,9084.31
Kartierung Versuch 3,1,10,0-1 m,0.480000,0.484067,4.0671,8473.12
Kartierung Versuch 3,1,11,0-1 m,0.480000,0.483536,3.5364,7367.51
Kartierung Versuch 3,1,12,0-1 m,0.480000,0.484544,4.5445,9467.62
Kartierung Versuch 3,1,13,0-1 m,0.536656,0.539871,3.2150,5990.72
Kartierung Versuch 3,1,14,0-1 m,0.536656,0.542000,5.3439,9957.68
Kartierung Versuch 3,1,15,0-1 m,0.536656,0.543301,6.6447,12381.61
Kartierung Versuch 3,1,16,0-1 m,0.536656,0.540144,3.4876,6498.78
Kartierung Versuch 3,1,17,0-1 m,0.536656,0.539164,2.5081,4673.56
Kartierung Versuch 3,1,18,0-1 m,0.536656,0.541995,5.3387,9948.12
Kartierung Versuch 3,1,19,0-1 m,0.536656,0.543348,6.6914,12468.66
Kartierung Versuch 3,1,20,0-1 m,0.536656,0.540610,3.9534,7366.74
Kartierung Versuch 3,1,21,0-1 m,0.678823,0.681375,2.5525,3760.13
Kartierung Versuch 3,1,22,0-1 m,0.678823,0.685571,6.7482,9941.10
Kartierung Versuch 3,1,23,0-1 m,0.678823,0.687084,8.2613,12169.98
Kartierung Versuch 3,1,24,0-1 m,0.678823,0.683153,4.3306,6379.52
Kartierung Versuch 3,1,25,0-1 m,0.720000,0.726087,6.0870,8454.13
Kartierung Versuch 3,1,26,0-1 m,0.720000,0.725316,5.3156,7382.80
Kartierung Versuch 3,1,27,0-1 m,0.758947,0.764181,5.2343,6896.81
Kartierung Versuch 3,1,28,0-1 m,0.758947,0.767196,8.2496,10869.84
Kartierung Versuch 3,1,29,0-1 m,0.758947,0.765684,6.7375,8877.43
Kartierung Versuch 3,1,30,0-1 m,0.758947,0.763721,4.7744,6290.89
Kartierung Versuch 3,1,31,0-1 m,0.865332,0.869150,3.8174,4411.49
Kartierung Versuch 3,1,32,0-1 m,0.865332,0.875105,9.7725,11293.41
Kartierung Versuch 3,1,33,0-1 m,0.865332,0.873118,7.7860,8997.67
Kartierung Versuch 3,1,34,0-1 m,0.865332,0.870036,4.7037,5435.76
Kartierung Versuch 3,1,35,1-2 m,1.200000,1.211625,11.6246,9687.20
Kartierung Versuch 3,1,36,1-2 m,1.200000,1.209222,9.2217,7684.78
Kartierung Versuch 3,1,37,1-2 m,1.200000,1.205220,5.2205,4350.40
Kartierung Versuch 3,1,38,1-2 m,1.200000,1.207650,7.6496,6374.66
Kartierung Versuch 3,1,39,1-2 m,1.341641,1.349461,7.8207,5829.17
Kartierung Versuch 3,1,40,1-2 m,1.341641,1.356194,14.5529,10847.08
Kartierung Versuch 3,1,41,1-2 m,1.341641,1.352804,11.1627,8320.20
Kartierung Versuch 3,1,42,1-2 m,1.341641,1.344105,2.4645,1836.93
Kartierung Versuch 3,1,43,1-2 m,1.800000,1.810842,10.8416,6023.08
Kartierung Versuch 3,1,44,1-2 m,1.800000,1.816875,16.8748,9374.89
Kartierung Versuch 3,1,45,1-2 m,1.800000,1.813489,13.4890,7493.88
Kartierung Versuch 3,1,46,1-2 m,1.800000,1.808608,8.6076,4782.02
Kartierung Versuch 3,1,47,1-2 m,1.897367,1.910481,13.1146,6912.01
Kartierung Versuch 3,1,48,1-2 m,1.897367,1.915282,17.9157,9442.38
Kartierung Versuch 3,1,49,1-2 m,1.897367,1.909641,12.2742,6469.07
Kartierung Versuch 3,1,50,1-2 m,1.897367,1.906289,8.9221,4702.37
Kartierung Versuch 3,1,51,2-3 m,2.400000,2.417888,17.8880,7453.31
Kartierung Versuch 3,1,52,2-3 m,2.400000,2.413353,13.3530,5563.75
Kartierung Versuch 3,1,53,2-3 m,2.163331,2.177490,14.1588,6544.89
Kartierung Versuch 3,1,54,2-3 m,2.163331,2.175346,12.0153,5554.10
Kartierung Versuch 3,1,55,1-2 m,1.697056,1.711242,14.1859,8359.11
Kartierung Versuch 3,1,56,1-2 m,1.697056,1.701776,4.7202,2781.42
Kartierung Versuch 3,1,57,1-2 m,1.697056,1.705785,8.7285,5143.34
Kartierung Versuch 3,1,58,1-2 m,1.697056,1.713293,16.2370,9567.76
Kartierung Versuch 3,1,59,2-3 m,2.163331,2.176707,13.3761,6183.08
Kartierung Versuch 3,1,60,2-3 m,2.163331,2.181888,18.5574,8578.17
Kartierung Versuch 3,1,61,1-2 m,1.292440,1.299280,6.8407,5292.83
Kartierung Versuch 3,1,62,1-2 m,1.292440,1.305343,12.9037,9984.00
Kartierung Versuch 3,1,63,1-2 m,1.862901,1.874125,11.2243,6025.19
Kartierung Versuch 3,1,64,1-2 m,1.862901,1.878048,15.1470,8130.88
Kartierung Versuch 3,1,65,1-2 m,1.292440,1.302256,9.8162,7595.09
Kartierung Versuch 3,1,66,1-2 m,1.292440,1.299149,6.7097,5191.52
Kartierung Versuch 3,1,67,1-2 m,1.862901,1.874702,11.8009,6334.71
Kartierung Versuch 3,1,68,1-2 m,1.862901,1.874659,11.7585,6311.93
Kartierung Versuch 3,1,100,1-2 m,1.749286,1.763647,14.3611,8209.70
Kartierung Versuch 3,1,101,1-2 m,1.529706,1.541057,11.3512,7420.53
Kartierung Versuch 3,1,102,1-2 m,1.529706,1.535715,6.0096,3928.58
Kartierung Versuch 3,1,103,1-2 m,1.749286,1.754126,4.8400,2766.82
Kartierung Versuch 3,1,104,1-2 m,1.272792,1.285427,12.6351,9927.09
Kartierung Versuch 3,1,105,0-1 m,0.965660,0.973624,7.9632,8246.37
Kartierung Versuch 3,1,106,0-1 m,0.965660,0.967117,1.4571,1508.87
Kartierung Versuch 3,1,107,1-2 m,1.272792,1.274012,1.2200,958.52
Kartierung Versuch 3,1,108,2-3 m,2.121320,2.138001,16.6803,7863.16
Kartierung Versuch 3,1,109,1-2 m,1.529706,1.542796,13.0899,8557.15
Kartierung Versuch 3,1,110,1-2 m,1.529706,1.538436,8.7300,5706.95
Kartierung Versuch 3,1,111,2-3 m,2.121320,2.132581,11.2604,5308.22
Kartierung Versuch 3,1,112,2-3 m,2.121320,2.135429,14.1087,6650.92
Kartierung Versuch 3,1,113,1-2 m,1.529706,1.539388,9.6824,6329.59
Kartierung Versuch 3,1,114,1-2 m,1.529706,1.539974,10.2681,6712.44
Kartierung Versuch 3,1,115,2-3 m,2.121320,2.134089,12.7688,6019.27
Kartierung Versuch 3,1,116,1-2 m,1.272792,1.278645,5.8532,4598.71
Kartierung Versuch 3,1,117,0-1 m,0.965660,0.971301,5.6407,5841.26
Kartierung Versuch 3,1,118,0-1 m,0.965660,0.976491,10.8304,11215.51
Kartierung Versuch 3,1,119,1-2 m,1.272792,1.286073,13.2809,10434.48
Kartierung Versuch 3,1,120,1-2 m,1.749286,1.760096,10.8107,6180.04
Kartierung Versuch 3,1,121,1-2 m,1.529706,1.541906,12.2000,7975.40
Kartierung Versuch 3,1,122,1-2 m,1.529706,1.545185,15.4790,10118.93
Kartierung Versuch 3,1,123,1-2 m,1.749286,1.766698,17.4121,9953.86
Kartierung Versuch 3,1,200,2-3 m,2.265177,2.283875,18.6987,8254.84
Kartierung Versuch 3,1,202,2-3 m,2.265177,2.277566,12.3898,5469.68
Kartierung Versuch 3,1,203,2-3 m,2.265177,2.280895,15.7189,6939.36
Kartierung Versuch 3,2,3,0-1 m,0.480000,0.484483,4.4829,9339.43
Kartierung Versuch 3,2,4,0-1 m,0.339411,0.343813,4.4013,12967.49
Kartierung Versuch 3,2,5,0-1 m,0.240000,0.242133,2.1333,8888.56
Kartierung Versuch 3,2,6,0-1 m,0.240000,0.242232,2.2316,9298.24
Kartierung Versuch 3,2,7,0-1 m,0.536656,0.543390,6.7341,12548.23
Kartierung Versuch 3,2,8,0-1 m,0.536656,0.540299,3.6422,6786.89
Kartierung Versuch 3,2,9,0-1 m,0.536656,0.542888,6.2319,11612.47
Kartierung Versuch 3,2,10,0-1 m,0.536656,0.540425,3.7691,7023.31
Kartierung Versuch 3,2,11,0-1 m,0.240000,0.241341,1.3413,5588.65
Kartierung Versuch 3,2,12,0-1 m,0.720000,0.726741,6.7406,9361.89
Kartierung Versuch 3,2,13,0-1 m,0.480000,0.483939,3.9394,8207.12
Kartierung Versuch 3,2,14,0-1 m,0.480000,0.484126,4.1257,8595.14
Kartierung Versuch 3,2,15,0-1 m,0.678823,0.687579,8.7569,12900.12
Kartierung Versuch 3,2,16,0-1 m,0.678823,0.683154,4.3320,6381.61
Kartierung Versuch 3,2,17,0-1 m,0.339411,0.340160,0.7488,2206.31
Kartierung Versuch 3,2,18,0-1 m,0.339411,0.343144,3.7331,10998.76
Kartierung Versuch 3,2,19,0-1 m,0.758947,0.767750,8.8037,11599.84
Kartierung Versuch 3,2,20,0-1 m,0.758947,0.764956,6.0091,7917.72
Kartierung Versuch 3,2,21,0-1 m,0.536656,0.538308,1.6515,3077.36
Kartierung Versuch 3,2,22,0-1 m,0.536656,0.541922,5.2660,9812.61
Kartierung Versuch 3,2,23,0-1 m,0.865332,0.875707,10.3745,11989.06
Kartierung Versuch 3,2,24,0-1 m,0.865332,0.871231,5.8985,6816.49
Kartierung Versuch 3,2,25,0-1 m,0.758947,0.766585,7.6385,10064.67
Kartierung Versuch 3,2,26,0-1 m,0.758947,0.763886,4.9391,6507.83
Kartierung Versuch 3,2,27,0-1 m,0.720000,0.726030,6.0300,8375.00
Kartierung Versuch 3,2,28,0-1 m,0.865332,0.875616,10.2837,11884.16
Kartierung Versuch 3,2,29,0-1 m,0.720000,0.725660,5.6597,7860.74
Kartierung Versuch 3,2,30,0-1 m,0.865332,0.870519,5.1863,5993.44
Kartierung Versuch 3,2,31,0-1 m,0.758947,0.762479,3.5325,4654.47
Kartierung Versuch 3,2,32,1-2 m,1.018234,1.030197,11.9629,11748.70
Kartierung Versuch 3,2,33,0-1 m,0.758947,0.765282,6.3350,8347.09
Kartierung Versuch 3,2,34,1-2 m,1.018234,1.024027,5.7936,5689.89
Kartierung Versuch 3,2,35,0-1 m,0.960000,0.969431,9.4311,9824.02
Kartierung Versuch 3,2,36,1-2 m,1.223765,1.234432,10.6674,8716.91
Kartierung Versuch 3,2,37,1-2 m,1.440000,1.447416,7.4156,5149.70
Kartierung Versuch 3,2,38,1-2 m,1.223765,1.230978,7.2137,5894.70
Kartierung Versuch 3,2,39,1-2 m,1.132078,1.137692,5.6144,4959.40
Kartierung Versuch 3,2,40,1-2 m,1.132078,1.144824,12.7463,11259.21
Kartierung Versuch 3,2,41,1-2 m,1.560000,1.572996,12.9956,8330.48
Kartierung Versuch 3,2,42,1-2 m,1.560000,1.564521,4.5210,2898.06
Kartierung Versuch 3,2,43,1-2 m,1.815930,1.826243,10.3138,5679.61
Kartierung Versuch 3,2,44,1-2 m,1.560000,1.574679,14.6793,9409.79
Kartierung Versuch 3,2,45,1-2 m,1.815930,1.830419,14.4896,7979.18
Kartierung Versuch 3,2,46,2-3 m,2.040000,2.050802,10.8021,5295.16
Kartierung Versuch 3,2,47,1-2 m,1.671407,1.682376,10.9690,6562.73
Kartierung Versuch 3,2,48,1-2 m,1.671407,1.687297,15.8907,9507.36
Kartierung Versuch 3,2,49,2-3 m,2.126405,2.140627,14.2213,6687.94
Kartierung Versuch 3,2,50,2-3 m,2.126405,2.137573,11.1672,5251.67
Kartierung Versuch 3,2,51,2-3 m,2.411970,2.430682,18.7114,7757.71
Kartierung Versuch 3,2,52,2-3 m,2.411970,2.424511,12.5404,5199.23
Kartierung Versuch 3,2,53,2-3 m,2.366770,2.382703,15.9332,6732.05
Kartierung Versuch 3,2,54,2-3 m,2.366770,2.380703,13.9333,5887.04
Kartierung Versuch 3,2,55,1-2 m,1.874460,1.890389,15.9292,8498.05
Kartierung Versuch 3,2,56,1-2 m,1.874460,1.880448,5.9880,3194.53
Kartierung Versuch 3,2,57,1-2 m,1.536750,1.543959,7.2093,4691.27
Kartierung Versuch 3,2,58,1-2 m,1.536750,1.551194,14.4445,9399.41
Kartierung Versuch 3,2,59,1-2 m,1.968146,1.979692,11.5458,5866.36
Kartierung Versuch 3,2,60,1-2 m,1.968146,1.984675,16.5283,8397.91
Kartierung Versuch 3,2,61,1-2 m,1.223765,1.230900,7.1351,5830.41
Kartierung Versuch 3,2,62,1-2 m,1.399428,1.414342,14.9134,10656.81
Kartierung Versuch 3,2,63,1-2 m,1.815930,1.827353,11.4233,6290.61
Kartierung Versuch 3,2,64,1-2 m,1.938659,1.955294,16.6352,8580.76
Kartierung Versuch 3,2,65,1-2 m,1.223765,1.232404,8.6397,7059.95
Kartierung Versuch 3,2,66,1-2 m,1.399428,1.406626,7.1978,5143.37
Kartierung Versuch 3,2,67,1-2 m,1.815930,1.826646,10.7160,5901.13
Kartierung Versuch 3,2,68,1-2 m,1.938659,1.950440,11.7805,6076.62
Kartierung Versuch 3,2,100,1-2 m,1.958979,1.975143,16.1636,8251.01
Kartierung Versuch 3,2,101,1-2 m,1.765673,1.779034,13.3616,7567.44
Kartierung Versuch 3,2,102,1-2 m,1.765673,1.773978,8.3049,4703.55
Kartierung Versuch 3,2,103,1-2 m,1.958979,1.965748,6.7683,3455.00
Kartierung Versuch 3,2,104,1-2 m,1.452446,1.466727,14.2805,9832.06
Kartierung Versuch 3,2,105,1-2 m,1.192518,1.202316,9.7979,8216.12
Kartierung Versuch 3,2,106,1-2 m,1.192518,1.196150,3.6319,3045.58
Kartierung Versuch 3,2,107,1-2 m,1.452446,1.454915,2.4684,1699.50
Kartierung Versuch 3,2,108,2-3 m,2.168317,2.186283,17.9660,8285.70
Kartierung Versuch 3,2,109,1-2 m,1.594240,1.609034,14.7947,9280.08
Kartierung Versuch 3,2,110,1-2 m,1.594240,1.603015,8.7758,5504.71
Kartierung Versuch 3,2,111,2-3 m,2.168317,2.179103,10.7861,4974.43
Kartierung Versuch 3,2,112,2-3 m,2.100857,2.115466,14.6091,6953.89
Kartierung Versuch 3,2,113,1-2 m,1.501200,1.511559,10.3590,6900.47
Kartierung Versuch 3,2,114,1-2 m,1.501200,1.510622,9.4225,6276.65
Kartierung Versuch 3,2,115,2-3 m,2.100857,2.112657,11.8002,5616.86
Kartierung Versuch 3,2,116,1-2 m,1.116065,1.120521,4.4568,3993.35
Kartierung Versuch 3,2,117,0-1 m,0.747061,0.750254,3.1931,4274.22
Kartierung Versuch 3,2,118,0-1 m,0.747061,0.756135,9.0738,12146.00
Kartierung Versuch 3,2,119,1-2 m,1.116065,1.127730,11.6651,10451.99
Kartierung Versuch 3,2,120,1-2 m,1.548419,1.557309,8.8908,5741.87
Kartierung Versuch 3,2,121,1-2 m,1.295222,1.305118,9.8959,7640.32
Kartierung Versuch 3,2,122,1-2 m,1.295222,1.308671,13.4490,10383.58
Kartierung Versuch 3,2,123,1-2 m,1.548419,1.563909,15.4900,10003.76
Kartierung Versuch 3,2,200,2-3 m,2.410939,2.430761,19.8229,8222.06
Kartierung Versuch 3,2,202,2-3 m,2.136498,2.148285,11.7867,5516.83
Kartierung Versuch 3,2,203,2-3 m,2.136498,2.150796,14.2981,6692.31
Kartierung Versuch 3,3,4,0-1 m,0.339411,0.341266,1.8546,5464.13
Kartierung Versuch 3,3,5,0-1 m,0.536656,0.540040,3.3841,6305.85
Kartierung Versuch 3,3,6,0-1 m,0.536656,0.542593,5.9363,11061.55
Kartierung Versuch 3,3,7,0-1 m,0.240000,0.242295,2.2954,9564.36
Kartierung Versuch 3,3,8,0-1 m,0.240000,0.241865,1.8647,7769.49
Kartierung Versuch 3,3,9,0-1 m,0.536656,0.540098,3.4418,6413.36
Kartierung Versuch 3,3,10,0-1 m,0.536656,0.542294,5.6372,10504.38
Kartierung Versuch 3,3,11,0-1 m,0.720000,0.725823,5.8231,8087.62
Kartierung Versuch 3,3,12,0-1 m,0.240000,0.242258,2.2577,9406.91
Kartierung Versuch 3,3,13,0-1 m,0.678823,0.682636,3.8137,5618.04
Kartierung Versuch 3,3,14,0-1 m,0.678823,0.686072,7.2494,10679.31
Kartierung Versuch 3,3,15,0-1 m,0.480000,0.484526,4.5264,9430.01
Kartierung Versuch 3,3,16,0-1 m,0.480000,0.484011,4.0113,8356.87
Kartierung Versuch 3,3,17,0-1 m,0.758947,0.763589,4.6425,6117.06
Kartierung Versuch 3,3,18,0-1 m,0.758947,0.766347,7.4006,9751.17
Kartierung Versuch 3,3,19,0-1 m,0.339411,0.343828,4.4166,13012.44
Kartierung Versuch 3,3,20,0-1 m,0.339411,0.341619,2.2075,6503.90
Kartierung Versuch 3,3,21,0-1 m,0.865332,0.869529,4.1965,4849.55
Kartierung Versuch 3,3,22,0-1 m,0.865332,0.874027,8.6943,10047.35
Kartierung Versuch 3,3,23,0-1 m,0.536656,0.542624,5.9682,11121.05
Kartierung Versuch 3,3,24,0-1 m,0.536656,0.540153,3.4965,6515.44
Kartierung Versuch 3,3,25,0-1 m,0.758947,0.764138,5.1909,6839.65
Kartierung Versuch 3,3,26,0-1 m,0.758947,0.765645,6.6988,8826.41
Kartierung Versuch 3,3,27,0-1 m,0.865332,0.870646,5.3134,6140.29
Kartierung Versuch 3,3,28,0-1 m,0.720000,0.726352,6.3519,8822.06
Kartierung Versuch 3,3,29,0-1 m,0.865332,0.873828,8.4955,9817.67
Kartierung Versuch 3,3,30,0-1 m,0.720000,0.725439,5.4392,7554.49
Kartierung Versuch 3,3,31,1-2 m,1.018234,1.023089,4.8551,4768.16
Kartierung Versuch 3,3,32,0-1 m,0.758947,0.766406,7.4595,9828.73
Kartierung Versuch 3,3,33,1-2 m,1.018234,1.027945,9.7116,9537.66
Kartierung Versuch 3,3,34,0-1 m,0.758947,0.763397,4.4499,5863.27
Kartierung Versuch 3,3,35,1-2 m,1.440000,1.453910,13.9103,9659.90
Kartierung Versuch 3,3,36,1-2 m,1.223765,1.231921,8.1559,6664.58
Kartierung Versuch 3,3,37,0-1 m,0.960000,0.962935,2.9346,3056.91
Kartierung Versuch 3,3,38,1-2 m,1.223765,1.232572,8.8072,7196.85
Kartierung Versuch 3,3,39,1-2 m,1.560000,1.570082,10.0825,6463.13
Kartierung Versuch 3,3,40,1-2 m,1.560000,1.576596,16.5961,10638.52
Kartierung Versuch 3,3,41,1-2 m,1.132078,1.141407,9.3290,8240.61
Kartierung Versuch 3,3,42,1-2 m,1.132078,1.132619,0.5418,478.55
Kartierung Versuch 3,3,43,1-2 m,1.815930,1.827842,11.9130,6560.25
Kartierung Versuch 3,3,44,2-3 m,2.040000,2.059161,19.1614,9392.86
Kartierung Versuch 3,3,45,1-2 m,1.815930,1.828632,12.7024,6995.01
Kartierung Versuch 3,3,46,1-2 m,1.560000,1.566322,6.3223,4052.75
Kartierung Versuch 3,3,47,2-3 m,2.126405,2.141730,15.3249,7206.93
Kartierung Versuch 3,3,48,2-3 m,2.126405,2.146510,20.1044,9454.62
Kartierung Versuch 3,3,49,1-2 m,1.671407,1.681676,10.2693,6144.09
Kartierung Versuch 3,3,50,1-2 m,1.671407,1.678053,6.6461,3976.34
Kartierung Versuch 3,3,51,2-3 m,2.411970,2.429161,17.1910,7127.37
Kartierung Versuch 3,3,52,2-3 m,2.411970,2.426591,14.6210,6061.86
Kartierung Versuch 3,3,53,1-2 m,1.968146,1.980489,12.3425,6271.11
Kartierung Versuch 3,3,54,1-2 m,1.968146,1.978355,10.2091,5187.19
Kartierung Versuch 3,3,55,1-2 m,1.536750,1.549170,12.4197,8081.80
Kartierung Versuch 3,3,56,1-2 m,1.536750,1.540613,3.8636,2514.12
Kartierung Versuch 3,3,57,1-2 m,1.874460,1.884896,10.4357,5567.29
Kartierung Versuch 3,3,58,1-2 m,1.874460,1.892741,18.2815,9752.96
Kartierung Versuch 3,3,59,2-3 m,2.366770,2.382073,15.3029,6465.72
Kartierung Versuch 3,3,60,2-3 m,2.366770,2.387546,20.7756,8778.05
Kartierung Versuch 3,3,61,1-2 m,1.399428,1.406502,7.0738,5054.81
Kartierung Versuch 3,3,62,1-2 m,1.223765,1.234669,10.9043,8910.47
Kartierung Versuch 3,3,63,1-2 m,1.938659,1.949976,11.3165,5837.29
Kartierung Versuch 3,3,64,1-2 m,1.815930,1.829674,13.7450,7569.11
Kartierung Versuch 3,3,65,1-2 m,1.399428,1.410926,11.4980,8216.21
Kartierung Versuch 3,3,66,1-2 m,1.223765,1.230690,6.9258,5659.40
Kartierung Versuch 3,3,67,1-2 m,1.938659,1.952011,13.3515,6886.97
Kartierung Versuch 3,3,68,1-2 m,1.815930,1.828188,12.2587,6750.64
Kartierung Versuch 3,3,100,1-2 m,1.548419,1.560942,12.5230,8087.64
Kartierung Versuch 3,3,101,1-2 m,1.295222,1.304512,9.2898,7172.40
Kartierung Versuch 3,3,102,1-2 m,1.295222,1.298853,3.6314,2803.67
Kartierung Versuch 3,3,103,1-2 m,1.548419,1.551482,3.0630,1978.16
Kartierung Versuch 3,3,104,1-2 m,1.116065,1.127075,11.0103,9865.30
Kartierung Versuch 3,3,105,0-1 m,0.747061,0.753271,6.2104,8313.07
Kartierung Versuch 3,3,106,0-1 m,0.747061,0.746428,-0.6330,-847.28
Kartierung Versuch 3,3,107,1-2 m,1.116065,1.116644,0.5795,519.20
Kartierung Versuch 3,3,108,2-3 m,2.100857,2.116356,15.4988,7377.38
Kartierung Versuch 3,3,109,1-2 m,1.501200,1.512720,11.5204,7674.15
Kartierung Versuch 3,3,110,1-2 m,1.501200,1.510513,9.3131,6203.80
Kartierung Versuch 3,3,111,2-3 m,2.100857,2.113107,12.2497,5830.81
Kartierung Versuch 3,3,112,2-3 m,2.168317,2.182139,13.8219,6374.47
Kartierung Versuch 3,3,113,1-2 m,1.594240,1.603624,9.3841,5886.22
Kartierung Versuch 3,3,114,1-2 m,1.594240,1.605898,11.6581,7312.63
Kartierung Versuch 3,3,115,2-3 m,2.168317,2.182515,14.1976,6547.77
Kartierung Versuch 3,3,116,1-2 m,1.452446,1.459989,7.5430,5193.33
Kartierung Versuch 3,3,117,1-2 m,1.192518,1.200582,8.0639,6762.05
Kartierung Versuch 3,3,118,1-2 m,1.192518,1.205387,12.8683,10790.84
Kartierung Versuch 3,3,119,1-2 m,1.452446,1.467644,15.1981,10463.78
Kartierung Versuch 3,3,120,1-2 m,1.958979,1.971812,12.8328,6550.78
Kartierung Versuch 3,3,121,1-2 m,1.765673,1.780215,14.5425,8236.25
Kartierung Versuch 3,3,122,1-2 m,1.765673,1.783339,17.6659,10005.17
Kartierung Versuch 3,3,123,1-2 m,1.958979,1.978516,19.5370,9973.06
Kartierung Versuch 3,3,200,2-3 m,2.136498,2.154104,17.6054,8240.30
Kartierung Versuch 3,3,202,2-3 m,2.410939,2.424161,13.2221,5484.21
Kartierung Versuch 3,3,203,2-3 m,2.410939,2.428410,17.4712,7246.63
Kartierung Versuch 3,4,5,0-1 m,0.240000,0.242279,2.2787,9494.73
Kartierung Versuch 3,4,6,0-1 m,0.536656,0.542878,6.2212,11592.53
Kartierung Versuch 3,4,7,0-1 m,0.240000,0.242342,2.3422,9759.36
Kartierung Versuch 3,4,8,0-1 m,0.536656,0.539873,3.2169,5994.28
Kartierung Versuch 3,4,9,0-1 m,0.240000,0.242104,2.1038,8765.78
Kartierung Versuch 3,4,10,0-1 m,0.720000,0.726323,6.3231,8782.13
Kartierung Versuch 3,4,11,0-1 m,0.536656,0.542845,6.1889,11532.41
Kartierung Versuch 3,4,12,0-1 m,0.536656,0.540107,3.4507,6430.01
Kartierung Versuch 3,4,13,0-1 m,0.339411,0.341371,1.9594,5773.04
Kartierung Versuch 3,4,14,0-1 m,0.758947,0.766731,7.7840,10256.30
Kartierung Versuch 3,4,15,0-1 m,0.339411,0.343767,4.3556,12832.90
Kartierung Versuch 3,4,16,0-1 m,0.758947,0.764215,5.2682,6941.42
Kartierung Versuch 3,4,17,0-1 m,0.480000,0.484130,4.1302,8604.69
Kartierung Versuch 3,4,18,0-1 m,0.678823,0.686955,8.1322,11979.86
Kartierung Versuch 3,4,19,0-1 m,0.480000,0.484515,4.5147,9405.72
Kartierung Versuch 3,4,20,0-1 m,0.678823,0.682884,4.0617,5983.42
Kartierung Versuch 3,4,21,0-1 m,0.536656,0.539451,2.7944,5207.07
Kartierung Versuch 3,4,22,0-1 m,0.865332,0.874713,9.3808,10840.73
Kartierung Versuch 3,4,23,0-1 m,0.536656,0.542619,5.9631,11111.66
Kartierung Versuch 3,4,24,0-1 m,0.865332,0.870645,5.3130,6139.89
Kartierung Versuch 3,4,25,0-1 m,0.480000,0.483831,3.8309,7981.06
Kartierung Versuch 3,4,26,0-1 m,0.960000,0.967571,7.5712,7886.71
Kartierung Versuch 3,4,27,0-1 m,0.536656,0.540139,3.4824,6489.10
Kartierung Versuch 3,4,28,0-1 m,0.536656,0.542607,5.9506,11088.34
Kartierung Versuch 3,4,29,0-1 m,0.989545,0.998704,9.1584,9255.16
Kartierung Versuch 3,4,30,0-1 m,0.989545,0.996250,6.7042,6775.00
Kartierung Versuch 3,4,31,0-1 m,0.678823,0.681824,3.0019,4422.15
Kartierung Versuch 3,4,32,0-1 m,0.678823,0.686384,7.5616,11139.32
Kartierung Versuch 3,4,33,1-2 m,1.073313,1.083621,10.3084,9604.29
Kartierung Versuch 3,4,34,1-2 m,1.073313,1.079438,6.1258,5707.35
Kartierung Versuch 3,4,35,1-2 m,1.223765,1.238313,14.5482,11888.10
Kartierung Versuch 3,4,36,0-1 m,0.960000,0.966966,6.9656,7255.80
Kartierung Versuch 3,4,37,1-2 m,1.223765,1.226835,3.0706,2509.13
Kartierung Versuch 3,4,38,1-2 m,1.440000,1.449905,9.9047,6878.26
Kartierung Versuch 3,4,39,1-2 m,1.252837,1.262156,9.3197,7438.87
Kartierung Versuch 3,4,40,1-2 m,1.464787,1.482114,17.3273,11829.23
Kartierung Versuch 3,4,41,1-2 m,1.252837,1.261071,8.2347,6572.82
Kartierung Versuch 3,4,42,1-2 m,1.464787,1.466988,2.2017,1503.05
Kartierung Versuch 3,4,43,2-3 m,2.040000,2.053097,13.0965,6419.87
Kartierung Versuch 3,4,44,1-2 m,1.815930,1.835191,19.2618,10607.13
Kartierung Versuch 3,4,45,1-2 m,1.560000,1.571234,11.2341,7201.36
Kartierung Versuch 3,4,46,1-2 m,1.815930,1.822068,6.1387,3380.50
Kartierung Versuch 3,4,47,1-2 m,1.835647,1.850185,14.5383,7919.97
Kartierung Versuch 3,4,48,1-2 m,1.986353,2.006820,20.4663,10303.48
Kartierung Versuch 3,4,49,1-2 m,1.835647,1.845119,9.4720,5160.03
Kartierung Versuch 3,4,50,1-2 m,1.986353,1.994096,7.7421,3897.62
Kartierung Versuch 3,4,51,2-3 m,2.160000,2.175634,15.6336,7237.80
Kartierung Versuch 3,4,52,2-3 m,2.640000,2.655609,15.6088,5912.41
Kartierung Versuch 3,4,53,2-3 m,2.040000,2.051299,11.2994,5538.90
Kartierung Versuch 3,4,54,2-3 m,2.305125,2.317047,11.9227,5172.25
Kartierung Versuch 3,4,55,1-2 m,1.536750,1.548196,11.4466,7448.59
Kartierung Versuch 3,4,56,1-2 m,1.874460,1.880157,5.6973,3039.44
Kartierung Versuch 3,4,57,1-2 m,1.536750,1.545501,8.7511,5694.57
Kartierung Versuch 3,4,58,1-2 m,1.874460,1.893234,18.7741,10015.72
Kartierung Versuch 3,4,59,2-3 m,2.040000,2.053905,13.9050,6816.17
Kartierung Versuch 3,4,60,2-3 m,2.305125,2.326090,20.9657,9095.28
Kartierung Versuch 3,4,61,1-2 m,1.073313,1.078524,5.2118,4855.77
Kartierung Versuch 3,4,62,1-2 m,1.073313,1.083906,10.5930,9869.47
Kartierung Versuch 3,4,63,1-2 m,1.632176,1.641589,9.4121,5766.57
Kartierung Versuch 3,4,64,1-2 m,1.632176,1.644883,12.7066,7785.10
Kartierung Versuch 3,4,65,1-2 m,1.517893,1.530205,12.3115,8110.94
Kartierung Versuch 3,4,66,1-2 m,1.517893,1.526375,8.4814,5587.60
Kartierung Versuch 3,4,67,2-3 m,2.095710,2.109946,14.2358,6792.81
Kartierung Versuch 3,4,68,2-3 m,2.095710,2.109427,13.7171,6545.30
Kartierung Versuch 3,4,100,1-2 m,1.638780,1.650259,11.4794,7004.82
Kartierung Versuch 3,4,101,1-2 m,1.501200,1.509674,8.4749,5645.40
Kartierung Versuch 3,4,102,1-2 m,1.594240,1.598530,4.2901,2691.01
Kartierung Versuch 3,4,103,1-2 m,1.884038,1.888822,4.7834,2538.92
Kartierung Versuch 3,4,104,1-2 m,1.116065,1.125802,9.7375,8724.81
Kartierung Versuch 3,4,105,0-1 m,0.906697,0.911560,4.8632,5363.59
Kartierung Versuch 3,4,106,1-2 m,1.076151,1.077101,0.9505,883.23
Kartierung Versuch 3,4,107,1-2 m,1.452446,1.454797,2.3503,1618.18
Kartierung Versuch 3,4,108,1-2 m,1.884038,1.898345,14.3067,7593.66
Kartierung Versuch 3,4,109,1-2 m,1.295222,1.305970,10.7476,8297.87
Kartierung Versuch 3,4,110,1-2 m,1.765673,1.776429,10.7561,6091.79
Kartierung Versuch 3,4,111,2-3 m,2.359152,2.372549,13.3963,5678.44
Kartierung Versuch 3,4,112,1-2 m,1.884038,1.896098,12.0597,6400.98
Kartierung Versuch 3,4,113,1-2 m,1.295222,1.302911,7.6886,5936.10
Kartierung Versuch 3,4,114,1-2 m,1.765673,1.778353,12.6804,7181.64
Kartierung Versuch 3,4,115,2-3 m,2.359152,2.374278,15.1252,6411.30
Kartierung Versuch 3,4,116,1-2 m,1.116065,1.121982,5.9174,5302.00
Kartierung Versuch 3,4,117,0-1 m,0.906697,0.914652,7.9551,8773.71
Kartierung Versuch 3,4,118,1-2 m,1.076151,1.089919,13.7689,12794.61
Kartierung Versuch 3,4,119,1-2 m,1.452446,1.468379,15.9327,10969.54
Kartierung Versuch 3,4,120,1-2 m,1.638780,1.650379,11.5994,7078.09
Kartierung Versuch 3,4,121,1-2 m,1.501200,1.515626,14.4266,9610.08
Kartierung Versuch 3,4,122,1-2 m,1.594240,1.612452,18.2121,11423.66
Kartierung Versuch 3,4,123,1-2 m,1.884038,1.904013,19.9744,10601.91
Kartierung Versuch 3,4,200,2-3 m,2.073216,2.088833,15.6174,7532.91
Kartierung Versuch 3,4,202,2-3 m,2.073216,2.084547,11.3310,5465.40
Kartierung Versuch 3,4,203,2-3 m,2.465568,2.483951,18.3835,7456.08
Kartierung Versuch 3,5,6,0-1 m,0.480000,0.484364,4.3643,9092.27
Kartierung Versuch 3,5,7,0-1 m,0.480000,0.484621,4.6210,9627.04
Kartierung Versuch 3,5,8,0-1 m,0.678823,0.682619,3.7969,5593.32
Kartierung Versuch 3,5,9,0-1 m,0.339411,0.343478,4.0665,11981.02
Kartierung Versuch 3,5,10,0-1 m,0.758947,0.764385,5.4386,7166.03
Kartierung Versuch 3,5,11,0-1 m,0.339411,0.343743,4.3320,12763.17
Kartierung Versuch 3,5,12,0-1 m,0.758947,0.764385,5.4384,7165.79
Kartierung Versuch 3,5,13,0-1 m,0.240000,0.241806,1.8064,7526.77
Kartierung Versuch 3,5,14,0-1 m,0.720000,0.726258,6.2577,8691.25
Kartierung Versuch 3,5,15,0-1 m,0.536656,0.543181,6.5245,12157.78
Kartierung Versuch 3,5,16,0-1 m,0.865332,0.870638,5.3053,6130.89
Kartierung Versuch 3,5,17,0-1 m,0.240000,0.241853,1.8528,7719.89
Kartierung Versuch 3,5,18,0-1 m,0.536656,0.543026,6.3692,11868.32
Kartierung Versuch 3,5,19,0-1 m,0.720000,0.726793,6.7935,9435.39
Kartierung Versuch 3,5,20,0-1 m,0.865332,0.870844,5.5121,6369.96
Kartierung Versuch 3,5,21,0-1 m,0.339411,0.340103,0.6919,2038.53
Kartierung Versuch 3,5,22,0-1 m,0.758947,0.766627,7.6801,10119.44
Kartierung Versuch 3,5,23,0-1 m,0.758947,0.767160,8.2133,10821.99
Kartierung Versuch 3,5,24,1-2 m,1.018234,1.024426,6.1926,6081.70
Kartierung Versuch 3,5,25,0-1 m,0.536656,0.542073,5.4163,10092.66
Kartierung Versuch 3,5,26,0-1 m,0.989545,0.996280,6.7348,6805.95
Kartierung Versuch 3,5,27,0-1 m,0.480000,0.483897,3.8974,8119.52
Kartierung Versuch 3,5,28,0-1 m,0.678823,0.686932,8.1096,11946.54
Kartierung Versuch 3,5,29,0-1 m,0.960000,0.967791,7.7915,8116.14
Kartierung Versuch 3,5,30,1-2 m,1.073313,1.079827,6.5148,6069.76
Kartierung Versuch 3,5,31,0-1 m,0.536656,0.538569,1.9131,3564.93
Kartierung Versuch 3,5,32,0-1 m,0.865332,0.875214,9.8818,11419.70
Kartierung Versuch 3,5,33,0-1 m,0.989545,0.998207,8.6613,8752.79
Kartierung Versuch 3,5,34,1-2 m,1.200000,1.206598,6.5977,5498.08
Kartierung Versuch 3,5,35,0-1 m,0.989545,1.002048,12.5027,12634.75
Kartierung Versuch 3,5,36,0-1 m,0.989545,0.998022,8.4762,8565.77
Kartierung Versuch 3,5,37,1-2 m,1.459863,1.465231,5.3676,3676.77
Kartierung Versuch 3,5,38,1-2 m,1.459863,1.468992,9.1286,6253.05
Kartierung Versuch 3,5,39,1-2 m,1.025280,1.032185,6.9041,6733.83
Kartierung Versuch 3,5,40,1-2 m,1.275617,1.291043,15.4259,12092.90
Kartierung Versuch 3,5,41,1-2 m,1.484318,1.494660,10.3420,6967.50
Kartierung Versuch 3,5,42,1-2 m,1.667093,1.671027,3.9342,2359.90
Kartierung Versuch 3,5,43,2-3 m,2.054069,2.066373,12.3036,5989.88
Kartierung Versuch 3,5,44,1-2 m,1.578354,1.595408,17.0546,10805.31
Kartierung Versuch 3,5,45,1-2 m,1.578354,1.590609,12.2553,7764.61
Kartierung Versuch 3,5,46,2-3 m,2.054069,2.062542,8.4733,4125.15
Kartierung Versuch 3,5,47,1-2 m,1.601000,1.613259,12.2591,7657.17
Kartierung Versuch 3,5,48,1-2 m,1.771779,1.790157,18.3783,10372.82
Kartierung Versuch 3,5,49,2-3 m,2.071521,2.083168,11.6466,5622.25
Kartierung Versuch 3,5,50,2-3 m,2.206173,2.216071,9.8974,4486.23
Kartierung Versuch 3,5,51,2-3 m,2.173292,2.189778,16.4859,7585.68
Kartierung Versuch 3,5,52,2-3 m,2.650887,2.665476,14.5891,5503.48
Kartierung Versuch 3,5,53,2-3 m,2.254595,2.267898,13.3024,5900.14
Kartierung Versuch 3,5,54,2-3 m,2.497038,2.510667,13.6287,5457.93
Kartierung Versuch 3,5,55,1-2 m,1.730665,1.744062,13.3973,7741.11
Kartierung Versuch 3,5,56,2-3 m,2.036468,2.043050,6.5827,3232.39
Kartierung Versuch 3,5,57,1-2 m,1.357645,1.364514,6.8692,5059.64
Kartierung Versuch 3,5,58,1-2 m,1.730665,1.747509,16.8442,9732.79
Kartierung Versuch 3,5,59,1-2 m,1.831721,1.843576,11.8555,6472.34
Kartierung Versuch 3,5,60,2-3 m,2.123017,2.141849,18.8323,8870.53
Kartierung Versuch 3,5,61,0-1 m,0.989545,0.994756,5.2103,5265.35
Kartierung Versuch 3,5,62,1-2 m,1.200000,1.212762,12.7625,10635.39
Kartierung Versuch 3,5,63,1-2 m,1.578354,1.587820,9.4666,5997.80
Kartierung Versuch 3,5,64,1-2 m,1.718139,1.732455,14.3166,8332.60
Kartierung Versuch 3,5,65,1-2 m,1.459863,1.470789,10.9259,7484.17
Kartierung Versuch 3,5,66,1-2 m,1.609969,1.618496,8.5274,5296.61
Kartierung Versuch 3,5,67,2-3 m,2.054069,2.067025,12.9556,6307.31
Kartierung Versuch 3,5,68,2-3 m,2.163331,2.176764,13.4334,6209.60
Kartierung Versuch 3,5,100,1-2 m,1.860967,1.874484,13.5164,7263.10
Kartierung Versuch 3,5,101,1-2 m,1.741034,1.751762,10.7274,6161.50
Kartierung Versuch 3,5,102,1-2 m,1.821867,1.828433,6.5661,3604.07
Kartierung Versuch 3,5,103,2-3 m,2.080192,2.086624,6.4320,3092.04
Kartierung Versuch 3,5,104,1-2 m,1.317270,1.328867,11.5974,8804.15
Kartierung Versuch 3,5,105,1-2 m,1.145295,1.152355,7.0601,6164.44
Kartierung Versuch 3,5,106,1-2 m,1.283628,1.286386,2.7584,2148.94
Kartierung Versuch 3,5,107,1-2 m,1.612203,1.615286,3.0825,1911.98
Kartierung Versuch 3,5,108,1-2 m,1.936801,1.952484,15.6827,8097.20
Kartierung Versuch 3,5,109,1-2 m,1.370839,1.383428,12.5888,9183.26
Kartierung Versuch 3,5,110,1-2 m,1.821867,1.832313,10.4458,5733.58
Kartierung Versuch 3,5,111,2-3 m,2.401500,2.414172,12.6726,5276.95
Kartierung Versuch 3,5,112,1-2 m,1.860967,1.873478,12.5103,6722.47
Kartierung Versuch 3,5,113,1-2 m,1.261428,1.269690,8.2621,6549.77
Kartierung Versuch 3,5,114,1-2 m,1.741034,1.752626,11.5916,6657.90
Kartierung Versuch 3,5,115,2-3 m,2.340769,2.354725,13.9554,5961.89
Kartierung Versuch 3,5,116,0-1 m,0.933381,0.937375,3.9936,4278.60
Kartierung Versuch 3,5,117,0-1 m,0.669104,0.674612,5.5076,8231.36
Kartierung Versuch 3,5,118,0-1 m,0.885268,0.897225,11.9565,13506.12
Kartierung Versuch 3,5,119,1-2 m,1.317270,1.331418,14.1477,10740.16
Kartierung Versuch 3,5,120,1-2 m,1.422392,1.431824,9.4316,6630.81
Kartierung Versuch 3,5,121,1-2 m,1.261428,1.273548,12.1206,9608.67
Kartierung Versuch 3,5,122,1-2 m,1.370839,1.387018,16.1788,11802.13
Kartierung Versuch 3,5,123,1-2 m,1.699176,1.717120,17.9433,10560.00
Kartierung Versuch 3,5,200,2-3 m,2.231552,2.248452,16.9002,7573.28
Kartierung Versuch 3,5,202,1-2 m,1.931793,1.942298,10.5048,5437.85
Kartierung Versuch 3,5,203,2-3 m,2.347898,2.364720,16.8218,7164.61
Kartierung Versuch 3,6,7,0-1 m,0.678823,0.687269,8.4464,12442.76
Kartierung Versuch 3,6,8,0-1 m,0.480000,0.484181,4.1808,8710.05
Kartierung Versuch 3,6,9,0-1 m,0.758947,0.767155,8.2084,10815.49
Kartierung Versuch 3,6,10,0-1 m,0.339411,0.341602,2.1908,6454.65
Kartierung Versuch 3,6,11,0-1 m,0.339411,0.340567,1.1557,3405.02
Kartierung Versuch 3,6,12,0-1 m,0.758947,0.766988,8.0417,10595.86
Kartierung Versuch 3,6,13,0-1 m,0.720000,0.726171,6.1707,8570.40
Kartierung Versuch 3,6,14,0-1 m,0.240000,0.241894,1.8943,7892.84
Kartierung Versuch 3,6,15,0-1 m,0.865332,0.875890,10.5574,12200.39
Kartierung Versuch 3,6,16,0-1 m,0.536656,0.540275,3.6190,6743.66
Kartierung Versuch 3,6,17,0-1 m,0.536656,0.539098,2.4419,4550.12
Kartierung Versuch 3,6,18,0-1 m,0.240000,0.241299,1.2990,5412.68
Kartierung Versuch 3,6,19,0-1 m,0.865332,0.875758,10.4253,12047.70
Kartierung Versuch 3,6,20,0-1 m,0.720000,0.726738,6.7383,9358.73
Kartierung Versuch 3,6,21,0-1 m,0.758947,0.762647,3.7002,4875.38
Kartierung Versuch 3,6,22,0-1 m,0.339411,0.342345,2.9342,8645.00
Kartierung Versuch 3,6,23,1-2 m,1.018234,1.030309,12.0756,11859.33
Kartierung Versuch 3,6,24,0-1 m,0.758947,0.764718,5.7710,7603.94
Kartierung Versuch 3,6,25,0-1 m,0.989545,0.999280,9.7344,9837.24
Kartierung Versuch 3,6,26,0-1 m,0.536656,0.539702,3.0452,5674.46
Kartierung Versuch 3,6,27,0-1 m,0.960000,0.968261,8.2615,8605.69
Kartierung Versuch 3,6,28,1-2 m,1.073313,1.085484,12.1718,11340.44
Kartierung Versuch 3,6,29,0-1 m,0.480000,0.483428,3.4284,7142.41
Kartierung Versuch 3,6,30,0-1 m,0.678823,0.682669,3.8466,5666.55
Kartierung Versuch 3,6,31,0-1 m,0.989545,0.995233,5.6881,5748.23
Kartierung Versuch 3,6,32,1-2 m,1.200000,1.213674,13.6741,11395.06
Kartierung Versuch 3,6,33,0-1 m,0.536656,0.540744,4.0882,7617.88
Kartierung Versuch 3,6,34,0-1 m,0.865332,0.870342,5.0096,5789.18
Kartierung Versuch 3,6,35,0-1 m,0.989545,0.997096,7.5508,7630.61
Kartierung Versuch 3,6,36,1-2 m,1.459863,1.472681,12.8185,8780.60
Kartierung Versuch 3,6,37,1-2 m,1.459863,1.469126,9.2632,6345.27
Kartierung Versuch 3,6,38,0-1 m,0.989545,0.994682,5.1362,5190.46
Kartierung Versuch 3,6,39,1-2 m,1.275617,1.281448,5.8306,4570.79
Kartierung Versuch 3,6,40,1-2 m,1.025280,1.035875,10.5944,10333.21
Kartierung Versuch 3,6,41,1-2 m,1.667093,1.682245,15.1518,9088.75
Kartierung Versuch 3,6,42,1-2 m,1.484318,1.489365,5.0470,3400.24
Kartierung Versuch 3,6,43,1-2 m,1.578354,1.586513,8.1596,5169.67
Kartierung Versuch 3,6,44,1-2 m,1.578354,1.591693,13.3396,8451.59
Kartierung Versuch 3,6,45,2-3 m,2.054069,2.070784,16.7152,8137.60
Kartierung Versuch 3,6,46,2-3 m,2.054069,2.066841,12.7721,6217.96
Kartierung Versuch 3,6,47,1-2 m,1.771779,1.782659,10.8806,6141.06
Kartierung Versuch 3,6,48,1-2 m,1.601000,1.615160,14.1606,8844.85
Kartierung Versuch 3,6,49,2-3 m,2.206173,2.222484,16.3104,7393.08
Kartierung Versuch 3,6,50,2-3 m,2.071521,2.083668,12.1473,5863.96
Kartierung Versuch 3,6,51,2-3 m,2.650887,2.671841,20.9544,7904.67
Kartierung Versuch 3,6,52,2-3 m,2.173292,2.183624,10.3320,4754.08
Kartierung Versuch 3,6,53,2-3 m,2.497038,2.515108,18.0695,7236.37
Kartierung Versuch 3,6,54,2-3 m,2.254595,2.268509,13.9134,6171.15
Kartierung Versuch 3,6,55,2-3 m,2.036468,2.054468,18.0002,8838.95
Kartierung Versuch 3,6,56,1-2 m,1.730665,1.735824,5.1589,2980.89
Kartierung Versuch 3,6,57,1-2 m,1.730665,1.739158,8.4930,4907.34
Kartierung Versuch 3,6,58,1-2 m,1.357645,1.370068,12.4225,9150.03
Kartierung Versuch 3,6,59,2-3 m,2.123017,2.135279,12.2618,5775.67
Kartierung Versuch 3,6,60,1-2 m,1.831721,1.846534,14.8139,8087.41
Kartierung Versuch 3,6,61,1-2 m,1.459863,1.469212,9.3488,6403.88
Kartierung Versuch 3,6,62,1-2 m,1.609969,1.626783,16.8142,10443.82
Kartierung Versuch 3,6,63,2-3 m,2.054069,2.067675,13.6062,6624.02
Kartierung Versuch 3,6,64,2-3 m,2.163331,2.182102,18.7708,8676.80
Kartierung Versuch 3,6,65,0-1 m,0.989545,0.995908,6.3627,6429.92
Kartierung Versuch 3,6,66,1-2 m,1.200000,1.205685,5.6853,4737.72
Kartierung Versuch 3,6,67,1-2 m,1.578354,1.586810,8.4568,5358.01
Kartierung Versuch 3,6,68,1-2 m,1.718139,1.728010,9.8719,5745.72
Kartierung Versuch 3,6,100,2-3 m,2.080192,2.098485,18.2928,8793.80
Kartierung Versuch 3,6,101,1-2 m,1.821867,1.837413,15.5460,8532.99
Kartierung Versuch 3,6,102,1-2 m,1.741034,1.750867,9.8328,5647.68
Kartierung Versuch 3,6,103,1-2 m,1.860967,1.867864,6.8967,3705.99
Kartierung Versuch 3,6,104,1-2 m,1.612203,1.628653,16.4492,10202.92
Kartierung Versuch 3,6,105,1-2 m,1.283628,1.295732,12.1042,9429.64
Kartierung Versuch 3,6,106,1-2 m,1.145295,1.149929,4.6348,4046.78
Kartierung Versuch 3,6,107,1-2 m,1.317270,1.319042,1.7724,1345.52
Kartierung Versuch 3,6,108,2-3 m,2.401500,2.421655,20.1555,8392.89
Kartierung Versuch 3,6,109,1-2 m,1.821867,1.838729,16.8618,9255.20
Kartierung Versuch 3,6,110,1-2 m,1.370839,1.377737,6.8981,5032.03
Kartierung Versuch 3,6,111,1-2 m,1.936801,1.945470,8.6686,4475.73
Kartierung Versuch 3,6,112,2-3 m,2.340769,2.357603,16.8336,7191.47
Kartierung Versuch 3,6,113,1-2 m,1.741034,1.753624,12.5901,7231.41
Kartierung Versuch 3,6,114,1-2 m,1.261428,1.268601,7.1734,5686.69
Kartierung Versuch 3,6,115,1-2 m,1.860967,1.870530,9.5625,5138.47
Kartierung Versuch 3,6,116,1-2 m,1.317270,1.323221,5.9511,4517.76
Kartierung Versuch 3,6,117,0-1 m,0.885268,0.888257,2.9884,3375.65
Kartierung Versuch 3,6,118,0-1 m,0.669104,0.675770,6.6661,9962.69
Kartierung Versuch 3,6,119,0-1 m,0.933381,0.942848,9.4667,10142.33
Kartierung Versuch 3,6,120,1-2 m,1.699176,1.708693,9.5165,5600.67
Kartierung Versuch 3,6,121,1-2 m,1.370839,1.379836,8.9963,6562.66
Kartierung Versuch 3,6,122,1-2 m,1.261428,1.272991,11.5631,9166.72
Kartierung Versuch 3,6,123,1-2 m,1.422392,1.435996,13.6033,9563.65
Kartierung Versuch 3,6,200,2-3 m,2.600120,2.622424,22.3036,8577.89
Kartierung Versuch 3,6,202,2-3 m,2.347898,2.361558,13.6604,5818.12
Kartierung Versuch 3,6,203,1-2 m,1.931793,1.943816,12.0232,6223.85
Kartierung Versuch 3,7,8,0-1 m,0.480000,0.484160,4.1598,8666.26
Kartierung Versuch 3,7,9,0-1 m,0.339411,0.341544,2.1329,6283.98
Kartierung Versuch 3,7,10,0-1 m,0.758947,0.767019,8.0724,10636.29
Kartierung Versuch 3,7,11,0-1 m,0.758947,0.767281,8.3348,10982.03
Kartierung Versuch 3,7,12,0-1 m,0.339411,0.341382,1.9710,5807.06
Kartierung Versuch 3,7,13,0-1 m,0.536656,0.540397,3.7410,6970.87
Kartierung Versuch 3,7,14,0-1 m,0.865332,0.875125,9.7932,11317.23
Kartierung Versuch 3,7,15,0-1 m,0.240000,0.242231,2.2311,9296.41
Kartierung Versuch 3,7,16,0-1 m,0.720000,0.726306,6.3060,8758.38
Kartierung Versuch 3,7,17,0-1 m,0.720000,0.726472,6.4722,8989.11
Kartierung Versuch 3,7,18,0-1 m,0.865332,0.875490,10.1578,11738.60
Kartierung Versuch 3,7,19,0-1 m,0.240000,0.242173,2.1726,9052.30
Kartierung Versuch 3,7,20,0-1 m,0.536656,0.540106,3.4498,6428.35
Kartierung Versuch 3,7,21,0-1 m,0.758947,0.764072,5.1257,6753.75
Kartierung Versuch 3,7,22,1-2 m,1.018234,1.029613,11.3795,11175.69
Kartierung Versuch 3,7,23,0-1 m,0.339411,0.343040,3.6292,10692.55
Kartierung Versuch 3,7,24,0-1 m,0.758947,0.764230,5.2838,6962.04
Kartierung Versuch 3,7,25,0-1 m,0.536656,0.540107,3.4502,6429.10
Kartierung Versuch 3,7,26,0-1 m,0.989545,0.998676,9.1309,9227.35
Kartierung Versuch 3,7,27,0-1 m,0.678823,0.683189,4.3662,6432.06
Kartierung Versuch 3,7,28,0-1 m,0.480000,0.484057,4.0569,8451.88
Kartierung Versuch 3,7,29,1-2 m,1.073313,1.084329,11.0161,10263.69
Kartierung Versuch 3,7,30,0-1 m,0.960000,0.967734,7.7337,8055.92
Kartierung Versuch 3,7,31,0-1 m,0.865332,0.870142,4.8094,5557.87
Kartierung Versuch 3,7,32,0-1 m,0.536656,0.541810,5.1537,9603.31
Kartierung Versuch 3,7,33,1-2 m,1.200000,1.212293,12.2929,10244.11
Kartierung Versuch 3,7,34,0-1 m,0.989545,0.995980,6.4342,6502.15
Kartierung Versuch 3,7,35,1-2 m,1.459863,1.476600,16.7374,11465.03
Kartierung Versuch 3,7,36,0-1 m,0.989545,0.995648,6.1028,6167.25
Kartierung Versuch 3,7,37,0-1 m,0.989545,0.990279,0.7335,741.24
Kartierung Versuch 3,7,38,1-2 m,1.459863,1.471090,11.2272,7690.60
Kartierung Versuch 3,7,39,1-2 m,1.484318,1.496066,11.7483,7914.93
Kartierung Versuch 3,7,40,1-2 m,1.667093,1.686479,19.3855,11628.35
Kartierung Versuch 3,7,41,1-2 m,1.025280,1.031420,6.1397,5988.35
Kartierung Versuch 3,7,42,1-2 m,1.275617,1.276381,0.7640,598.90
Kartierung Versuch 3,7,43,2-3 m,2.054069,2.068376,14.3069,6965.13
Kartierung Versuch 3,7,44,2-3 m,2.054069,2.075624,21.5549,10493.73
Kartierung Versuch 3,7,45,1-2 m,1.578354,1.588951,10.5973,6714.15
Kartierung Versuch 3,7,46,1-2 m,1.578354,1.582091,3.7369,2367.61
Kartierung Versuch 3,7,47,2-3 m,2.071521,2.088393,16.8718,8144.63
Kartierung Versuch 3,7,48,2-3 m,2.206173,2.228844,22.6709,10276.11
Kartierung Versuch 3,7,49,1-2 m,1.601000,1.608259,7.2595,4534.36
Kartierung Versuch 3,7,50,1-2 m,1.771779,1.777403,5.6240,3174.22
Kartierung Versuch 3,7,51,2-3 m,2.173292,2.188336,15.0433,6921.88
Kartierung Versuch 3,7,52,2-3 m,2.650887,2.667862,16.9756,6403.76
Kartierung Versuch 3,7,53,1-2 m,1.831721,1.841029,9.3081,5081.59
Kartierung Versuch 3,7,54,2-3 m,2.123017,2.133386,10.3689,4884.03
Kartierung Versuch 3,7,55,1-2 m,1.357645,1.367200,9.5554,7038.21
Kartierung Versuch 3,7,56,1-2 m,1.730665,1.735906,5.2418,3028.77
Kartierung Versuch 3,7,57,1-2 m,1.730665,1.741470,10.8058,6243.71
Kartierung Versuch 3,7,58,2-3 m,2.036468,2.057336,20.8687,10247.48
Kartierung Versuch 3,7,59,2-3 m,2.254595,2.270645,16.0494,7118.53
Kartierung Versuch 3,7,60,2-3 m,2.497038,2.520258,23.2202,9299.08
Kartierung Versuch 3,7,61,1-2 m,1.200000,1.205931,5.9312,4942.63
Kartierung Versuch 3,7,62,0-1 m,0.989545,0.998081,8.5358,8625.99
Kartierung Versuch 3,7,63,1-2 m,1.718139,1.727936,9.7974,5702.33
Kartierung Versuch 3,7,64,1-2 m,1.578354,1.589675,11.3216,7173.03
Kartierung Versuch 3,7,65,1-2 m,1.609969,1.624035,14.0663,8737.01
Kartierung Versuch 3,7,66,1-2 m,1.459863,1.468892,9.0288,6184.68
Kartierung Versuch 3,7,67,2-3 m,2.163331,2.179192,15.8608,7331.68
Kartierung Versuch 3,7,68,2-3 m,2.054069,2.068494,14.4245,7022.38
Kartierung Versuch 3,7,100,1-2 m,1.422392,1.431846,9.4537,6646.31
Kartierung Versuch 3,7,101,1-2 m,1.261428,1.267594,6.1663,4888.38
Kartierung Versuch 3,7,102,1-2 m,1.370839,1.372853,2.0140,1469.14
Kartierung Versuch 3,7,103,1-2 m,1.699176,1.702546,3.3696,1983.09
Kartierung Versuch 3,7,104,0-1 m,0.933381,0.941387,8.0058,8577.16
Kartierung Versuch 3,7,105,0-1 m,0.669104,0.671762,2.6581,3972.67
Kartierung Versuch 3,7,106,0-1 m,0.885268,0.884809,-0.4597,-519.24
Kartierung Versuch 3,7,107,1-2 m,1.317270,1.319532,2.2616,1716.90
Kartierung Versuch 3,7,108,1-2 m,1.860967,1.874142,13.1744,7079.33
Kartierung Versuch 3,7,109,1-2 m,1.261428,1.270624,9.1959,7290.06
Kartierung Versuch 3,7,110,1-2 m,1.741034,1.752604,11.5694,6645.14
Kartierung Versuch 3,7,111,2-3 m,2.340769,2.355294,14.5248,6205.12
Kartierung Versuch 3,7,112,1-2 m,1.936801,1.948771,11.9693,6179.94
Kartierung Versuch 3,7,113,1-2 m,1.370839,1.378536,7.6966,5614.53
Kartierung Versuch 3,7,114,1-2 m,1.821867,1.836042,14.1750,7780.48
Kartierung Versuch 3,7,115,2-3 m,2.401500,2.418140,16.6400,6929.01
Kartierung Versuch 3,7,116,1-2 m,1.317270,1.325324,8.0541,6114.23
Kartierung Versuch 3,7,117,1-2 m,1.145295,1.155686,10.3909,9072.69
Kartierung Versuch 3,7,118,1-2 m,1.283628,1.299403,15.7758,12290.03
Kartierung Versuch 3,7,119,1-2 m,1.612203,1.630116,17.9121,11110.30
Kartierung Versuch 3,7,120,1-2 m,1.860967,1.874815,13.8471,7440.81
Kartierung Versuch 3,7,121,1-2 m,1.741034,1.757821,16.7868,9641.83
Kartierung Versuch 3,7,122,1-2 m,1.821867,1.842245,20.3777,11185.05
Kartierung Versuch 3,7,123,2-3 m,2.080192,2.102328,22.1354,10641.02
Kartierung Versuch 3,7,200,1-2 m,1.931793,1.946276,14.4824,7496.86
Kartierung Versuch 3,7,202,2-3 m,2.231552,2.244005,12.4530,5580.44
Kartierung Versuch 3,7,203,2-3 m,2.600120,2.620299,20.1787,7760.67
Kartierung Versuch 3,8,9,0-1 m,0.758947,0.764081,5.1341,6764.73
Kartierung Versuch 3,8,10,0-1 m,0.339411,0.343131,3.7202,10960.61
Kartierung Versuch 3,8,11,0-1 m,0.758947,0.763503,4.5564,6003.54
Kartierung Versuch 3,8,12,0-1 m,0.339411,0.343176,3.7652,11093.45
Kartierung Versuch 3,8,13,0-1 m,0.865332,0.870222,4.8898,5650.82
Kartierung Versuch 3,8,14,0-1 m,0.536656,0.541948,5.2922,9861.37
Kartierung Versuch 3,8,15,0-1 m,0.720000,0.726391,6.3909,8876.27
Kartierung Versuch 3,8,16,0-1 m,0.240000,0.242147,2.1467,8944.70
Kartierung Versuch 3,8,17,0-1 m,0.865332,0.869590,4.2575,4920.02
Kartierung Versuch 3,8,18,0-1 m,0.720000,0.725479,5.4795,7610.39
Kartierung Versuch 3,8,19,0-1 m,0.536656,0.542691,6.0342,11244.10
Kartierung Versuch 3,8,20,0-1 m,0.240000,0.242558,2.5575,10656.39
Kartierung Versuch 3,8,21,1-2 m,1.018234,1.022721,4.4871,4406.75
Kartierung Versuch 3,8,22,0-1 m,0.758947,0.765621,6.6745,8794.43
Kartierung Versuch 3,8,23,0-1 m,0.758947,0.766631,7.6846,10125.34
Kartierung Versuch 3,8,24,0-1 m,0.339411,0.341807,2.3959,7059.00
Kartierung Versuch 3,8,25,0-1 m,0.989545,0.996469,6.9234,6996.53
Kartierung Versuch 3,8,26,0-1 m,0.536656,0.541453,4.7965,8937.69
Kartierung Versuch 3,8,27,1-2 m,1.073313,1.080011,6.6988,6241.27
Kartierung Versuch 3,8,28,0-1 m,0.960000,0.968217,8.2165,8558.87
Kartierung Versuch 3,8,29,0-1 m,0.678823,0.685385,6.5620,9666.77
Kartierung Versuch 3,8,30,0-1 m,0.480000,0.483575,3.5747,7447.38
Kartierung Versuch 3,8,31,1-2 m,1.200000,1.205683,5.6829,4735.73
Kartierung Versuch 3,8,32,0-1 m,0.989545,0.998753,9.2079,9305.18
Kartierung Versuch 3,8,33,0-1 m,0.865332,0.873115,7.7828,8993.98
Kartierung Versuch 3,8,34,0-1 m,0.536656,0.539566,2.9094,5421.32
Kartierung Versuch 3,8,35,1-2 m,1.459863,1.471801,11.9384,8177.75
Kartierung Versuch 3,8,36,1-2 m,1.459863,1.469823,9.9596,6822.27
Kartierung Versuch 3,8,37,0-1 m,0.989545,0.994966,5.4211,5478.38
Kartierung Versuch 3,8,38,0-1 m,0.989545,0.996430,6.8851,6957.81
Kartierung Versuch 3,8,39,1-2 m,1.667093,1.676431,9.3377,5601.17
Kartierung Versuch 3,8,40,1-2 m,1.484318,1.498817,14.4993,9768.36
Kartierung Versuch 3,8,41,1-2 m,1.275617,1.287399,11.7813,9235.78
Kartierung Versuch 3,8,42,1-2 m,1.025280,1.026230,0.9495,926.11
Kartierung Versuch 3,8,43,1-2 m,1.578354,1.588354,10.0000,6335.74
Kartierung Versuch 3,8,44,2-3 m,2.054069,2.071616,17.5465,8542.32
Kartierung Versuch 3,8,45,2-3 m,2.054069,2.068561,14.4921,7055.29
Kartierung Versuch 3,8,46,1-2 m,1.578354,1.587188,8.8347,5597.41
Kartierung Versuch 3,8,47,2-3 m,2.206173,2.220726,14.5530,6596.47
Kartierung Versuch 3,8,48,2-3 m,2.071521,2.089807,18.2856,8827.13
Kartierung Versuch 3,8,49,1-2 m,1.771779,1.784517,12.7381,7189.42
Kartierung Versuch 3,8,50,1-2 m,1.601000,1.608889,7.8891,4927.64
Kartierung Versuch 3,8,51,2-3 m,2.650887,2.669876,18.9894,7163.42
Kartierung Versuch 3,8,52,2-3 m,2.173292,2.186035,12.7428,5863.37
Kartierung Versuch 3,8,53,2-3 m,2.123017,2.137686,14.6694,6909.68
Kartierung Versuch 3,8,54,1-2 m,1.831721,1.841990,10.2694,5606.42
Kartierung Versuch 3,8,55,1-2 m,1.730665,1.745194,14.5298,8395.50
Kartierung Versuch 3,8,56,1-2 m,1.357645,1.360431,2.7858,2051.96
Kartierung Versuch 3,8,57,2-3 m,2.036468,2.047130,10.6627,5235.86
Kartierung Versuch 3,8,58,1-2 m,1.730665,1.747048,16.3836,9466.66
Kartierung Versuch 3,8,59,2-3 m,2.497038,2.512208,15.1698,6075.11
Kartierung Versuch 3,8,60,2-3 m,2.254595,2.273673,19.0777,8461.70
Kartierung Versuch 3,8,61,1-2 m,1.609969,1.618397,8.4278,5234.74
Kartierung Versuch 3,8,62,1-2 m,1.459863,1.472597,12.7344,8723.00
Kartierung Versuch 3,8,63,2-3 m,2.163331,2.176124,12.7928,5913.48
Kartierung Versuch 3,8,64,2-3 m,2.054069,2.069717,15.6481,7618.11
Kartierung Versuch 3,8,65,1-2 m,1.200000,1.209541,9.5414,7951.14
Kartierung Versuch 3,8,66,0-1 m,0.989545,0.994750,5.2044,5259.35
Kartierung Versuch 3,8,67,1-2 m,1.718139,1.729563,11.4240,6649.07
Kartierung Versuch 3,8,68,1-2 m,1.578354,1.588827,10.4730,6635.41
Kartierung Versuch 3,8,100,1-2 m,1.699176,1.714031,14.8548,8742.33
Kartierung Versuch 3,8,101,1-2 m,1.370839,1.382834,11.9952,8750.23
Kartierung Versuch 3,8,102,1-2 m,1.261428,1.267027,5.5992,4438.76
Kartierung Versuch 3,8,103,1-2 m,1.422392,1.425515,3.1222,2195.01
Kartierung Versuch 3,8,104,1-2 m,1.317270,1.330439,13.1695,9997.58
Kartierung Versuch 3,8,105,0-1 m,0.885268,0.894276,9.0075,10174.84
Kartierung Versuch 3,8,106,0-1 m,0.669104,0.669469,0.3652,545.86
Kartierung Versuch 3,8,107,0-1 m,0.933381,0.932667,-0.7140,-764.99
Kartierung Versuch 3,8,108,2-3 m,2.340769,2.358143,17.3739,7422.31
Kartierung Versuch 3,8,109,1-2 m,1.741034,1.754422,13.3881,7689.75
Kartierung Versuch 3,8,110,1-2 m,1.261428,1.268901,7.4737,5924.78
Kartierung Versuch 3,8,111,1-2 m,1.860967,1.871359,10.3914,5583.87
Kartierung Versuch 3,8,112,2-3 m,2.401500,2.416973,15.4732,6443.14
Kartierung Versuch 3,8,113,1-2 m,1.821867,1.832860,10.9927,6033.74
Kartierung Versuch 3,8,114,1-2 m,1.370839,1.380534,9.6945,7071.95
Kartierung Versuch 3,8,115,1-2 m,1.936801,1.949095,12.2935,6347.34
Kartierung Versuch 3,8,116,1-2 m,1.612203,1.619991,7.7875,4830.36
Kartierung Versuch 3,8,117,1-2 m,1.283628,1.290496,6.8687,5350.97
Kartierung Versuch 3,8,118,1-2 m,1.145295,1.155969,10.6740,9319.89
Kartierung Versuch 3,8,119,1-2 m,1.317270,1.330397,13.1268,9965.15
Kartierung Versuch 3,8,120,2-3 m,2.080192,2.092738,12.5455,6030.95
Kartierung Versuch 3,8,121,1-2 m,1.821867,1.835024,13.1571,7221.79
Kartierung Versuch 3,8,122,1-2 m,1.741034,1.756747,15.7131,9025.17
Kartierung Versuch 3,8,123,1-2 m,1.860967,1.878622,17.6549,9486.94
Kartierung Versuch 3,8,200,2-3 m,2.347898,2.367858,19.9595,8501.02
Kartierung Versuch 3,8,202,2-3 m,2.600120,2.614362,14.2420,5477.45
Kartierung Versuch 3,8,203,2-3 m,2.231552,2.246981,15.4285,6913.79
Kartierung Versuch 3,9,10,0-1 m,0.960000,0.968427,8.4269,8778.04
Kartierung Versuch 3,9,11,0-1 m,0.678823,0.687220,8.3978,12371.10
Kartierung Versuch 3,9,12,0-1 m,0.678823,0.682926,4.1034,6044.86
Kartierung Versuch 3,9,13,0-1 m,0.240000,0.242337,2.3374,9739.26
Kartierung Versuch 3,9,14,0-1 m,0.989545,0.999406,9.8611,9965.26
Kartierung Versuch 3,9,15,0-1 m,0.240000,0.242504,2.5039,10433.06
Kartierung Versuch 3,9,16,0-1 m,0.989545,0.996810,7.2644,7341.18
Kartierung Versuch 3,9,17,0-1 m,0.536656,0.543007,6.3510,11834.37
Kartierung Versuch 3,9,18,0-1 m,0.865332,0.875613,10.2810,11880.96
Kartierung Versuch 3,9,19,0-1 m,0.536656,0.540460,3.8035,7087.33
Kartierung Versuch 3,9,20,0-1 m,0.865332,0.870672,5.3394,6170.33
Kartierung Versuch 3,9,21,0-1 m,0.480000,0.484362,4.3622,9087.93
Kartierung Versuch 3,9,22,1-2 m,1.073313,1.084809,11.4959,10710.67
Kartierung Versuch 3,9,23,0-1 m,0.480000,0.484433,4.4335,9236.41
Kartierung Versuch 3,9,24,1-2 m,1.073313,1.080251,6.9379,6464.00
Kartierung Versuch 3,9,25,0-1 m,0.240000,0.241727,1.7275,7197.73
Kartierung Versuch 3,9,26,1-2 m,1.200000,1.209675,9.6750,8062.48
Kartierung Versuch 3,9,27,0-1 m,0.339411,0.341645,2.2335,6580.59
Kartierung Versuch 3,9,28,0-1 m,0.339411,0.343454,4.0431,11912.08
Kartierung Versuch 3,9,29,1-2 m,1.223765,1.235030,11.2652,9205.36
Kartierung Versuch 3,9,30,1-2 m,1.223765,1.232485,8.7205,7125.95
Kartierung Versuch 3,9,31,0-1 m,0.536656,0.539709,3.0526,5688.11
Kartierung Versuch 3,9,32,0-1 m,0.536656,0.542586,5.9301,11050.00
Kartierung Versuch 3,9,33,1-2 m,1.292440,1.304849,12.4096,9601.65
Kartierung Versuch 3,9,34,1-2 m,1.292440,1.300358,7.9183,6126.67
Kartierung Versuch 3,9,35,1-2 m,1.292440,1.309485,17.0453,13188.48
Kartierung Versuch 3,9,36,0-1 m,0.720000,0.724862,4.8619,6752.58
Kartierung Versuch 3,9,37,1-2 m,1.292440,1.294680,2.2401,1733.21
Kartierung Versuch 3,9,38,1-2 m,1.680000,1.692008,12.0083,7147.78
Kartierung Versuch 3,9,39,1-2 m,1.205985,1.217031,11.0456,9159.01
Kartierung Versuch 3,9,40,1-2 m,1.614435,1.633961,19.5259,12094.59
Kartierung Versuch 3,9,41,1-2 m,1.205985,1.212111,6.1255,5079.24
Kartierung Versuch 3,9,42,1-2 m,1.614435,1.617346,2.9112,1803.25
Kartierung Versuch 3,9,43,2-3 m,2.280000,2.295200,15.2000,6666.68
Kartierung Versuch 3,9,44,1-2 m,1.862901,1.884178,21.2775,11421.72
Kartierung Versuch 3,9,45,1-2 m,1.320000,1.329131,9.1311,6917.49
Kartierung Versuch 3,9,46,1-2 m,1.862901,1.867604,4.7029,2524.51
Kartierung Versuch 3,9,47,1-2 m,1.803996,1.819870,15.8745,8799.61
Kartierung Versuch 3,9,48,2-3 m,2.099143,2.121668,22.5248,10730.49
Kartierung Versuch 3,9,49,1-2 m,1.803996,1.811497,7.5018,4158.44
Kartierung Versuch 3,9,50,2-3 m,2.099143,2.106622,7.4795,3563.11
Kartierung Versuch 3,9,51,1-2 m,1.920000,1.933531,13.5309,7047.35
Kartierung Versuch 3,9,52,2-3 m,2.880000,2.897712,17.7125,6150.16
Kartierung Versuch 3,9,53,1-2 m,1.938659,1.947742,9.0831,4685.25
Kartierung Versuch 3,9,54,2-3 m,2.462194,2.474685,12.4907,5073.01
Kartierung Versuch 3,9,55,1-2 m,1.399428,1.408668,9.2391,6602.02
Kartierung Versuch 3,9,56,2-3 m,2.064558,2.071732,7.1739,3474.78
Kartierung Versuch 3,9,57,1-2 m,1.399428,1.408460,9.0316,6453.75
Kartierung Versuch 3,9,58,2-3 m,2.064558,2.085397,20.8388,10093.58
Kartierung Versuch 3,9,59,1-2 m,1.938659,1.953119,14.4601,7458.82
Kartierung Versuch 3,9,60,2-3 m,2.462194,2.485096,22.9023,9301.60
Kartierung Versuch 3,9,61,0-1 m,0.865332,0.869129,3.7971,4387.99
Kartierung Versuch 3,9,62,0-1 m,0.865332,0.874009,8.6763,10026.59
Kartierung Versuch 3,9,63,1-2 m,1.404564,1.412284,7.7200,5496.38
Kartierung Versuch 3,9,64,1-2 m,1.404564,1.415099,10.5353,7500.77
Kartierung Versuch 3,9,65,1-2 m,1.747226,1.761685,14.4591,8275.46
Kartierung Versuch 3,9,66,1-2 m,1.747226,1.757618,10.3921,5947.77
Kartierung Versuch 3,9,67,2-3 m,2.329979,2.346360,16.3812,7030.63
Kartierung Versuch 3,9,68,2-3 m,2.329979,2.345678,15.6994,6737.99
Kartierung Versuch 3,9,100,1-2 m,1.557691,1.566959,9.2680,5949.85
Kartierung Versuch 3,9,101,1-2 m,1.510761,1.517330,6.5691,4348.20
Kartierung Versuch 3,9,102,1-2 m,1.690680,1.694374,3.6938,2184.78
Kartierung Versuch 3,9,103,2-3 m,2.038235,2.043743,5.5081,2702.40
Kartierung Versuch 3,9,104,0-1 m,0.993177,1.000499,7.3218,7372.14
Kartierung Versuch 3,9,105,0-1 m,0.909340,0.912269,2.9282,3220.11
Kartierung Versuch 3,9,106,1-2 m,1.224296,1.225991,1.6948,1384.34
Kartierung Versuch 3,9,107,1-2 m,1.647544,1.651564,4.0206,2440.39
Kartierung Versuch 3,9,108,1-2 m,1.647544,1.659690,12.1462,7372.28
Kartierung Versuch 3,9,109,1-2 m,1.063203,1.071869,8.6661,8150.96
Kartierung Versuch 3,9,110,2-3 m,2.002598,2.015367,12.7686,6376.01
Kartierung Versuch 3,9,111,2-3 m,2.597383,2.612849,15.4654,5954.22
Kartierung Versuch 3,9,112,1-2 m,1.647544,1.657669,10.1254,6145.73
Kartierung Versuch 3,9,113,1-2 m,1.063203,1.069020,5.8172,5471.43
Kartierung Versuch 3,9,114,2-3 m,2.002598,2.017427,14.8289,7404.82
Kartierung Versuch 3,9,115,2-3 m,2.597383,2.614636,17.2526,6642.30
Kartierung Versuch 3,9,116,0-1 m,0.993177,0.999648,6.4716,6516.09
Kartierung Versuch 3,9,117,0-1 m,0.909340,0.919852,10.5114,11559.32
Kartierung Versuch 3,9,118,1-2 m,1.224296,1.240353,16.0574,13115.64
Kartierung Versuch 3,9,119,1-2 m,1.647544,1.665618,18.0744,10970.54
Kartierung Versuch 3,9,120,1-2 m,1.557691,1.570182,12.4912,8019.05
Kartierung Versuch 3,9,121,1-2 m,1.510761,1.527250,16.4883,10913.87
Kartierung Versuch 3,9,122,1-2 m,1.690680,1.711123,20.4426,12091.32
Kartierung Versuch 3,9,123,2-3 m,2.038235,2.060258,22.0234,10805.15
Kartierung Versuch 3,9,200,1-2 m,1.892254,1.905134,12.8800,6806.71
Kartierung Versuch 3,9,202,1-2 m,1.892254,1.902571,10.3172,5452.35
Kartierung Versuch 3,9,203,2-3 m,2.672494,2.693108,20.6134,7713.18
Kartierung Versuch 3,10,11,0-1 m,0.678823,0.682169,3.3464,4929.78
Kartierung Versuch 3,10,12,0-1 m,0.678823,0.686307,7.4849,11026.31
Kartierung Versuch 3,10,13,0-1 m,0.989545,0.996684,7.1387,7214.08
Kartierung Versuch 3,10,14,0-1 m,0.240000,0.241798,1.7983,7492.82
Kartierung Versuch 3,10,15,0-1 m,0.989545,0.999820,10.2747,10383.26
Kartierung Versuch 3,10,16,0-1 m,0.240000,0.241965,1.9650,8187.50
Kartierung Versuch 3,10,17,0-1 m,0.865332,0.869718,4.3855,5068.01
Kartierung Versuch 3,10,18,0-1 m,0.536656,0.539418,2.7612,5145.18
Kartierung Versuch 3,10,19,0-1 m,0.865332,0.875244,9.9119,11454.39
Kartierung Versuch 3,10,20,0-1 m,0.536656,0.542613,5.9566,11099.54
Kartierung Versuch 3,10,21,1-2 m,1.073313,1.078733,5.4206,5050.31
Kartierung Versuch 3,10,22,0-1 m,0.480000,0.483216,3.2163,6700.61
Kartierung Versuch 3,10,23,1-2 m,1.073313,1.084918,11.6050,10812.34
Kartierung Versuch 3,10,24,0-1 m,0.480000,0.484332,4.3316,9024.16
Kartierung Versuch 3,10,25,1-2 m,1.200000,1.210154,10.1539,8461.56
Kartierung Versuch 3,10,26,0-1 m,0.240000,0.241249,1.2487,5202.79
Kartierung Versuch 3,10,27,1-2 m,1.223765,1.232991,9.2265,7539.41
Kartierung Versuch 3,10,28,1-2 m,1.223765,1.235789,12.0242,9825.58
Kartierung Versuch 3,10,29,0-1 m,0.339411,0.342253,2.8419,8373.00
Kartierung Versuch 3,10,30,0-1 m,0.339411,0.341067,1.6559,4878.68
Kartierung Versuch 3,10,31,1-2 m,1.292440,1.299671,7.2311,5594.91
Kartierung Versuch 3,10,32,1-2 m,1.292440,1.305614,13.1747,10193.69
Kartierung Versuch 3,10,33,0-1 m,0.536656,0.540808,4.1516,7736.02
Kartierung Versuch 3,10,34,0-1 m,0.536656,0.539684,3.0276,5641.66
Kartierung Versuch 3,10,35,1-2 m,1.292440,1.301140,8.7003,6731.66
Kartierung Versuch 3,10,36,1-2 m,1.680000,1.693289,13.2886,7909.90
Kartierung Versuch 3,10,37,1-2 m,1.292440,1.301975,9.5350,7377.49
Kartierung Versuch 3,10,38,0-1 m,0.720000,0.723583,3.5828,4976.14
Kartierung Versuch 3,10,39,1-2 m,1.614435,1.622412,7.9769,4940.99
Kartierung Versuch 3,10,40,1-2 m,1.205985,1.216836,10.8510,8997.65
Kartierung Versuch 3,10,41,1-2 m,1.614435,1.629972,15.5367,9623.62
Kartierung Versuch 3,10,42,1-2 m,1.205985,1.209960,3.9752,3296.20
Kartierung Versuch 3,10,43,1-2 m,1.320000,1.326775,6.7747,5132.37
Kartierung Versuch 3,10,44,1-2 m,1.862901,1.877483,14.5823,7827.75
Kartierung Versuch 3,10,45,2-3 m,2.280000,2.297556,17.5560,7700.02
Kartierung Versuch 3,10,46,1-2 m,1.862901,1.875911,13.0104,6983.96
Kartierung Versuch 3,10,47,2-3 m,2.099143,2.112012,12.8698,6130.97
Kartierung Versuch 3,10,48,1-2 m,1.803996,1.818925,14.9298,8275.98
Kartierung Versuch 3,10,49,2-3 m,2.099143,2.115762,16.6192,7917.14
Kartierung Versuch 3,10,50,1-2 m,1.803996,1.815276,11.2805,6253.06
Kartierung Versuch 3,10,51,2-3 m,2.880000,2.901955,21.9548,7623.21
Kartierung Versuch 3,10,52,1-2 m,1.920000,1.929286,9.2859,4836.41
Kartierung Versuch 3,10,53,2-3 m,2.462194,2.480602,18.4083,7476.39
Kartierung Versuch 3,10,54,1-2 m,1.938659,1.950834,12.1750,6280.12
Kartierung Versuch 3,10,55,2-3 m,2.064558,2.082755,18.1971,8814.05
Kartierung Versuch 3,10,56,1-2 m,1.399428,1.402477,3.0482,2178.20
Kartierung Versuch 3,10,57,2-3 m,2.064558,2.075231,10.6729,5169.58
Kartierung Versuch 3,10,58,1-2 m,1.399428,1.412166,12.7373,9101.77
Kartierung Versuch 3,10,59,2-3 m,2.462194,2.476636,14.4417,5865.40
Kartierung Versuch 3,10,60,1-2 m,1.938659,1.954294,15.6347,8064.72
Kartierung Versuch 3,10,61,1-2 m,1.747226,1.757890,10.6633,6103.00
Kartierung Versuch 3,10,62,1-2 m,1.747226,1.763825,16.5990,9500.19
Kartierung Versuch 3,10,63,2-3 m,2.329979,2.345016,15.0379,6454.10
Kartierung Versuch 3,10,64,2-3 m,2.329979,2.349129,19.1502,8219.03
Kartierung Versuch 3,10,65,0-1 m,0.865332,0.871158,5.8261,6732.79
Kartierung Versuch 3,10,66,0-1 m,0.865332,0.868850,3.5179,4065.33
Kartierung Versuch 3,10,67,1-2 m,1.404564,1.412329,7.7650,5528.40
Kartierung Versuch 3,10,68,1-2 m,1.404564,1.412583,8.0186,5708.98
Kartierung Versuch 3,10,100,2-3 m,2.038235,2.056831,18.5961,9123.66
Kartierung Versuch 3,10,101,1-2 m,1.690680,1.706688,16.0076,9468.11
Kartierung Versuch 3,10,102,1-2 m,1.510761,1.520413,9.6518,6388.68
Kartierung Versuch 3,10,103,1-2 m,1.557691,1.563042,5.3513,3435.39
Kartierung Versuch 3,10,104,1-2 m,1.647544,1.664336,16.7921,10192.20
Kartierung Versuch 3,10,105,1-2 m,1.224296,1.237069,12.7734,10433.29
Kartierung Versuch 3,10,106,0-1 m,0.909340,0.913610,4.2698,4695.51
Kartierung Versuch 3,10,107,0-1 m,0.993177,0.992966,-0.2110,-212.43
Kartierung Versuch 3,10,108,2-3 m,2.597383,2.618117,20.7337,7982.55
Kartierung Versuch 3,10,109,2-3 m,2.002598,2.019628,17.0294,8503.65
Kartierung Versuch 3,10,110,1-2 m,1.063203,1.068172,4.9697,4674.26
Kartierung Versuch 3,10,111,1-2 m,1.647544,1.654783,7.2395,4394.14
Kartierung Versuch 3,10,112,2-3 m,2.597383,2.615458,18.0750,6958.93
Kartierung Versuch 3,10,113,2-3 m,2.002598,2.016271,13.6731,6827.70
Kartierung Versuch 3,10,114,1-2 m,1.063203,1.069349,6.1464,5781.03
Kartierung Versuch 3,10,115,1-2 m,1.647544,1.656257,8.7130,5288.48
Kartierung Versuch 3,10,116,1-2 m,1.647544,1.655598,8.0547,4888.92
Kartierung Versuch 3,10,117,1-2 m,1.224296,1.229424,5.1285,4188.94
Kartierung Versuch 3,10,118,0-1 m,0.909340,0.916386,7.0455,7747.96
Kartierung Versuch 3,10,119,0-1 m,0.993177,1.002584,9.4075,9472.15
Kartierung Versuch 3,10,120,2-3 m,2.038235,2.049927,11.6921,5736.41
Kartierung Versuch 3,10,121,1-2 m,1.690680,1.701354,10.6733,6313.02
Kartierung Versuch 3,10,122,1-2 m,1.510761,1.523073,12.3114,8149.12
Kartierung Versuch 3,10,123,1-2 m,1.557691,1.571823,14.1322,9072.52
Kartierung Versuch 3,10,200,2-3 m,2.672494,2.695839,23.3453,8735.41
Kartierung Versuch 3,10,202,2-3 m,2.672494,2.688050,15.5558,5820.72
Kartierung Versuch 3,10,203,1-2 m,1.892254,1.903965,11.7107,6188.75
Kartierung Versuch 3,11,12,0-1 m,0.960000,0.968080,8.0805,8417.14
Kartierung Versuch 3,11,13,0-1 m,0.536656,0.542927,6.2707,11684.73
Kartierung Versuch 3,11,14,0-1 m,0.536656,0.539409,2.7522,5128.40
Kartierung Versuch 3,11,15,0-1 m,0.865332,0.875992,10.6594,12318.31
Kartierung Versuch 3,11,16,0-1 m,0.865332,0.869935,4.6025,5318.79
Kartierung Versuch 3,11,17,0-1 m,0.240000,0.241871,1.8713,7797.17
Kartierung Versuch 3,11,18,0-1 m,0.240000,0.242047,2.0474,8530.99
Kartierung Versuch 3,11,19,0-1 m,0.989545,0.999890,10.3444,10453.73
Kartierung Versuch 3,11,20,0-1 m,0.989545,0.996619,7.0735,7148.19
Kartierung Versuch 3,11,21,0-1 m,0.480000,0.483246,3.2455,6761.47
Kartierung Versuch 3,11,22,0-1 m,0.480000,0.483462,3.4623,7213.17
Kartierung Versuch 3,11,23,1-2 m,1.073313,1.085464,12.1513,11321.33
Kartierung Versuch 3,11,24,1-2 m,1.073313,1.079868,6.5555,6107.74
Kartierung Versuch 3,11,25,0-1 m,0.865332,0.875209,9.8771,11414.24
Kartierung Versuch 3,11,26,0-1 m,0.865332,0.869512,4.1794,4829.76
Kartierung Versuch 3,11,27,0-1 m,0.758947,0.767183,8.2362,10852.20
Kartierung Versuch 3,11,28,1-2 m,1.018234,1.030674,12.4405,12217.76
Kartierung Versuch 3,11,29,0-1 m,0.758947,0.763149,4.2021,5536.77
Kartierung Versuch 3,11,30,1-2 m,1.018234,1.023236,5.0021,4912.56
Kartierung Versuch 3,11,31,0-1 m,0.720000,0.725287,5.2874,7343.67
Kartierung Versuch 3,11,32,1-2 m,1.200000,1.214026,14.0255,11687.95
Kartierung Versuch 3,11,33,0-1 m,0.720000,0.724496,4.4962,6244.76
Kartierung Versuch 3,11,34,1-2 m,1.200000,1.206053,6.0531,5044.25
Kartierung Versuch 3,11,35,0-1 m,0.720000,0.728090,8.0900,11236.08
Kartierung Versuch 3,11,36,1-2 m,1.292440,1.305468,13.0286,10080.60
Kartierung Versuch 3,11,37,1-2 m,1.680000,1.688757,8.7567,5212.29
Kartierung Versuch 3,11,38,1-2 m,1.292440,1.298598,6.1586,4765.12
Kartierung Versuch 3,11,39,0-1 m,0.937230,0.942000,4.7695,5088.98
Kartierung Versuch 3,11,40,0-1 m,0.937230,0.948353,11.1235,11868.46
Kartierung Versuch 3,11,41,1-2 m,1.783928,1.798373,14.4448,8097.18
Kartierung Versuch 3,11,42,1-2 m,1.783928,1.789441,5.5129,3090.33
Kartierung Versuch 3,11,43,1-2 m,1.862901,1.871945,9.0438,4854.66
Kartierung Versuch 3,11,44,1-2 m,1.320000,1.333338,13.3384,10104.85
Kartierung Versuch 3,11,45,1-2 m,1.862901,1.879392,16.4909,8852.29
Kartierung Versuch 3,11,46,2-3 m,2.280000,2.292143,12.1434,5326.04
Kartierung Versuch 3,11,47,1-2 m,1.449966,1.460000,10.0340,6920.17
Kartierung Versuch 3,11,48,1-2 m,1.449966,1.464263,14.2977,9860.73
Kartierung Versuch 3,11,49,2-3 m,2.357626,2.373268,15.6421,6634.68
Kartierung Versuch 3,11,50,2-3 m,2.357626,2.369963,12.3374,5232.97
Kartierung Versuch 3,11,51,2-3 m,2.447529,2.468076,20.5466,8394.85
Kartierung Versuch 3,11,52,2-3 m,2.447529,2.458468,10.9390,4469.39
Kartierung Versuch 3,11,53,2-3 m,2.576509,2.593996,17.4866,6786.95
Kartierung Versuch 3,11,54,2-3 m,2.576509,2.591220,14.7103,5709.38
Kartierung Versuch 3,11,55,2-3 m,2.064558,2.082198,17.6395,8543.98
Kartierung Versuch 3,11,56,2-3 m,2.064558,2.070803,6.2447,3024.73
Kartierung Versuch 3,11,57,1-2 m,1.399428,1.406701,7.2726,5196.84
Kartierung Versuch 3,11,58,1-2 m,1.399428,1.411830,12.4011,8861.57
Kartierung Versuch 3,11,59,1-2 m,1.783928,1.795059,11.1312,6239.70
Kartierung Versuch 3,11,60,1-2 m,1.783928,1.798471,14.5430,8152.22
Kartierung Versuch 3,11,61,1-2 m,1.200000,1.209027,9.0268,7522.34
Kartierung Versuch 3,11,62,1-2 m,1.536750,1.553961,17.2108,11199.51
Kartierung Versuch 3,11,63,1-2 m,1.800000,1.812983,12.9828,7212.65
Kartierung Versuch 3,11,64,2-3 m,2.040000,2.058749,18.7487,9190.56
Kartierung Versuch 3,11,65,1-2 m,1.200000,1.206962,6.9620,5801.69
Kartierung Versuch 3,11,66,1-2 m,1.536750,1.543612,6.8621,4465.34
Kartierung Versuch 3,11,67,1-2 m,1.800000,1.809029,9.0287,5015.93
Kartierung Versuch 3,11,68,2-3 m,2.040000,2.050914,10.9136,5349.82
Kartierung Versuch 3,11,100,2-3 m,2.174948,2.192621,17.6730,8125.70
Kartierung Versuch 3,11,101,2-3 m,2.002598,2.017317,14.7184,7349.64
Kartierung Versuch 3,11,102,2-3 m,2.002598,2.012189,9.5909,4789.23
Kartierung Versuch 3,11,103,2-3 m,2.174948,2.182553,7.6045,3496.41
Kartierung Versuch 3,11,104,1-2 m,1.647544,1.663413,15.8691,9631.98
Kartierung Versuch 3,11,105,1-2 m,1.423692,1.434856,11.1634,7841.18
Kartierung Versuch 3,11,106,1-2 m,1.423692,1.428462,4.7693,3349.96
Kartierung Versuch 3,11,107,1-2 m,1.647544,1.650348,2.8043,1702.13
Kartierung Versuch 3,11,108,2-3 m,2.240179,2.260238,20.0592,8954.29
Kartierung Versuch 3,11,109,1-2 m,1.690680,1.707819,17.1390,10137.32
Kartierung Versuch 3,11,110,1-2 m,1.690680,1.698703,8.0225,4745.12
Kartierung Versuch 3,11,111,2-3 m,2.240179,2.249663,9.4843,4233.74
Kartierung Versuch 3,11,112,2-3 m,2.107700,2.124012,16.3115,7739.00
Kartierung Versuch 3,11,113,1-2 m,1.510761,1.523096,12.3349,8164.69
Kartierung Versuch 3,11,114,1-2 m,1.510761,1.518727,7.9656,5272.56
Kartierung Versuch 3,11,115,2-3 m,2.107700,2.117838,10.1378,4809.88
Kartierung Versuch 3,11,116,0-1 m,0.993177,0.997993,4.8164,4849.52
Kartierung Versuch 3,11,117,0-1 m,0.546717,0.548683,1.9660,3595.95
Kartierung Versuch 3,11,118,0-1 m,0.546717,0.554350,7.6326,13960.80
Kartierung Versuch 3,11,119,0-1 m,0.993177,1.002923,9.7465,9813.49
Kartierung Versuch 3,11,120,1-2 m,1.360294,1.368690,8.3962,6172.37
Kartierung Versuch 3,11,121,1-2 m,1.063203,1.071844,8.6416,8127.91
Kartierung Versuch 3,11,122,1-2 m,1.063203,1.075238,12.0349,11319.46
Kartierung Versuch 3,11,123,1-2 m,1.360294,1.373946,13.6522,10036.20
Kartierung Versuch 3,11,200,2-3 m,2.570880,2.592101,21.2204,8254.15
Kartierung Versuch 3,11,202,2-3 m,2.028158,2.040903,12.7449,6283.97
Kartierung Versuch 3,11,203,2-3 m,2.028158,2.040709,12.5506,6188.19
Kartierung Versuch 3,12,13,0-1 m,0.865332,0.870684,5.3513,6184.09
Kartierung Versuch 3,12,14,0-1 m,0.865332,0.874520,9.1876,10617.46
Kartierung Versuch 3,12,15,0-1 m,0.536656,0.540325,3.6685,6835.92
Kartierung Versuch 3,12,16,0-1 m,0.536656,0.542187,5.5308,10305.97
Kartierung Versuch 3,12,17,0-1 m,0.989545,0.996438,6.8928,6965.65
Kartierung Versuch 3,12,18,0-1 m,0.989545,0.999032,9.4866,9586.85
Kartierung Versuch 3,12,19,0-1 m,0.240000,0.242314,2.3139,9641.11
Kartierung Versuch 3,12,20,0-1 m,0.240000,0.241769,1.7687,7369.78
Kartierung Versuch 3,12,21,1-2 m,1.073313,1.079556,6.2431,5816.68
Kartierung Versuch 3,12,22,1-2 m,1.073313,1.083967,10.6540,9926.27
Kartierung Versuch 3,12,23,0-1 m,0.480000,0.484157,4.1567,8659.87
Kartierung Versuch 3,12,24,0-1 m,0.480000,0.483771,3.7714,7857.01
Kartierung Versuch 3,12,25,0-1 m,0.865332,0.870800,5.4677,6318.60
Kartierung Versuch 3,12,26,0-1 m,0.865332,0.873737,8.4045,9712.43
Kartierung Versuch 3,12,27,1-2 m,1.018234,1.024570,6.3362,6222.75
Kartierung Versuch 3,12,28,0-1 m,0.758947,0.764383,5.4360,7162.54
Kartierung Versuch 3,12,29,1-2 m,1.018234,1.028561,10.3267,10141.83
Kartierung Versuch 3,12,30,0-1 m,0.758947,0.765729,6.7826,8936.89
Kartierung Versuch 3,12,31,1-2 m,1.200000,1.206505,6.5048,5420.70
Kartierung Versuch 3,12,32,0-1 m,0.720000,0.725713,5.7126,7934.18
Kartierung Versuch 3,12,33,1-2 m,1.200000,1.211632,11.6321,9693.43
Kartierung Versuch 3,12,34,0-1 m,0.720000,0.725043,5.0429,7003.96
Kartierung Versuch 3,12,35,1-2 m,1.680000,1.696166,16.1664,9622.88
Kartierung Versuch 3,12,36,1-2 m,1.292440,1.300356,7.9160,6124.89
Kartierung Versuch 3,12,37,0-1 m,0.720000,0.720680,0.6797,943.98
Kartierung Versuch 3,12,38,1-2 m,1.292440,1.302659,10.2193,7906.96
Kartierung Versuch 3,12,39,1-2 m,1.783928,1.796338,12.4100,6956.53
Kartierung Versuch 3,12,40,1-2 m,1.783928,1.802526,18.5980,10425.33
Kartierung Versuch 3,12,41,0-1 m,0.937230,0.945116,7.8860,8414.17
Kartierung Versuch 3,12,42,0-1 m,0.937230,0.936072,-1.1582,-1235.80
Kartierung Versuch 3,12,43,1-2 m,1.862901,1.876029,13.1284,7047.29
Kartierung Versuch 3,12,44,2-3 m,2.280000,2.301419,21.4186,9394.13
Kartierung Versuch 3,12,45,1-2 m,1.862901,1.875416,12.5154,6718.21
Kartierung Versuch 3,12,46,1-2 m,1.320000,1.324068,4.0678,3081.63
Kartierung Versuch 3,12,47,2-3 m,2.357626,2.375206,17.5800,7456.67
Kartierung Versuch 3,12,48,2-3 m,2.357626,2.379857,22.2311,9429.44
Kartierung Versuch 3,12,49,1-2 m,1.449966,1.458450,8.4849,5851.80
Kartierung Versuch 3,12,50,1-2 m,1.449966,1.454310,4.3441,2996.03
Kartierung Versuch 3,12,51,2-3 m,2.447529,2.464520,16.9906,6941.92
Kartierung Versuch 3,12,52,2-3 m,2.447529,2.463490,15.9602,6520.94
Kartierung Versuch 3,12,53,1-2 m,1.783928,1.794771,10.8424,6077.84
Kartierung Versuch 3,12,54,1-2 m,1.783928,1.792380,8.4520,4737.86
Kartierung Versuch 3,12,55,1-2 m,1.399428,1.410482,11.0531,7898.32
Kartierung Versuch 3,12,56,1-2 m,1.399428,1.402810,3.3820,2416.69
Kartierung Versuch 3,12,57,2-3 m,2.064558,2.076963,12.4046,6008.38
Kartierung Versuch 3,12,58,2-3 m,2.064558,2.084794,20.2359,9801.54
Kartierung Versuch 3,12,59,2-3 m,2.576509,2.593890,17.3812,6746.02
Kartierung Versuch 3,12,60,2-3 m,2.576509,2.599399,22.8900,8884.11
Kartierung Versuch 3,12,61,1-2 m,1.536750,1.544741,7.9913,5200.11
Kartierung Versuch 3,12,62,1-2 m,1.200000,1.209466,9.4659,7888.28
Kartierung Versuch 3,12,63,2-3 m,2.040000,2.051969,11.9688,5867.08
Kartierung Versuch 3,12,64,1-2 m,1.800000,1.812876,12.8762,7153.45
Kartierung Versuch 3,12,65,1-2 m,1.536750,1.549967,13.2176,8601.02
Kartierung Versuch 3,12,66,1-2 m,1.200000,1.207604,7.6042,6336.80
Kartierung Versuch 3,12,67,2-3 m,2.040000,2.054939,14.9391,7323.07
Kartierung Versuch 3,12,68,1-2 m,1.800000,1.812965,12.9646,7202.54
Kartierung Versuch 3,12,100,1-2 m,1.360294,1.371304,11.0100,8093.83
Kartierung Versuch 3,12,101,1-2 m,1.063203,1.070626,7.4233,6982.01
Kartierung Versuch 3,12,102,1-2 m,1.063203,1.064406,1.2029,1131.38
Kartierung Versuch 3,12,103,1-2 m,1.360294,1.361734,1.4401,1058.69
Kartierung Versuch 3,12,104,0-1 m,0.993177,1.003037,9.8606,9928.36
Kartierung Versuch 3,12,105,0-1 m,0.546717,0.551790,5.0724,9277.96
Kartierung Versuch 3,12,106,0-1 m,0.546717,0.544313,-2.4045,-4398.15
Kartierung Versuch 3,12,107,0-1 m,0.993177,0.993847,0.6699,674.46
Kartierung Versuch 3,12,108,2-3 m,2.107700,2.122536,14.8362,7039.03
Kartierung Versuch 3,12,109,1-2 m,1.510761,1.521333,10.5717,6997.60
Kartierung Versuch 3,12,110,1-2 m,1.510761,1.520945,10.1836,6740.69
Kartierung Versuch 3,12,111,2-3 m,2.107700,2.121096,13.3955,6355.50
Kartierung Versuch 3,12,112,2-3 m,2.240179,2.254252,14.0737,6282.41
Kartierung Versuch 3,12,113,1-2 m,1.690680,1.700440,9.7596,5772.56
Kartierung Versuch 3,12,114,1-2 m,1.690680,1.703826,13.1452,7775.10
Kartierung Versuch 3,12,115,2-3 m,2.240179,2.255855,15.6760,6997.66
Kartierung Versuch 3,12,116,1-2 m,1.647544,1.657078,9.5343,5786.99
Kartierung Versuch 3,12,117,1-2 m,1.423692,1.434169,10.4765,7358.67
Kartierung Versuch 3,12,118,1-2 m,1.423692,1.438595,14.9023,10467.36
Kartierung Versuch 3,12,119,1-2 m,1.647544,1.664608,17.0640,10357.23
Kartierung Versuch 3,12,120,2-3 m,2.174948,2.189935,14.9871,6890.77
Kartierung Versuch 3,12,121,2-3 m,2.002598,2.019473,16.8751,8426.62
Kartierung Versuch 3,12,122,2-3 m,2.002598,2.022414,19.8154,9894.83
Kartierung Versuch 3,12,123,2-3 m,2.174948,2.196529,21.5810,9922.55
Kartierung Versuch 3,12,200,2-3 m,2.028158,2.045111,16.9529,8358.75
Kartierung Versuch 3,12,202,2-3 m,2.570880,2.585322,14.4413,5617.27
Kartierung Versuch 3,12,203,2-3 m,2.570880,2.590054,19.1742,7458.23
Kartierung Versuch 3,13,14,0-1 m,0.960000,0.968064,8.0641,8400.10
Kartierung Versuch 3,13,15,0-1 m,0.480000,0.484841,4.8413,10086.13
Kartierung Versuch 3,13,16,1-2 m,1.073313,1.080015,6.7023,6244.54
Kartierung Versuch 3,13,17,0-1 m,0.339411,0.343702,4.2907,12641.50
Kartierung Versuch 3,13,18,0-1 m,0.758947,0.767166,8.2197,10830.44
Kartierung Versuch 3,13,19,0-1 m,0.758947,0.764754,5.8071,7651.57
Kartierung Versuch 3,13,20,1-2 m,1.018234,1.024255,6.0210,5913.18
Kartierung Versuch 3,13,21,0-1 m,0.240000,0.242026,2.0264,8443.19
Kartierung Versuch 3,13,22,0-1 m,0.989545,0.999067,9.5218,9622.40
Kartierung Versuch 3,13,23,0-1 m,0.720000,0.726771,6.7706,9403.58
Kartierung Versuch 3,13,24,1-2 m,1.200000,1.207151,7.1507,5958.89
Kartierung Versuch 3,13,25,0-1 m,0.339411,0.343061,3.6499,10753.50
Kartierung Versuch 3,13,26,1-2 m,1.223765,1.232209,8.4443,6900.25
Kartierung Versuch 3,13,27,0-1 m,0.240000,0.242091,2.0911,8712.78
Kartierung Versuch 3,13,28,0-1 m,0.536656,0.543094,6.4379,11996.25
Kartierung Versuch 3,13,29,1-2 m,1.200000,1.209598,9.5978,7998.19
Kartierung Versuch 3,13,30,1-2 m,1.292440,1.300464,8.0247,6208.97
Kartierung Versuch 3,13,31,0-1 m,0.339411,0.340454,1.0430,3073.09
Kartierung Versuch 3,13,32,0-1 m,0.758947,0.767360,8.4134,11085.64
Kartierung Versuch 3,13,33,1-2 m,1.223765,1.234262,10.4970,8577.65
Kartierung Versuch 3,13,34,1-2 m,1.399428,1.407240,7.8112,5581.70
Kartierung Versuch 3,13,35,1-2 m,1.073313,1.088285,14.9723,13949.66
Kartierung Versuch 3,13,36,0-1 m,0.758947,0.765666,6.7198,8854.11
Kartierung Versuch 3,13,37,1-2 m,1.517893,1.522232,4.3389,2858.48
Kartierung Versuch 3,13,38,1-2 m,1.697056,1.707912,10.8557,6396.79
Kartierung Versuch 3,13,39,0-1 m,0.967471,0.976126,8.6551,8946.11
Kartierung Versuch 3,13,40,1-2 m,1.444991,1.462372,17.3811,12028.53
Kartierung Versuch 3,13,41,1-2 m,1.444991,1.453443,8.4521,5849.21
Kartierung Versuch 3,13,42,1-2 m,1.800000,1.804147,4.1470,2303.90
Kartierung Versuch 3,13,43,2-3 m,2.292597,2.306650,14.0532,6129.83
Kartierung Versuch 3,13,44,1-2 m,1.632176,1.651179,19.0022,11642.26
Kartierung Versuch 3,13,45,1-2 m,1.341641,1.352037,10.3962,7748.91
Kartierung Versuch 3,13,46,2-3 m,2.095710,2.102709,6.9990,3339.69
Kartierung Versuch 3,13,47,1-2 m,1.564609,1.578153,13.5448,8657.01
Kartierung Versuch 3,13,48,1-2 m,1.897367,1.917632,20.2658,10681.01
Kartierung Versuch 3,13,49,2-3 m,2.043526,2.053362,9.8357,4813.08
Kartierung Versuch 3,13,50,2-3 m,2.308246,2.317615,9.3692,4059.02
Kartierung Versuch 3,13,51,1-2 m,1.934942,1.949565,14.6230,7557.33
Kartierung Versuch 3,13,52,2-3 m,2.889983,2.906352,16.3694,5664.17
Kartierung Versuch 3,13,53,2-3 m,2.163331,2.174681,11.3504,5246.72
Kartierung Versuch 3,13,54,2-3 m,2.642726,2.656572,13.8464,5239.44
Kartierung Versuch 3,13,55,1-2 m,1.609969,1.621456,11.4872,7135.06
Kartierung Versuch 3,13,56,2-3 m,2.212691,2.220278,7.5877,3429.16
Kartierung Versuch 3,13,57,1-2 m,1.200000,1.206954,6.9538,5794.86
Kartierung Versuch 3,13,58,1-2 m,1.934942,1.953599,18.6570,9642.15
Kartierung Versuch 3,13,59,1-2 m,1.718139,1.730464,12.3251,7173.54
Kartierung Versuch 3,13,60,2-3 m,2.292597,2.313152,20.5552,8965.89
Kartierung Versuch 3,13,61,0-1 m,0.758947,0.762528,3.5810,4718.32
Kartierung Versuch 3,13,62,1-2 m,1.018234,1.029410,11.1762,10976.09
Kartierung Versuch 3,13,63,1-2 m,1.341641,1.349446,7.8049,5817.42
Kartierung Versuch 3,13,64,1-2 m,1.503596,1.516073,12.4772,8298.27
Kartierung Versuch 3,13,65,1-2 m,1.697056,1.709834,12.7773,7529.11
Kartierung Versuch 3,13,66,1-2 m,1.827786,1.837756,9.9708,5455.15
Kartierung Versuch 3,13,67,2-3 m,2.292597,2.307394,14.7976,6454.53
Kartierung Versuch 3,13,68,2-3 m,2.390983,2.406009,15.0261,6284.50
Kartierung Versuch 3,13,100,1-2 m,1.789972,1.801523,11.5512,6453.30
Kartierung Versuch 3,13,101,1-2 m,1.749286,1.758203,8.9178,5097.98
Kartierung Versuch 3,13,102,1-2 m,1.906830,1.912551,5.7211,3000.32
Kartierung Versuch 3,13,103,2-3 m,2.220811,2.227544,6.7337,3032.08
Kartierung Versuch 3,13,104,1-2 m,1.214907,1.224409,9.5020,7821.17
Kartierung Versuch 3,13,105,1-2 m,1.147388,1.152652,5.2638,4587.65
Kartierung Versuch 3,13,106,1-2 m,1.410142,1.413036,2.8938,2052.10
Kartierung Versuch 3,13,107,1-2 m,1.789972,1.794164,4.1920,2341.95
Kartierung Versuch 3,13,108,1-2 m,1.707630,1.721459,13.8289,8098.31
Kartierung Versuch 3,13,109,1-2 m,1.154123,1.165002,10.8790,9426.22
Kartierung Versuch 3,13,110,2-3 m,2.052316,2.064362,12.0461,5869.53
Kartierung Versuch 3,13,111,2-3 m,2.635906,2.650297,14.3910,5459.60
Kartierung Versuch 3,13,112,1-2 m,1.621111,1.631838,10.7277,6617.50
Kartierung Versuch 3,13,113,1-2 m,1.021763,1.028241,6.4778,6339.80
Kartierung Versuch 3,13,114,1-2 m,1.980909,1.994320,13.4116,6770.41
Kartierung Versuch 3,13,115,2-3 m,2.580698,2.596467,15.7693,6110.47
Kartierung Versuch 3,13,116,0-1 m,0.782304,0.786532,4.2277,5404.19
Kartierung Versuch 3,13,117,0-1 m,0.672681,0.681041,8.3597,12427.38
Kartierung Versuch 3,13,118,1-2 m,1.060424,1.074394,13.9697,13173.71
Kartierung Versuch 3,13,119,1-2 m,1.529706,1.545720,16.0141,10468.78
Kartierung Versuch 3,13,120,1-2 m,1.328157,1.338386,10.2290,7701.66
Kartierung Versuch 3,13,121,1-2 m,1.272792,1.287001,14.2088,11163.45
Kartierung Versuch 3,13,122,1-2 m,1.481891,1.500159,18.2686,12327.91
Kartierung Versuch 3,13,123,1-2 m,1.868689,1.888454,19.7646,10576.74
Kartierung Versuch 3,13,200,2-3 m,2.064516,2.078988,14.4719,7009.85
Kartierung Versuch 3,13,202,1-2 m,1.736152,1.745565,9.4126,5421.52
Kartierung Versuch 3,13,203,2-3 m,2.564337,2.583124,18.7866,7326.11
Kartierung Versuch 3,14,15,1-2 m,1.073313,1.085300,11.9876,11168.82
Kartierung Versuch 3,14,16,0-1 m,0.480000,0.483763,3.7633,7840.12
Kartierung Versuch 3,14,17,0-1 m,0.758947,0.763293,4.3467,5727.24
Kartierung Versuch 3,14,18,0-1 m,0.339411,0.340736,1.3251,3904.18
Kartierung Versuch 3,14,19,1-2 m,1.018234,1.029899,11.6655,11456.63
Kartierung Versuch 3,14,20,0-1 m,0.758947,0.766615,7.6679,10103.30
Kartierung Versuch 3,14,21,0-1 m,0.989545,0.995185,5.6400,5699.56
Kartierung Versuch 3,14,22,0-1 m,0.240000,0.241418,1.4181,5908.65
Kartierung Versuch 3,14,23,1-2 m,1.200000,1.213375,13.3751,11145.92
Kartierung Versuch 3,14,24,0-1 m,0.720000,0.726130,6.1299,8513.69
Kartierung Versuch 3,14,25,1-2 m,1.223765,1.235229,11.4646,9368.30
Kartierung Versuch 3,14,26,0-1 m,0.339411,0.341085,1.6736,4930.89
Kartierung Versuch 3,14,27,1-2 m,1.200000,1.210155,10.1551,8462.56
Kartierung Versuch 3,14,28,1-2 m,1.292440,1.306125,13.6855,10588.90
Kartierung Versuch 3,14,29,0-1 m,0.240000,0.241534,1.5341,6392.03
Kartierung Versuch 3,14,30,0-1 m,0.536656,0.539784,3.1275,5827.67
Kartierung Versuch 3,14,31,1-2 m,1.223765,1.231402,7.6371,6240.66
Kartierung Versuch 3,14,32,1-2 m,1.399428,1.414428,14.9999,10718.61
Kartierung Versuch 3,14,33,0-1 m,0.339411,0.341873,2.4622,7254.37
Kartierung Versuch 3,14,34,0-1 m,0.758947,0.763703,4.7567,6267.48
Kartierung Versuch 3,14,35,1-2 m,1.073313,1.080035,6.7220,6262.88
Kartierung Versuch 3,14,36,1-2 m,1.697056,1.711653,14.5968,8601.25
Kartierung Versuch 3,14,37,1-2 m,1.517893,1.528862,10.9687,7226.25
Kartierung Versuch 3,14,38,0-1 m,0.758947,0.762302,3.3556,4421.43
Kartierung Versuch 3,14,39,1-2 m,1.444991,1.451666,6.6750,4619.39
Kartierung Versuch 3,14,40,0-1 m,0.967471,0.976589,9.1186,9425.15
Kartierung Versuch 3,14,41,1-2 m,1.800000,1.816849,16.8490,9360.56
Kartierung Versuch 3,14,42,1-2 m,1.444991,1.450816,5.8243,4030.71
Kartierung Versuch 3,14,43,1-2 m,1.341641,1.347932,6.2910,4689.02
Kartierung Versuch 3,14,44,1-2 m,1.632176,1.644918,12.7411,7806.18
Kartierung Versuch 3,14,45,2-3 m,2.292597,2.311158,18.5615,8096.27
Kartierung Versuch 3,14,46,2-3 m,2.095710,2.110241,14.5312,6933.78
Kartierung Versuch 3,14,47,1-2 m,1.897367,1.908755,11.3882,6002.10
Kartierung Versuch 3,14,48,1-2 m,1.564609,1.577756,13.1470,8402.72
Kartierung Versuch 3,14,49,2-3 m,2.308246,2.326246,17.9998,7798.03
Kartierung Versuch 3,14,50,2-3 m,2.043526,2.056643,13.1164,6418.54
Kartierung Versuch 3,14,51,2-3 m,2.889983,2.912806,22.8237,7897.52
Kartierung Versuch 3,14,52,1-2 m,1.934942,1.943354,8.4123,4347.56
Kartierung Versuch 3,14,53,2-3 m,2.642726,2.662460,19.7337,7467.18
Kartierung Versuch 3,14,54,2-3 m,2.163331,2.177285,13.9544,6450.44
Kartierung Versuch 3,14,55,2-3 m,2.212691,2.232276,19.5854,8851.39
Kartierung Versuch 3,14,56,1-2 m,1.609969,1.614517,4.5485,2825.23
Kartierung Versuch 3,14,57,1-2 m,1.934942,1.944886,9.9439,5139.12
Kartierung Versuch 3,14,58,1-2 m,1.200000,1.211052,11.0520,9209.97
Kartierung Versuch 3,14,59,2-3 m,2.292597,2.305911,13.3140,5807.37
Kartierung Versuch 3,14,60,1-2 m,1.718139,1.731949,13.8108,8038.21
Kartierung Versuch 3,14,61,1-2 m,1.697056,1.708353,11.2970,6656.83
Kartierung Versuch 3,14,62,1-2 m,1.827786,1.846093,18.3078,10016.38
Kartierung Versuch 3,14,63,2-3 m,2.292597,2.308107,15.5100,6765.27
Kartierung Versuch 3,14,64,2-3 m,2.390983,2.411458,20.4749,8563.40
Kartierung Versuch 3,14,65,0-1 m,0.758947,0.763475,4.5284,5966.69
Kartierung Versuch 3,14,66,1-2 m,1.018234,1.022725,4.4916,4411.21
Kartierung Versuch 3,14,67,1-2 m,1.341641,1.348242,6.6009,4920.02
Kartierung Versuch 3,14,68,1-2 m,1.503596,1.511769,8.1728,5435.53
Kartierung Versuch 3,14,100,2-3 m,2.220811,2.240755,19.9444,8980.67
Kartierung Versuch 3,14,101,1-2 m,1.906830,1.924191,17.3608,9104.51
Kartierung Versuch 3,14,102,1-2 m,1.749286,1.760619,11.3338,6479.12
Kartierung Versuch 3,14,103,1-2 m,1.789972,1.797161,7.1886,4016.05
Kartierung Versuch 3,14,104,1-2 m,1.789972,1.808078,18.1063,10115.41
Kartierung Versuch 3,14,105,1-2 m,1.410142,1.424102,13.9605,9900.05
Kartierung Versuch 3,14,106,1-2 m,1.147388,1.153329,5.9407,5177.56
Kartierung Versuch 3,14,107,1-2 m,1.214907,1.216393,1.4856,1222.78
Kartierung Versuch 3,14,108,2-3 m,2.635906,2.657841,21.9346,8321.48
Kartierung Versuch 3,14,109,2-3 m,2.052316,2.070842,18.5265,9027.11
Kartierung Versuch 3,14,110,1-2 m,1.154123,1.159410,5.2873,4581.26
Kartierung Versuch 3,14,111,1-2 m,1.707630,1.714408,6.7785,3969.52
Kartierung Versuch 3,14,112,2-3 m,2.580698,2.599430,18.7322,7258.59
Kartierung Versuch 3,14,113,1-2 m,1.980909,1.995406,14.4970,7318.37
Kartierung Versuch 3,14,114,1-2 m,1.021763,1.027041,5.2779,5165.53
Kartierung Versuch 3,14,115,1-2 m,1.621111,1.628787,7.6762,4735.15
Kartierung Versuch 3,14,116,1-2 m,1.529706,1.537287,7.5814,4956.10
Kartierung Versuch 3,14,117,1-2 m,1.060424,1.064184,3.7591,3544.95
Kartierung Versuch 3,14,118,0-1 m,0.672681,0.677815,5.1342,7632.48
Kartierung Versuch 3,14,119,0-1 m,0.782304,0.790167,7.8632,10051.30
Kartierung Versuch 3,14,120,1-2 m,1.868689,1.879246,10.5571,5649.46
Kartierung Versuch 3,14,121,1-2 m,1.481891,1.490801,8.9101,6012.65
Kartierung Versuch 3,14,122,1-2 m,1.272792,1.283249,10.4564,8215.31
Kartierung Versuch 3,14,123,1-2 m,1.328157,1.340559,12.4019,9337.68
Kartierung Versuch 3,14,200,2-3 m,2.797110,2.821353,24.2430,8667.16
Kartierung Versuch 3,14,202,2-3 m,2.564337,2.579821,15.4840,6038.20
Kartierung Versuch 3,14,203,1-2 m,1.736152,1.746461,10.3087,5937.68
Kartierung Versuch 3,15,16,0-1 m,0.960000,0.968537,8.5372,8892.89
Kartierung Versuch 3,15,17,0-1 m,0.758947,0.767610,8.6633,11414.94
Kartierung Versuch 3,15,18,1-2 m,1.018234,1.030721,12.4875,12263.86
Kartierung Versuch 3,15,19,0-1 m,0.339411,0.341562,2.1511,6337.76
Kartierung Versuch 3,15,20,0-1 m,0.758947,0.764363,5.4168,7137.20
Kartierung Versuch 3,15,21,0-1 m,0.720000,0.726865,6.8654,9535.28
Kartierung Versuch 3,15,22,1-2 m,1.200000,1.213657,13.6567,11380.61
Kartierung Versuch 3,15,23,0-1 m,0.240000,0.241930,1.9301,8042.13
Kartierung Versuch 3,15,24,0-1 m,0.989545,0.996908,7.3629,7440.68
Kartierung Versuch 3,15,25,0-1 m,0.339411,0.341707,2.2956,6763.33
Kartierung Versuch 3,15,26,1-2 m,1.223765,1.235132,11.3675,9288.94
Kartierung Versuch 3,15,27,0-1 m,0.536656,0.540837,4.1811,7790.98
Kartierung Versuch 3,15,28,0-1 m,0.240000,0.241826,1.8259,7607.80
Kartierung Versuch 3,15,29,1-2 m,1.292440,1.305685,13.2459,10248.76
Kartierung Versuch 3,15,30,1-2 m,1.200000,1.209965,9.9648,8303.97
Kartierung Versuch 3,15,31,0-1 m,0.758947,0.764469,5.5227,7276.77
Kartierung Versuch 3,15,32,0-1 m,0.339411,0.342618,3.2063,9446.73
Kartierung Versuch 3,15,33,1-2 m,1.399428,1.413961,14.5322,10384.39
Kartierung Versuch 3,15,34,1-2 m,1.223765,1.232331,8.5665,7000.10
Kartierung Versuch 3,15,35,1-2 m,1.517893,1.537194,19.3011,12715.74
Kartierung Versuch 3,15,36,0-1 m,0.758947,0.763088,4.1413,5456.63
Kartierung Versuch 3,15,37,1-2 m,1.073313,1.073418,0.1052,98.02
Kartierung Versuch 3,15,38,1-2 m,1.697056,1.710548,13.4919,7950.17
Kartierung Versuch 3,15,39,1-2 m,1.444991,1.458585,13.5940,9407.67
Kartierung Versuch 3,15,40,1-2 m,1.800000,1.821762,21.7618,12089.87
Kartierung Versuch 3,15,41,0-1 m,0.967471,0.971127,3.6561,3779.03
Kartierung Versuch 3,15,42,1-2 m,1.444991,1.446914,1.9227,1330.59
Kartierung Versuch 3,15,43,2-3 m,2.292597,2.309171,16.5741,7229.42
Kartierung Versuch 3,15,44,2-3 m,2.095710,2.119410,23.6999,11308.76
Kartierung Versuch 3,15,45,1-2 m,1.341641,1.350189,8.5483,6371.49
Kartierung Versuch 3,15,46,1-2 m,1.632176,1.634420,2.2437,1374.66
Kartierung Versuch 3,15,47,2-3 m,2.043526,2.061905,18.3789,8993.72
Kartierung Versuch 3,15,48,2-3 m,2.308246,2.333137,24.8906,10783.35
Kartierung Versuch 3,15,49,1-2 m,1.564609,1.569621,5.0127,3203.81
Kartierung Versuch 3,15,50,1-2 m,1.897367,1.902909,5.5420,2920.87
Kartierung Versuch 3,15,51,1-2 m,1.934942,1.947884,12.9423,6688.75
Kartierung Versuch 3,15,52,2-3 m,2.889983,2.909205,19.2227,6651.49
Kartierung Versuch 3,15,53,1-2 m,1.718139,1.724894,6.7557,3932.01
Kartierung Versuch 3,15,54,2-3 m,2.292597,2.303759,11.1620,4868.70
Kartierung Versuch 3,15,55,1-2 m,1.200000,1.207007,7.0068,5838.97
Kartierung Versuch 3,15,56,1-2 m,1.934942,1.941974,7.0324,3634.41
Kartierung Versuch 3,15,57,1-2 m,1.609969,1.621383,11.4144,7089.85
Kartierung Versuch 3,15,58,2-3 m,2.212691,2.235793,23.1020,10440.68
Kartierung Versuch 3,15,59,2-3 m,2.163331,2.180172,16.8414,7784.96
Kartierung Versuch 3,15,60,2-3 m,2.642726,2.668051,25.3251,9582.96
Kartierung Versuch 3,15,61,1-2 m,1.018234,1.023320,5.0861,4994.98
Kartierung Versuch 3,15,62,0-1 m,0.758947,0.765268,6.3210,8328.67
Kartierung Versuch 3,15,63,1-2 m,1.503596,1.511981,8.3850,5576.63
Kartierung Versuch 3,15,64,1-2 m,1.341641,1.350633,8.9921,6702.32
Kartierung Versuch 3,15,65,1-2 m,1.827786,1.844141,16.3554,8948.19
Kartierung Versuch 3,15,66,1-2 m,1.697056,1.708242,11.1856,6591.17
Kartierung Versuch 3,15,67,2-3 m,2.390983,2.409132,18.1493,7590.71
Kartierung Versuch 3,15,68,2-3 m,2.292597,2.309196,16.5993,7240.37
Kartierung Versuch 3,15,100,1-2 m,1.328157,1.335051,6.8945,5191.04
Kartierung Versuch 3,15,101,1-2 m,1.272792,1.276831,4.0389,3173.23
Kartierung Versuch 3,15,102,1-2 m,1.481891,1.483514,1.6232,1095.36
Kartierung Versuch 3,15,103,1-2 m,1.868689,1.873108,4.4191,2364.79
Kartierung Versuch 3,15,104,0-1 m,0.782304,0.787494,5.1893,6633.34
Kartierung Versuch 3,15,105,0-1 m,0.672681,0.673102,0.4208,625.63
Kartierung Versuch 3,15,106,1-2 m,1.060424,1.061359,0.9346,881.39
Kartierung Versuch 3,15,107,1-2 m,1.529706,1.534023,4.3173,2822.28
Kartierung Versuch 3,15,108,1-2 m,1.621111,1.632030,10.9195,6735.83
Kartierung Versuch 3,15,109,1-2 m,1.021763,1.028709,6.9456,6797.68
Kartierung Versuch 3,15,110,1-2 m,1.980909,1.994694,13.7848,6958.84
Kartierung Versuch 3,15,111,2-3 m,2.580698,2.597447,16.7499,6490.44
Kartierung Versuch 3,15,112,1-2 m,1.707630,1.717801,10.1713,5956.40
Kartierung Versuch 3,15,113,1-2 m,1.154123,1.160257,6.1337,5314.64
Kartierung Versuch 3,15,114,2-3 m,2.052316,2.068791,16.4756,8027.81
Kartierung Versuch 3,15,115,2-3 m,2.635906,2.654817,18.9110,7174.39
Kartierung Versuch 3,15,116,1-2 m,1.214907,1.223885,8.9775,7389.43
Kartierung Versuch 3,15,117,1-2 m,1.147388,1.160278,12.8901,11234.25
Kartierung Versuch 3,15,118,1-2 m,1.410142,1.428383,18.2412,12935.75
Kartierung Versuch 3,15,119,1-2 m,1.789972,1.810205,20.2326,11303.33
Kartierung Versuch 3,15,120,1-2 m,1.789972,1.804938,14.9658,8360.93
Kartierung Versuch 3,15,121,1-2 m,1.749286,1.768222,18.9368,10825.42
Kartierung Versuch 3,15,122,1-2 m,1.906830,1.929577,22.7472,11929.33
Kartierung Versuch 3,15,123,2-3 m,2.220811,2.245171,24.3604,10969.17
Kartierung Versuch 3,15,200,1-2 m,1.736152,1.747654,11.5021,6625.07
Kartierung Versuch 3,15,202,2-3 m,2.064516,2.076257,11.7410,5687.04
Kartierung Versuch 3,15,203,2-3 m,2.797110,2.819675,22.5653,8067.37
Kartierung Versuch 3,16,17,1-2 m,1.018234,1.023315,5.0808,4989.84
Kartierung Versuch 3,16,18,0-1 m,0.758947,0.763510,4.5638,6013.38
Kartierung Versuch 3,16,19,0-1 m,0.758947,0.766851,7.9041,10414.63
Kartierung Versuch 3,16,20,0-1 m,0.339411,0.343430,4.0183,11839.01
Kartierung Versuch 3,16,21,1-2 m,1.200000,1.205753,5.7530,4794.17
Kartierung Versuch 3,16,22,0-1 m,0.720000,0.725181,5.1813,7196.24
Kartierung Versuch 3,16,23,0-1 m,0.989545,0.999196,9.6511,9753.09
Kartierung Versuch 3,16,24,0-1 m,0.240000,0.242367,2.3666,9860.83
Kartierung Versuch 3,16,25,1-2 m,1.223765,1.232813,9.0481,7393.64
Kartierung Versuch 3,16,26,0-1 m,0.339411,0.342263,2.8518,8402.08
Kartierung Versuch 3,16,27,1-2 m,1.292440,1.301082,8.6422,6686.70
Kartierung Versuch 3,16,28,1-2 m,1.200000,1.210363,10.3629,8635.76
Kartierung Versuch 3,16,29,0-1 m,0.536656,0.541385,4.7284,8810.86
Kartierung Versuch 3,16,30,0-1 m,0.240000,0.241428,1.4280,5950.11
Kartierung Versuch 3,16,31,1-2 m,1.399428,1.406689,7.2602,5187.95
Kartierung Versuch 3,16,32,1-2 m,1.223765,1.234974,11.2097,9160.05
Kartierung Versuch 3,16,33,0-1 m,0.758947,0.765056,6.1096,8050.09
Kartierung Versuch 3,16,34,0-1 m,0.339411,0.340873,1.4619,4307.12
Kartierung Versuch 3,16,35,1-2 m,1.517893,1.528639,10.7459,7079.49
Kartierung Versuch 3,16,36,1-2 m,1.697056,1.709162,12.1057,7133.35
Kartierung Versuch 3,16,37,1-2 m,1.073313,1.081356,8.0436,7494.21
Kartierung Versuch 3,16,38,0-1 m,0.758947,0.763712,4.7650,6278.43
Kartierung Versuch 3,16,39,1-2 m,1.800000,1.809480,9.4800,5266.66
Kartierung Versuch 3,16,40,1-2 m,1.444991,1.457774,12.7825,8846.08
Kartierung Versuch 3,16,41,1-2 m,1.444991,1.459102,14.1111,9765.49
Kartierung Versuch 3,16,42,0-1 m,0.967471,0.969426,1.9547,2020.40
Kartierung Versuch 3,16,43,1-2 m,1.341641,1.349491,7.8507,5851.57
Kartierung Versuch 3,16,44,2-3 m,2.095710,2.112254,16.5442,7894.34
Kartierung Versuch 3,16,45,2-3 m,2.292597,2.309209,16.6119,7245.87
Kartierung Versuch 3,16,46,1-2 m,1.632176,1.643546,11.3693,6965.73
Kartierung Versuch 3,16,47,2-3 m,2.308246,2.322749,14.5028,6283.03
Kartierung Versuch 3,16,48,2-3 m,2.043526,2.060417,16.8909,8265.55
Kartierung Versuch 3,16,49,1-2 m,1.897367,1.912480,15.1139,7965.72
Kartierung Versuch 3,16,50,1-2 m,1.564609,1.573886,9.2772,5929.41
Kartierung Versuch 3,16,51,2-3 m,2.889983,2.911090,21.1070,7303.51
Kartierung Versuch 3,16,52,1-2 m,1.934942,1.945564,10.6217,5489.40
Kartierung Versuch 3,16,53,2-3 m,2.292597,2.309550,16.9536,7394.94
Kartierung Versuch 3,16,54,1-2 m,1.718139,1.728453,10.3143,6003.20
Kartierung Versuch 3,16,55,1-2 m,1.934942,1.951619,16.6776,8619.18
Kartierung Versuch 3,16,56,1-2 m,1.200000,1.201678,1.6778,1398.14
Kartierung Versuch 3,16,57,2-3 m,2.212691,2.224304,11.6137,5248.68
Kartierung Versuch 3,16,58,1-2 m,1.609969,1.624622,14.6532,9101.52
Kartierung Versuch 3,16,59,2-3 m,2.642726,2.658453,15.7269,5951.01
Kartierung Versuch 3,16,60,2-3 m,2.163331,2.180987,17.6559,8161.44
Kartierung Versuch 3,16,61,1-2 m,1.827786,1.838092,10.3062,5638.65
Kartierung Versuch 3,16,62,1-2 m,1.697056,1.711863,14.8070,8725.08
Kartierung Versuch 3,16,63,2-3 m,2.390983,2.405697,14.7141,6153.98
Kartierung Versuch 3,16,64,2-3 m,2.292597,2.310387,17.7906,7760.04
Kartierung Versuch 3,16,65,1-2 m,1.018234,1.025825,7.5912,7455.25
Kartierung Versuch 3,16,66,0-1 m,0.758947,0.762161,3.2141,4234.93
Kartierung Versuch 3,16,67,1-2 m,1.503596,1.512989,9.3935,6247.37
Kartierung Versuch 3,16,68,1-2 m,1.341641,1.350022,8.3814,6247.10
Kartierung Versuch 3,16,100,1-2 m,1.868689,1.885800,17.1107,9156.55
Kartierung Versuch 3,16,101,1-2 m,1.481891,1.496445,14.5539,9821.15
Kartierung Versuch 3,16,102,1-2 m,1.272792,1.280621,7.8287,6150.82
Kartierung Versuch 3,16,103,1-2 m,1.328157,1.331556,3.3995,2559.56
Kartierung Versuch 3,16,104,1-2 m,1.529706,1.545057,15.3509,10035.22
Kartierung Versuch 3,16,105,1-2 m,1.060424,1.071956,11.5313,10874.21
Kartierung Versuch 3,16,106,0-1 m,0.672681,0.675185,2.5034,3721.53
Kartierung Versuch 3,16,107,0-1 m,0.782304,0.780500,-1.8040,-2306.02
Kartierung Versuch 3,16,108,2-3 m,2.580698,2.600219,19.5219,7564.57
Kartierung Versuch 3,16,109,1-2 m,1.980909,1.996436,15.5272,7838.45
Kartierung Versuch 3,16,110,1-2 m,1.021763,1.027108,5.3453,5231.45
Kartierung Versuch 3,16,111,1-2 m,1.621111,1.629352,8.2413,5083.75
Kartierung Versuch 3,16,112,2-3 m,2.635906,2.653412,17.5061,6641.40
Kartierung Versuch 3,16,113,2-3 m,2.052316,2.065336,13.0199,6344.00
Kartierung Versuch 3,16,114,1-2 m,1.154123,1.161724,7.6009,6585.87
Kartierung Versuch 3,16,115,1-2 m,1.707630,1.717846,10.2162,5982.66
Kartierung Versuch 3,16,116,1-2 m,1.789972,1.798801,8.8293,4932.66
Kartierung Versuch 3,16,117,1-2 m,1.410142,1.416885,6.7434,4782.09
Kartierung Versuch 3,16,118,1-2 m,1.147388,1.156448,9.0600,7896.21
Kartierung Versuch 3,16,119,1-2 m,1.214907,1.226140,11.2330,9246.00
Kartierung Versuch 3,16,120,2-3 m,2.220811,2.233822,13.0112,5858.75
Kartierung Versuch 3,16,121,1-2 m,1.906830,1.919380,12.5503,6581.78
Kartierung Versuch 3,16,122,1-2 m,1.749286,1.763588,14.3023,8176.11
Kartierung Versuch 3,16,123,1-2 m,1.789972,1.806043,16.0713,8978.54
Kartierung Versuch 3,16,200,2-3 m,2.564337,2.586694,22.3571,8718.46
Kartierung Versuch 3,16,202,2-3 m,2.797110,2.812924,15.8134,5653.48
Kartierung Versuch 3,16,203,2-3 m,2.064516,2.077949,13.4333,6506.77
Kartierung Versuch 3,17,18,0-1 m,0.480000,0.483919,3.9187,8163.94
Kartierung Versuch 3,17,19,0-1 m,0.960000,0.968644,8.6442,9004.41
Kartierung Versuch 3,17,20,1-2 m,1.073313,1.079774,6.4615,6020.14
Kartierung Versuch 3,17,21,0-1 m,0.240000,0.241374,1.3742,5725.89
Kartierung Versuch 3,17,22,0-1 m,0.720000,0.725333,5.3334,7407.54
Kartierung Versuch 3,17,23,0-1 m,0.989545,0.999867,10.3217,10430.78
Kartierung Versuch 3,17,24,1-2 m,1.200000,1.206584,6.5841,5486.79
Kartierung Versuch 3,17,25,0-1 m,0.678823,0.686763,7.9403,11697.11
Kartierung Versuch 3,17,26,1-2 m,1.073313,1.078799,5.4863,5111.53
Kartierung Versuch 3,17,27,0-1 m,0.536656,0.542974,6.3181,11773.04
Kartierung Versuch 3,17,28,0-1 m,0.865332,0.875883,10.5510,12193.01
Kartierung Versuch 3,17,29,0-1 m,0.989545,0.995435,5.8898,5952.05
Kartierung Versuch 3,17,30,1-2 m,1.200000,1.205897,5.8967,4913.89
Kartierung Versuch 3,17,31,0-1 m,0.480000,0.483416,3.4162,7117.04
Kartierung Versuch 3,17,32,1-2 m,1.073313,1.085592,12.2791,11440.37
Kartierung Versuch 3,17,33,0-1 m,0.960000,0.966367,6.3673,6632.59
Kartierung Versuch 3,17,34,1-2 m,1.357645,1.364187,6.5425,4818.99
Kartierung Versuch 3,17,35,0-1 m,0.758947,0.769585,10.6386,14017.56
Kartierung Versuch 3,17,36,1-2 m,1.073313,1.084521,11.2083,10442.74
Kartierung Versuch 3,17,37,1-2 m,1.697056,1.704143,7.0863,4175.64
Kartierung Versuch 3,17,38,1-2 m,1.517893,1.525595,7.7012,5073.64
Kartierung Versuch 3,17,39,0-1 m,0.804984,0.810299,5.3143,6601.70
Kartierung Versuch 3,17,40,1-2 m,1.106345,1.119408,13.0630,11807.37
Kartierung Versuch 3,17,41,1-2 m,1.718139,1.730454,12.3150,7167.63
Kartierung Versuch 3,17,42,1-2 m,1.878297,1.883270,4.9726,2647.40
Kartierung Versuch 3,17,43,2-3 m,2.095710,2.106430,10.7202,5115.28
Kartierung Versuch 3,17,44,1-2 m,1.341641,1.356735,15.0941,11250.45
Kartierung Versuch 3,17,45,1-2 m,1.632176,1.646737,14.5608,8921.11
Kartierung Versuch 3,17,46,2-3 m,2.292597,2.302856,10.2590,4474.85
Kartierung Versuch 3,17,47,1-2 m,1.368211,1.378898,10.6870,7810.96
Kartierung Versuch 3,17,48,1-2 m,1.564609,1.580718,16.1099,10296.45
Kartierung Versuch 3,17,49,2-3 m,2.308246,2.321842,13.5961,5890.21
Kartierung Versuch 3,17,50,2-3 m,2.429815,2.441126,11.3114,4655.24
Kartierung Versuch 3,17,51,2-3 m,2.212691,2.231290,18.5997,8405.93
Kartierung Versuch 3,17,52,2-3 m,2.683282,2.695997,12.7152,4738.67
Kartierung Versuch 3,17,53,2-3 m,2.473863,2.489268,15.4050,6227.09
Kartierung Versuch 3,17,54,2-3 m,2.696665,2.711167,14.5020,5377.76
Kartierung Versuch 3,17,55,1-2 m,1.934942,1.950557,15.6149,8069.94
Kartierung Versuch 3,17,56,2-3 m,2.212691,2.219431,6.7408,3046.43
Kartierung Versuch 3,17,57,1-2 m,1.200000,1.206388,6.3879,5323.21
Kartierung Versuch 3,17,58,1-2 m,1.609969,1.624212,14.2426,8846.48
Kartierung Versuch 3,17,59,1-2 m,1.632176,1.643073,10.8961,6675.83
Kartierung Versuch 3,17,60,1-2 m,1.953458,1.969691,16.2329,8309.84
Kartierung Versuch 3,17,61,0-1 m,0.960000,0.967156,7.1555,7453.67
Kartierung Versuch 3,17,62,1-2 m,1.357645,1.373111,15.4656,11391.50
Kartierung Versuch 3,17,63,1-2 m,1.560000,1.571112,11.1121,7123.12
Kartierung Versuch 3,17,64,1-2 m,1.831721,1.848565,16.8442,9195.84
Kartierung Versuch 3,17,65,1-2 m,1.440000,1.448833,8.8328,6133.88
Kartierung Versuch 3,17,66,1-2 m,1.730665,1.738567,7.9028,4566.33
Kartierung Versuch 3,17,67,2-3 m,2.040000,2.050899,10.8995,5342.87
Kartierung Versuch 3,17,68,2-3 m,2.254595,2.266928,12.3330,5470.16
Kartierung Versuch 3,17,100,2-3 m,2.087103,2.102661,15.5578,7454.27
Kartierung Versuch 3,17,101,1-2 m,1.980909,1.993503,12.5942,6357.80
Kartierung Versuch 3,17,102,2-3 m,2.052316,2.060472,8.1560,3974.04
Kartierung Versuch 3,17,103,2-3 m,2.284732,2.292057,7.3247,3205.95
Kartierung Versuch 3,17,104,1-2 m,1.529706,1.543380,13.6746,8939.39
Kartierung Versuch 3,17,105,1-2 m,1.384377,1.393327,8.9498,6464.83
Kartierung Versuch 3,17,106,1-2 m,1.500833,1.504772,3.9386,2624.29
Kartierung Versuch 3,17,107,1-2 m,1.789972,1.793196,3.2237,1800.99
Kartierung Versuch 3,17,108,2-3 m,2.016928,2.035074,18.1461,8996.88
Kartierung Versuch 3,17,109,1-2 m,1.481891,1.497234,15.3431,10353.77
Kartierung Versuch 3,17,110,1-2 m,1.906830,1.916222,9.3925,4925.70
Kartierung Versuch 3,17,111,2-3 m,2.466577,2.477702,11.1251,4510.34
Kartierung Versuch 3,17,112,1-2 m,1.868689,1.883088,14.3991,7705.46
Kartierung Versuch 3,17,113,1-2 m,1.272792,1.283233,10.4409,8203.11
Kartierung Versuch 3,17,114,1-2 m,1.749286,1.759045,9.7591,5578.90
Kartierung Versuch 3,17,115,2-3 m,2.346913,2.358881,11.9678,5099.37
Kartierung Versuch 3,17,116,0-1 m,0.782304,0.785952,3.6476,4662.62
Kartierung Versuch 3,17,117,0-1 m,0.434166,0.437733,3.5669,8215.64
Kartierung Versuch 3,17,118,0-1 m,0.724224,0.733857,9.6334,13301.76
Kartierung Versuch 3,17,119,1-2 m,1.214907,1.226555,11.6472,9586.93
Kartierung Versuch 3,17,120,1-2 m,1.214907,1.223205,8.2973,6829.61
Kartierung Versuch 3,17,121,1-2 m,1.021763,1.032054,10.2908,10071.56
Kartierung Versuch 3,17,122,1-2 m,1.154123,1.168209,14.0861,12204.98
Kartierung Versuch 3,17,123,1-2 m,1.529706,1.545148,15.4424,10094.99
Kartierung Versuch 3,17,200,2-3 m,2.403461,2.422253,18.7918,7818.65
Kartierung Versuch 3,17,202,1-2 m,1.811250,1.822470,11.2207,6195.03
Kartierung Versuch 3,17,203,2-3 m,2.249761,2.264342,14.5806,6480.97
Kartierung Versuch 3,18,19,1-2 m,1.073313,1.085342,12.0292,11207.57
Kartierung Versuch 3,18,20,0-1 m,0.960000,0.968037,8.0368,8371.62
Kartierung Versuch 3,18,21,0-1 m,0.720000,0.725293,5.2929,7351.25
Kartierung Versuch 3,18,22,0-1 m,0.240000,0.241415,1.4150,5895.66
Kartierung Versuch 3,18,23,1-2 m,1.200000,1.213876,13.8758,11563.13
Kartierung Versuch 3,18,24,0-1 m,0.989545,0.996398,6.8527,6925.13
Kartierung Versuch 3,18,25,1-2 m,1.073313,1.085098,11.7852,10980.25
Kartierung Versuch 3,18,26,0-1 m,0.678823,0.681821,2.9987,4417.47
Kartierung Versuch 3,18,27,0-1 m,0.989545,0.999770,10.2242,10332.20
Kartierung Versuch 3,18,28,1-2 m,1.200000,1.214241,14.2409,11867.40
Kartierung Versuch 3,18,29,0-1 m,0.536656,0.539083,2.4266,4521.79
Kartierung Versuch 3,18,30,0-1 m,0.865332,0.869655,4.3224,4995.06
Kartierung Versuch 3,18,31,0-1 m,0.960000,0.967335,7.3349,7640.47
Kartierung Versuch 3,18,32,1-2 m,1.357645,1.373338,15.6925,11558.64
Kartierung Versuch 3,18,33,0-1 m,0.480000,0.482449,2.4489,5101.79
Kartierung Versuch 3,18,34,1-2 m,1.073313,1.079101,5.7888,5393.38
Kartierung Versuch 3,18,35,0-1 m,0.758947,0.765133,6.1860,8150.76
Kartierung Versuch 3,18,36,1-2 m,1.517893,1.532833,14.9393,9842.14
Kartierung Versuch 3,18,37,1-2 m,1.697056,1.707608,10.5513,6217.41
Kartierung Versuch 3,18,38,1-2 m,1.073313,1.077818,4.5054,4197.62
Kartierung Versuch 3,18,39,1-2 m,1.106345,1.111672,5.3266,4814.57
Kartierung Versuch 3,18,40,0-1 m,0.804984,0.814199,9.2142,11446.45
Kartierung Versuch 3,18,41,1-2 m,1.878297,1.894798,16.5014,8785.29
Kartierung Versuch 3,18,42,1-2 m,1.718139,1.724387,6.2481,3636.56
Kartierung Versuch 3,18,43,1-2 m,1.632176,1.639362,7.1860,4402.73
Kartierung Versuch 3,18,44,1-2 m,1.341641,1.353744,12.1030,9021.04
Kartierung Versuch 3,18,45,2-3 m,2.095710,2.114229,18.5194,8836.84
Kartierung Versuch 3,18,46,2-3 m,2.292597,2.306646,14.0497,6128.28
Kartierung Versuch 3,18,47,1-2 m,1.564609,1.574745,10.1361,6478.33
Kartierung Versuch 3,18,48,1-2 m,1.368211,1.380948,12.7377,9309.74
Kartierung Versuch 3,18,49,2-3 m,2.429815,2.447444,17.6295,7255.49
Kartierung Versuch 3,18,50,2-3 m,2.308246,2.321650,13.4042,5807.09
Kartierung Versuch 3,18,51,2-3 m,2.683282,2.705889,22.6077,8425.40
Kartierung Versuch 3,18,52,2-3 m,2.212691,2.221649,8.9587,4048.77
Kartierung Versuch 3,18,53,2-3 m,2.696665,2.716159,19.4941,7228.95
Kartierung Versuch 3,18,54,2-3 m,2.473863,2.488755,14.8918,6019.65
Kartierung Versuch 3,18,55,2-3 m,2.212691,2.232280,19.5893,8853.17
Kartierung Versuch 3,18,56,1-2 m,1.934942,1.940715,5.7728,2983.45
Kartierung Versuch 3,18,57,1-2 m,1.609969,1.618682,8.7126,5411.67
Kartierung Versuch 3,18,58,1-2 m,1.200000,1.210577,10.5767,8813.91
Kartierung Versuch 3,18,59,1-2 m,1.953458,1.965448,11.9892,6137.42
Kartierung Versuch 3,18,60,1-2 m,1.632176,1.645192,13.0153,7974.21
Kartierung Versuch 3,18,61,1-2 m,1.440000,1.451074,11.0742,7690.43
Kartierung Versuch 3,18,62,1-2 m,1.730665,1.749621,18.9566,10953.39
Kartierung Versuch 3,18,63,2-3 m,2.040000,2.055030,15.0301,7367.69
Kartierung Versuch 3,18,64,2-3 m,2.254595,2.275288,20.6927,9178.00
Kartierung Versuch 3,18,65,0-1 m,0.960000,0.964915,4.9148,5119.62
Kartierung Versuch 3,18,66,1-2 m,1.357645,1.363462,5.8167,4284.44
Kartierung Versuch 3,18,67,1-2 m,1.560000,1.566981,6.9814,4475.28
Kartierung Versuch 3,18,68,1-2 m,1.831721,1.841055,9.3349,5096.25
Kartierung Versuch 3,18,100,2-3 m,2.284732,2.304427,19.6952,8620.34
Kartierung Versuch 3,18,101,2-3 m,2.052316,2.069120,16.8043,8187.99
Kartierung Versuch 3,18,102,1-2 m,1.980909,1.992043,11.1338,5620.54
Kartierung Versuch 3,18,103,2-3 m,2.087103,2.095066,7.9631,3815.38
Kartierung Versuch 3,18,104,1-2 m,1.789972,1.807916,17.9439,10024.69
Kartierung Versuch 3,18,105,1-2 m,1.500833,1.514189,13.3557,8898.86
Kartierung Versuch 3,18,106,1-2 m,1.384377,1.390297,5.9196,4276.00
Kartierung Versuch 3,18,107,1-2 m,1.529706,1.532256,2.5501,1667.07
Kartierung Versuch 3,18,108,2-3 m,2.466577,2.488625,22.0486,8938.93
Kartierung Versuch 3,18,109,1-2 m,1.906830,1.925825,18.9957,9961.90
Kartierung Versuch 3,18,110,1-2 m,1.481891,1.488432,6.5412,4414.10
Kartierung Versuch 3,18,111,2-3 m,2.016928,2.024575,7.6467,3791.27
Kartierung Versuch 3,18,112,2-3 m,2.346913,2.365285,18.3718,7828.08
Kartierung Versuch 3,18,113,1-2 m,1.749286,1.763657,14.3715,8215.66
Kartierung Versuch 3,18,114,1-2 m,1.272792,1.278784,5.9918,4707.58
Kartierung Versuch 3,18,115,1-2 m,1.868689,1.876808,8.1187,4344.59
Kartierung Versuch 3,18,116,1-2 m,1.214907,1.221427,6.5200,5366.63
Kartierung Versuch 3,18,117,0-1 m,0.724224,0.726585,2.3613,3260.42
Kartierung Versuch 3,18,118,0-1 m,0.434166,0.439593,5.4272,12500.40
Kartierung Versuch 3,18,119,0-1 m,0.782304,0.790100,7.7962,9965.66
Kartierung Versuch 3,18,120,1-2 m,1.529706,1.538938,9.2323,6035.35
Kartierung Versuch 3,18,121,1-2 m,1.154123,1.162018,7.8950,6840.65
Kartierung Versuch 3,18,122,1-2 m,1.021763,1.032021,10.2575,10038.98
Kartierung Versuch 3,18,123,1-2 m,1.214907,1.226894,11.9863,9865.99
Kartierung Versuch 3,18,200,2-3 m,2.749077,2.772634,23.5569,8569.01
Kartierung Versuch 3,18,202,2-3 m,2.249761,2.264363,14.6022,6490.54
Kartierung Versuch 3,18,203,1-2 m,1.811250,1.821700,10.4504,5769.72
Kartierung Versuch 3,19,20,0-1 m,0.480000,0.484082,4.0820,8504.16
Kartierung Versuch 3,19,21,0-1 m,0.989545,0.996919,7.3734,7451.34
Kartierung Versuch 3,19,22,1-2 m,1.200000,1.213211,13.2110,11009.16
Kartierung Versuch 3,19,23,0-1 m,0.240000,0.241843,1.8432,7680.07
Kartierung Versuch 3,19,24,0-1 m,0.720000,0.726085,6.0846,8450.81
Kartierung Versuch 3,19,25,0-1 m,0.678823,0.683268,4.4453,6548.56
Kartierung Versuch 3,19,26,1-2 m,1.073313,1.084143,10.8299,10090.15
Kartierung Versuch 3,19,27,0-1 m,0.865332,0.871309,5.9764,6906.45
Kartierung Versuch 3,19,28,0-1 m,0.536656,0.540185,3.5285,6574.92
Kartierung Versuch 3,19,29,1-2 m,1.200000,1.212805,12.8054,10671.20
Kartierung Versuch 3,19,30,0-1 m,0.989545,0.998717,9.1721,9268.99
Kartierung Versuch 3,19,31,1-2 m,1.073313,1.080167,6.8544,6386.22
Kartierung Versuch 3,19,32,0-1 m,0.480000,0.483399,3.3990,7081.22
Kartierung Versuch 3,19,33,1-2 m,1.357645,1.371773,14.1277,10406.02
Kartierung Versuch 3,19,34,0-1 m,0.960000,0.967356,7.3562,7662.72
Kartierung Versuch 3,19,35,1-2 m,1.697056,1.715823,18.7668,11058.42
Kartierung Versuch 3,19,36,1-2 m,1.073313,1.079512,6.1998,5776.32
Kartierung Versuch 3,19,37,0-1 m,0.758947,0.757479,-1.4681,-1934.39
Kartierung Versuch 3,19,38,1-2 m,1.517893,1.530562,12.6683,8345.99
Kartierung Versuch 3,19,39,1-2 m,1.718139,1.732177,14.0388,8170.93
Kartierung Versuch 3,19,40,1-2 m,1.878297,1.899540,21.2433,11309.89
Kartierung Versuch 3,19,41,0-1 m,0.804984,0.809460,4.4756,5559.82
Kartierung Versuch 3,19,42,1-2 m,1.106345,1.106147,-0.1984,-179.33
Kartierung Versuch 3,19,43,2-3 m,2.095710,2.111281,15.5707,7429.81
Kartierung Versuch 3,19,44,2-3 m,2.292597,2.316262,23.6649,10322.31
Kartierung Versuch 3,19,45,1-2 m,1.632176,1.642793,10.6165,6504.53
Kartierung Versuch 3,19,46,1-2 m,1.341641,1.343089,1.4483,1079.50
Kartierung Versuch 3,19,47,2-3 m,2.308246,2.327322,19.0762,8264.36
Kartierung Versuch 3,19,48,2-3 m,2.429815,2.454477,24.6618,10149.65
Kartierung Versuch 3,19,49,1-2 m,1.368211,1.373538,5.3276,3893.87
Kartierung Versuch 3,19,50,1-2 m,1.564609,1.568256,3.6477,2331.38
Kartierung Versuch 3,19,51,2-3 m,2.212691,2.227675,14.9846,6772.13
Kartierung Versuch 3,19,52,2-3 m,2.683282,2.701628,18.3468,6837.46
Kartierung Versuch 3,19,53,1-2 m,1.632176,1.639907,7.7305,4736.29
Kartierung Versuch 3,19,54,1-2 m,1.953458,1.962449,8.9903,4602.26
Kartierung Versuch 3,19,55,1-2 m,1.200000,1.208184,8.1844,6820.35
Kartierung Versuch 3,19,56,1-2 m,1.609969,1.615175,5.2057,3233.44
Kartierung Versuch 3,19,57,1-2 m,1.934942,1.947868,12.9264,6680.53
Kartierung Versuch 3,19,58,2-3 m,2.212691,2.235430,22.7394,10276.82
Kartierung Versuch 3,19,59,2-3 m,2.473863,2.492037,18.1740,7346.40
Kartierung Versuch 3,19,60,2-3 m,2.696665,2.721897,25.2322,9356.82
Kartierung Versuch 3,19,61,1-2 m,1.357645,1.364881,7.2357,5329.58
Kartierung Versuch 3,19,62,0-1 m,0.960000,0.967153,7.1526,7450.67
Kartierung Versuch 3,19,63,1-2 m,1.831721,1.842434,10.7134,5848.84
Kartierung Versuch 3,19,64,1-2 m,1.560000,1.570565,10.5647,6772.23
Kartierung Versuch 3,19,65,1-2 m,1.730665,1.746402,15.7373,9093.24
Kartierung Versuch 3,19,66,1-2 m,1.440000,1.449917,9.9172,6886.96
Kartierung Versuch 3,19,67,2-3 m,2.254595,2.272019,17.4238,7728.12
Kartierung Versuch 3,19,68,2-3 m,2.040000,2.055277,15.2773,7488.89
Kartierung Versuch 3,19,100,1-2 m,1.214907,1.222752,7.8445,6456.90
Kartierung Versuch 3,19,101,1-2 m,1.021763,1.025821,4.0582,3971.74
Kartierung Versuch 3,19,102,1-2 m,1.154123,1.153999,-0.1243,-107.69
Kartierung Versuch 3,19,103,1-2 m,1.529706,1.531979,2.2727,1485.74
Kartierung Versuch 3,19,104,0-1 m,0.782304,0.789237,6.9332,8862.48
Kartierung Versuch 3,19,105,0-1 m,0.434166,0.435017,0.8512,1960.51
Kartierung Versuch 3,19,106,0-1 m,0.724224,0.723157,-1.0671,-1473.41
Kartierung Versuch 3,19,107,1-2 m,1.214907,1.217772,2.8645,2357.81
Kartierung Versuch 3,19,108,1-2 m,1.868689,1.881318,12.6291,6758.25
Kartierung Versuch 3,19,109,1-2 m,1.272792,1.281169,8.3763,6581.07
Kartierung Versuch 3,19,110,1-2 m,1.749286,1.761855,12.5695,7185.48
Kartierung Versuch 3,19,111,2-3 m,2.346913,2.362657,15.7439,6708.35
Kartierung Versuch 3,19,112,2-3 m,2.016928,2.029354,12.4260,6160.85
Kartierung Versuch 3,19,113,1-2 m,1.481891,1.490275,8.3846,5658.02
Kartierung Versuch 3,19,114,1-2 m,1.906830,1.922486,15.6557,8210.35
Kartierung Versuch 3,19,115,2-3 m,2.466577,2.484696,18.1197,7346.09
Kartierung Versuch 3,19,116,1-2 m,1.529706,1.539940,10.2339,6690.13
Kartierung Versuch 3,19,117,1-2 m,1.384377,1.397020,12.6429,9132.54
Kartierung Versuch 3,19,118,1-2 m,1.500833,1.518449,17.6156,11737.22
Kartierung Versuch 3,19,119,1-2 m,1.789972,1.809662,19.6897,10999.98
Kartierung Versuch 3,19,120,2-3 m,2.087103,2.103139,16.0354,7683.11
Kartierung Versuch 3,19,121,1-2 m,1.980909,1.999888,18.9793,9581.13
Kartierung Versuch 3,19,122,2-3 m,2.052316,2.074671,22.3556,10892.86
Kartierung Versuch 3,19,123,2-3 m,2.284732,2.308799,24.0671,10533.88
Kartierung Versuch 3,19,200,1-2 m,1.811250,1.825168,13.9180,7684.17
Kartierung Versuch 3,19,202,2-3 m,2.403461,2.417308,13.8472,5761.36
Kartierung Versuch 3,19,203,2-3 m,2.749077,2.770885,21.8076,7932.71
Kartierung Versuch 3,20,21,1-2 m,1.200000,1.206307,6.3072,5256.04
Kartierung Versuch 3,20,22,0-1 m,0.989545,0.998639,9.0941,9190.23
Kartierung Versuch 3,20,23,0-1 m,0.720000,0.725925,5.9252,8229.39
Kartierung Versuch 3,20,24,0-1 m,0.240000,0.242003,2.0026,8344.37
Kartierung Versuch 3,20,25,1-2 m,1.073313,1.080212,6.8995,6428.23
Kartierung Versuch 3,20,26,0-1 m,0.678823,0.685693,6.8700,10120.52
Kartierung Versuch 3,20,27,1-2 m,1.200000,1.207399,7.3987,6165.59
Kartierung Versuch 3,20,28,0-1 m,0.989545,0.996751,7.2059,7282.06
Kartierung Versuch 3,20,29,0-1 m,0.865332,0.874105,8.7722,10137.41
Kartierung Versuch 3,20,30,0-1 m,0.536656,0.541829,5.1728,9639.02
Kartierung Versuch 3,20,31,1-2 m,1.357645,1.364708,7.0626,5202.09
Kartierung Versuch 3,20,32,0-1 m,0.960000,0.967481,7.4810,7792.69
Kartierung Versuch 3,20,33,1-2 m,1.073313,1.083421,10.1082,9417.76
Kartierung Versuch 3,20,34,0-1 m,0.480000,0.483274,3.2742,6821.31
Kartierung Versuch 3,20,35,1-2 m,1.697056,1.711641,14.5844,8593.96
Kartierung Versuch 3,20,36,1-2 m,1.517893,1.527450,9.5569,6296.14
Kartierung Versuch 3,20,37,0-1 m,0.758947,0.762255,3.3080,4358.71
Kartierung Versuch 3,20,38,1-2 m,1.073313,1.081874,8.5617,7976.86
Kartierung Versuch 3,20,39,1-2 m,1.878297,1.890070,11.7731,6267.95
Kartierung Versuch 3,20,40,1-2 m,1.718139,1.735051,16.9127,9843.62
Kartierung Versuch 3,20,41,1-2 m,1.106345,1.116536,10.1904,9210.90
Kartierung Versuch 3,20,42,0-1 m,0.804984,0.803496,-1.4889,-1849.58
Kartierung Versuch 3,20,43,1-2 m,1.632176,1.643579,11.4027,6986.18
Kartierung Versuch 3,20,44,2-3 m,2.292597,2.312731,20.1343,8782.30
Kartierung Versuch 3,20,45,2-3 m,2.095710,2.109870,14.1602,6756.74
Kartierung Versuch 3,20,46,1-2 m,1.341641,1.348159,6.5179,4858.15
Kartierung Versuch 3,20,47,2-3 m,2.429815,2.446805,16.9901,6992.33
Kartierung Versuch 3,20,48,2-3 m,2.308246,2.329028,20.7823,9003.50
Kartierung Versuch 3,20,49,1-2 m,1.564609,1.575438,10.8295,6921.51
Kartierung Versuch 3,20,50,1-2 m,1.368211,1.373451,5.2407,3830.35
Kartierung Versuch 3,20,51,2-3 m,2.683282,2.701939,18.6571,6953.10
Kartierung Versuch 3,20,52,2-3 m,2.212691,2.226951,14.2601,6444.69
Kartierung Versuch 3,20,53,1-2 m,1.953458,1.966447,12.9887,6649.07
Kartierung Versuch 3,20,54,1-2 m,1.632176,1.640264,8.0879,4955.26
Kartierung Versuch 3,20,55,1-2 m,1.609969,1.622942,12.9735,8058.22
Kartierung Versuch 3,20,56,1-2 m,1.200000,1.201803,1.8025,1502.10
Kartierung Versuch 3,20,57,2-3 m,2.212691,2.225273,12.5828,5686.64
Kartierung Versuch 3,20,58,1-2 m,1.934942,1.953635,18.6934,9660.98
Kartierung Versuch 3,20,59,2-3 m,2.696665,2.713983,17.3188,6422.29
Kartierung Versuch 3,20,60,2-3 m,2.473863,2.495410,21.5467,8709.74
Kartierung Versuch 3,20,61,1-2 m,1.730665,1.739800,9.1354,5278.55
Kartierung Versuch 3,20,62,1-2 m,1.440000,1.451235,11.2345,7801.75
Kartierung Versuch 3,20,63,2-3 m,2.254595,2.267882,13.2869,5893.27
Kartierung Versuch 3,20,64,2-3 m,2.040000,2.054645,14.6449,7178.86
Kartierung Versuch 3,20,65,1-2 m,1.357645,1.369254,11.6094,8551.11
Kartierung Versuch 3,20,66,0-1 m,0.960000,0.965835,5.8354,6078.58
Kartierung Versuch 3,20,67,1-2 m,1.831721,1.845023,13.3029,7262.54
Kartierung Versuch 3,20,68,1-2 m,1.560000,1.571196,11.1958,7176.82
Kartierung Versuch 3,20,100,1-2 m,1.529706,1.542862,13.1557,8600.13
Kartierung Versuch 3,20,101,1-2 m,1.154123,1.164224,10.1008,8751.95
Kartierung Versuch 3,20,102,1-2 m,1.021763,1.024749,2.9856,2922.04
Kartierung Versuch 3,20,103,1-2 m,1.214907,1.215832,0.9243,760.79
Kartierung Versuch 3,20,104,1-2 m,1.214907,1.226703,11.7954,9708.86
Kartierung Versuch 3,20,105,0-1 m,0.724224,0.732007,7.7833,10747.07
Kartierung Versuch 3,20,106,0-1 m,0.434166,0.431854,-2.3123,-5325.96
Kartierung Versuch 3,20,107,0-1 m,0.782304,0.781024,-1.2803,-1636.54
Kartierung Versuch 3,20,108,2-3 m,2.346913,2.363496,16.5830,7065.87
Kartierung Versuch 3,20,109,1-2 m,1.749286,1.761624,12.3387,7053.57
Kartierung Versuch 3,20,110,1-2 m,1.272792,1.281212,8.4198,6615.23
Kartierung Versuch 3,20,111,1-2 m,1.868689,1.880345,11.6553,6237.16
Kartierung Versuch 3,20,112,2-3 m,2.466577,2.482160,15.5834,6317.84
Kartierung Versuch 3,20,113,1-2 m,1.906830,1.918024,11.1941,5870.51
Kartierung Versuch 3,20,114,1-2 m,1.481891,1.493358,11.4671,7738.16
Kartierung Versuch 3,20,115,2-3 m,2.016928,2.030942,14.0137,6948.06
Kartierung Versuch 3,20,116,1-2 m,1.789972,1.799651,9.6785,5407.10
Kartierung Versuch 3,20,117,1-2 m,1.500833,1.510286,9.4526,6298.22
Kartierung Versuch 3,20,118,1-2 m,1.384377,1.397546,13.1692,9512.69
Kartierung Versuch 3,20,119,1-2 m,1.529706,1.545080,15.3745,10050.60
Kartierung Versuch 3,20,120,2-3 m,2.284732,2.299505,14.7726,6465.80
Kartierung Versuch 3,20,121,2-3 m,2.052316,2.068075,15.7591,7678.67
Kartierung Versuch 3,20,122,1-2 m,1.980909,1.999162,18.2533,9214.63
Kartierung Versuch 3,20,123,2-3 m,2.087103,2.107173,20.0698,9616.09
Kartierung Versuch 3,20,200,2-3 m,2.249761,2.268830,19.0685,8475.79
Kartierung Versuch 3,20,202,2-3 m,2.749077,2.764473,15.3959,5600.40
Kartierung Versuch 3,20,203,2-3 m,2.403461,2.420936,17.4748,7270.69
Kartierung Versuch 3,21,22,0-1 m,0.960000,0.966708,6.7076,6987.11
Kartierung Versuch 3,21,23,0-1 m,0.960000,0.968793,8.7932,9159.55
Kartierung Versuch 3,21,24,1-2 m,1.357645,1.364528,6.8830,5069.81
Kartierung Versuch 3,21,25,0-1 m,0.536656,0.542862,6.2060,11564.18
Kartierung Versuch 3,21,26,1-2 m,1.292440,1.299048,6.6084,5113.11
Kartierung Versuch 3,21,27,0-1 m,0.339411,0.344090,4.6787,13784.71
Kartierung Versuch 3,21,28,0-1 m,0.758947,0.767814,8.8676,11684.14
Kartierung Versuch 3,21,29,1-2 m,1.223765,1.230962,7.1977,5881.60
Kartierung Versuch 3,21,30,1-2 m,1.399428,1.406202,6.7733,4840.03
Kartierung Versuch 3,21,31,0-1 m,0.240000,0.242042,2.0420,8508.22
Kartierung Versuch 3,21,32,0-1 m,0.989545,1.000362,10.8170,10931.33
Kartierung Versuch 3,21,33,1-2 m,1.200000,1.207741,7.7415,6451.22
Kartierung Versuch 3,21,34,1-2 m,1.536750,1.543882,7.1324,4641.22
Kartierung Versuch 3,21,35,0-1 m,0.865332,0.877888,12.5555,14509.50
Kartierung Versuch 3,21,36,0-1 m,0.865332,0.875220,9.8874,11426.16
Kartierung Versuch 3,21,37,1-2 m,1.747226,1.753108,5.8817,3366.29
Kartierung Versuch 3,21,38,1-2 m,1.747226,1.756133,8.9065,5097.52
Kartierung Versuch 3,21,39,0-1 m,0.729932,0.736673,6.7411,9235.20
Kartierung Versuch 3,21,40,1-2 m,1.297998,1.312424,14.4255,11113.63
Kartierung Versuch 3,21,41,1-2 m,1.684280,1.694838,10.5579,6268.49
Kartierung Versuch 3,21,42,1-2 m,1.997198,2.001947,4.7490,2377.83
Kartierung Versuch 3,21,43,2-3 m,2.329979,2.341965,11.9868,5144.58
Kartierung Versuch 3,21,44,1-2 m,1.404564,1.421179,16.6148,11829.13
Kartierung Versuch 3,21,45,1-2 m,1.404564,1.417695,13.1308,9348.68
Kartierung Versuch 3,21,46,2-3 m,2.329979,2.338729,8.7504,3755.59
Kartierung Versuch 3,21,47,1-2 m,1.325443,1.337087,11.6441,8785.03
Kartierung Versuch 3,21,48,1-2 m,1.705520,1.723008,17.4880,10253.75
Kartierung Versuch 3,21,49,2-3 m,2.283156,2.295078,11.9222,5221.81
Kartierung Versuch 3,21,50,2-3 m,2.522856,2.533407,10.5516,4182.40
Kartierung Versuch 3,21,51,1-2 m,1.979091,1.996246,17.1557,8668.49
Kartierung Versuch 3,21,52,2-3 m,2.919726,2.933771,14.0454,4810.51
Kartierung Versuch 3,21,53,2-3 m,2.390983,2.404699,13.7161,5736.59
Kartierung Versuch 3,21,54,2-3 m,2.832102,2.846491,14.3894,5080.81
Kartierung Versuch 3,21,55,1-2 m,1.827786,1.841759,13.9739,7645.24
Kartierung Versuch 3,21,56,2-3 m,2.375879,2.383151,7.2721,3060.79
Kartierung Versuch 3,21,57,1-2 m,1.018234,1.024411,6.1773,6066.68
Kartierung Versuch 3,21,58,1-2 m,1.827786,1.843352,15.5663,8516.50
Kartierung Versuch 3,21,59,1-2 m,1.503596,1.514735,11.1391,7408.31
Kartierung Versuch 3,21,60,2-3 m,2.136539,2.154009,17.4701,8176.80
Kartierung Versuch 3,21,61,0-1 m,0.720000,0.725781,5.7813,8029.60
Kartierung Versuch 3,21,62,1-2 m,1.200000,1.214132,14.1322,11776.80
Kartierung Versuch 3,21,63,1-2 m,1.320000,1.329738,9.7383,7377.50
Kartierung Versuch 3,21,64,1-2 m,1.632176,1.647598,15.4219,9448.68
Kartierung Versuch 3,21,65,1-2 m,1.680000,1.690207,10.2068,6075.50
Kartierung Versuch 3,21,66,1-2 m,1.934942,1.943743,8.8012,4548.57
Kartierung Versuch 3,21,67,2-3 m,2.280000,2.292273,12.2735,5383.11
Kartierung Versuch 3,21,68,2-3 m,2.473863,2.487312,13.4487,5436.31
Kartierung Versuch 3,21,100,2-3 m,2.024055,2.037857,13.8018,6818.88
Kartierung Versuch 3,21,101,1-2 m,1.988165,1.999007,10.8417,5453.10
Kartierung Versuch 3,21,102,2-3 m,2.128098,2.135197,7.0994,3336.02
Kartierung Versuch 3,21,103,2-3 m,2.413462,2.420701,7.2386,2999.25
Kartierung Versuch 3,21,104,1-2 m,1.442498,1.454300,11.8023,8181.84
Kartierung Versuch 3,21,105,1-2 m,1.386110,1.393285,7.1752,5176.49
Kartierung Versuch 3,21,106,1-2 m,1.610373,1.613941,3.5684,2215.87
Kartierung Versuch 3,21,107,1-2 m,1.951615,1.955386,3.7714,1932.47
Kartierung Versuch 3,21,108,1-2 m,1.797999,1.814736,16.7369,9308.61
Kartierung Versuch 3,21,109,1-2 m,1.284056,1.298097,14.0412,10935.06
Kartierung Versuch 3,21,110,2-3 m,2.128098,2.138576,10.4782,4923.72
Kartierung Versuch 3,21,111,2-3 m,2.695329,2.707713,12.3838,4594.54
Kartierung Versuch 3,21,112,1-2 m,1.629969,1.642956,12.9865,7967.31
Kartierung Versuch 3,21,113,1-2 m,1.035761,1.044814,9.0536,8741.05
Kartierung Versuch 3,21,114,1-2 m,1.988165,1.999257,11.0920,5579.00
Kartierung Versuch 3,21,115,2-3 m,2.586271,2.599593,13.3214,5150.83
Kartierung Versuch 3,21,116,0-1 m,0.593970,0.597271,3.3017,5558.64
Kartierung Versuch 3,21,117,0-1 m,0.439659,0.445978,6.3195,14373.56
Kartierung Versuch 3,21,118,0-1 m,0.930215,0.941180,10.9645,11787.07
Kartierung Versuch 3,21,119,1-2 m,1.442498,1.455506,13.0086,9018.08
Kartierung Versuch 3,21,120,1-2 m,1.103087,1.111859,8.7724,7952.62
Kartierung Versuch 3,21,121,1-2 m,1.035761,1.047808,12.0473,11631.35
Kartierung Versuch 3,21,122,1-2 m,1.284056,1.299681,15.6245,12168.11
Kartierung Versuch 3,21,123,1-2 m,1.716042,1.732778,16.7363,9752.84
Kartierung Versuch 3,21,200,2-3 m,2.249228,2.265966,16.7388,7442.01
Kartierung Versuch 3,21,202,1-2 m,1.600945,1.611093,10.1480,6338.74
Kartierung Versuch 3,21,203,2-3 m,2.474798,2.490862,16.0641,6491.07
Kartierung Versuch 3,22,23,1-2 m,1.357645,1.372653,15.0083,11054.68
Kartierung Versuch 3,22,24,0-1 m,0.960000,0.967548,7.5479,7862.38
Kartierung Versuch 3,22,25,1-2 m,1.292440,1.305474,13.0341,10084.91
Kartierung Versuch 3,22,26,0-1 m,0.536656,0.539374,2.7181,5064.94
Kartierung Versuch 3,22,27,1-2 m,1.223765,1.235321,11.5567,9443.53
Kartierung Versuch 3,22,28,1-2 m,1.399428,1.414821,15.3923,10999.02
Kartierung Versuch 3,22,29,0-1 m,0.339411,0.340840,1.4288,4209.73
Kartierung Versuch 3,22,30,0-1 m,0.758947,0.763328,4.3818,5773.54
Kartierung Versuch 3,22,31,1-2 m,1.200000,1.208750,8.7496,7291.34
Kartierung Versuch 3,22,32,1-2 m,1.536750,1.553502,16.7522,10901.07
Kartierung Versuch 3,22,33,0-1 m,0.240000,0.241034,1.0339,4307.95
Kartierung Versuch 3,22,34,0-1 m,0.989545,0.995644,6.0987,6163.11
Kartierung Versuch 3,22,35,0-1 m,0.865332,0.870462,5.1297,5928.00
Kartierung Versuch 3,22,36,1-2 m,1.747226,1.763426,16.1996,9271.63
Kartierung Versuch 3,22,37,1-2 m,1.747226,1.759427,12.2011,6983.10
Kartierung Versuch 3,22,38,0-1 m,0.865332,0.868822,3.4893,4032.29
Kartierung Versuch 3,22,39,1-2 m,1.297998,1.304018,6.0193,4637.39
Kartierung Versuch 3,22,40,0-1 m,0.729932,0.737692,7.7607,10632.07
Kartierung Versuch 3,22,41,1-2 m,1.997198,2.015254,18.0562,9040.75
Kartierung Versuch 3,22,42,1-2 m,1.684280,1.691544,7.2636,4312.58
Kartierung Versuch 3,22,43,1-2 m,1.404564,1.410471,5.9074,4205.87
Kartierung Versuch 3,22,44,1-2 m,1.404564,1.415890,11.3259,8063.63
Kartierung Versuch 3,22,45,2-3 m,2.329979,2.349856,19.8770,8530.96
Kartierung Versuch 3,22,46,2-3 m,2.329979,2.345766,15.7876,6775.85
Kartierung Versuch 3,22,47,1-2 m,1.705520,1.715974,10.4533,6129.12
Kartierung Versuch 3,22,48,1-2 m,1.325443,1.337169,11.7259,8846.78
Kartierung Versuch 3,22,49,2-3 m,2.522856,2.542068,19.2126,7615.42
Kartierung Versuch 3,22,50,2-3 m,2.283156,2.297708,14.5525,6373.85
Kartierung Versuch 3,22,51,2-3 m,2.919726,2.943725,23.9985,8219.45
Kartierung Versuch 3,22,52,1-2 m,1.979091,1.986639,7.5488,3814.27
Kartierung Versuch 3,22,53,2-3 m,2.832102,2.853069,20.9678,7403.61
Kartierung Versuch 3,22,54,2-3 m,2.390983,2.406288,15.3048,6401.05
Kartierung Versuch 3,22,55,2-3 m,2.375879,2.396813,20.9341,8811.11
Kartierung Versuch 3,22,56,1-2 m,1.827786,1.833491,5.7059,3121.74
Kartierung Versuch 3,22,57,1-2 m,1.827786,1.837630,9.8443,5385.94
Kartierung Versuch 3,22,58,1-2 m,1.018234,1.027723,9.4893,9319.41
Kartierung Versuch 3,22,59,2-3 m,2.136539,2.149300,12.7606,5972.57
Kartierung Versuch 3,22,60,1-2 m,1.503596,1.515792,12.1962,8111.33
Kartierung Versuch 3,22,61,1-2 m,1.680000,1.692489,12.4889,7433.88
Kartierung Versuch 3,22,62,1-2 m,1.934942,1.955008,20.0665,10370.60
Kartierung Versuch 3,22,63,2-3 m,2.280000,2.296445,16.4450,7212.74
Kartierung Versuch 3,22,64,2-3 m,2.473863,2.495830,21.9661,8879.28
Kartierung Versuch 3,22,65,0-1 m,0.720000,0.723500,3.4999,4860.99
Kartierung Versuch 3,22,66,1-2 m,1.200000,1.205355,5.3548,4462.32
Kartierung Versuch 3,22,67,1-2 m,1.320000,1.325566,5.5665,4217.04
Kartierung Versuch 3,22,68,1-2 m,1.632176,1.640442,8.2658,5064.31
Kartierung Versuch 3,22,100,2-3 m,2.413462,2.434647,21.1850,8777.84
Kartierung Versuch 3,22,101,2-3 m,2.128098,2.146634,18.5360,8710.12
Kartierung Versuch 3,22,102,1-2 m,1.988165,2.000853,12.6883,6381.94
Kartierung Versuch 3,22,103,2-3 m,2.024055,2.032656,8.6002,4248.98
Kartierung Versuch 3,22,104,1-2 m,1.951615,1.970998,19.3833,9931.91
Kartierung Versuch 3,22,105,1-2 m,1.610373,1.625447,15.0746,9360.96
Kartierung Versuch 3,22,106,1-2 m,1.386110,1.393411,7.3017,5267.78
Kartierung Versuch 3,22,107,1-2 m,1.442498,1.445309,2.8113,1948.93
Kartierung Versuch 3,22,108,2-3 m,2.695329,2.718693,23.3638,8668.24
Kartierung Versuch 3,22,109,2-3 m,2.128098,2.148297,20.1994,9491.74
Kartierung Versuch 3,22,110,1-2 m,1.284056,1.289694,5.6376,4390.45
Kartierung Versuch 3,22,111,1-2 m,1.797999,1.804337,6.3380,3525.03
Kartierung Versuch 3,22,112,2-3 m,2.586271,2.606052,19.7802,7648.16
Kartierung Versuch 3,22,113,1-2 m,1.988165,2.003921,15.7564,7925.12
Kartierung Versuch 3,22,114,1-2 m,1.035761,1.040392,4.6315,4471.64
Kartierung Versuch 3,22,115,1-2 m,1.629969,1.636677,6.7080,4115.40
Kartierung Versuch 3,22,116,1-2 m,1.442498,1.450320,7.8218,5422.39
Kartierung Versuch 3,22,117,0-1 m,0.930215,0.933354,3.1386,3374.09
Kartierung Versuch 3,22,118,0-1 m,0.439659,0.443196,3.5366,8043.88
Kartierung Versuch 3,22,119,0-1 m,0.593970,0.600502,6.5327,10998.35
Kartierung Versuch 3,22,120,1-2 m,1.716042,1.726072,10.0302,5844.93
Kartierung Versuch 3,22,121,1-2 m,1.284056,1.291691,7.6350,5946.00
Kartierung Versuch 3,22,122,1-2 m,1.035761,1.044752,8.9910,8680.61
Kartierung Versuch 3,22,123,1-2 m,1.103087,1.114036,10.9499,9926.60
Kartierung Versuch 3,22,200,2-3 m,2.936090,2.961289,25.1991,8582.53
Kartierung Versuch 3,22,202,2-3 m,2.474798,2.490792,15.9938,6462.66
Kartierung Versuch 3,22,203,1-2 m,1.600945,1.609987,9.0420,5647.93
Kartierung Versuch 3,23,24,0-1 m,0.960000,0.967928,7.9278,8258.10
Kartierung Versuch 3,23,25,0-1 m,0.536656,0.540846,4.1892,7806.14
Kartierung Versuch 3,23,26,1-2 m,1.292440,1.305009,12.5690,9725.03
Kartierung Versuch 3,23,27,0-1 m,0.758947,0.765134,6.1873,8152.43
Kartierung Versuch 3,23,28,0-1 m,0.339411,0.341610,2.1982,6476.65
Kartierung Versuch 3,23,29,1-2 m,1.399428,1.413970,14.5412,10390.79
Kartierung Versuch 3,23,30,1-2 m,1.223765,1.234725,10.9601,8956.07
Kartierung Versuch 3,23,31,0-1 m,0.989545,0.997197,7.6515,7732.36
Kartierung Versuch 3,23,32,0-1 m,0.240000,0.241556,1.5559,6482.82
Kartierung Versuch 3,23,33,1-2 m,1.536750,1.552624,15.8742,10329.71
Kartierung Versuch 3,23,34,1-2 m,1.200000,1.209199,9.1994,7666.16
Kartierung Versuch 3,23,35,1-2 m,1.747226,1.768084,20.8578,11937.66
Kartierung Versuch 3,23,36,0-1 m,0.865332,0.870242,4.9092,5673.22
Kartierung Versuch 3,23,37,0-1 m,0.865332,0.863703,-1.6293,-1882.86
Kartierung Versuch 3,23,38,1-2 m,1.747226,1.761703,14.4770,8285.73
Kartierung Versuch 3,23,39,1-2 m,1.684280,1.699888,15.6079,9266.82
Kartierung Versuch 3,23,40,1-2 m,1.997198,2.020358,23.1602,11596.35
Kartierung Versuch 3,23,41,0-1 m,0.729932,0.731840,1.9083,2614.38
Kartierung Versuch 3,23,42,1-2 m,1.297998,1.299284,1.2853,990.25
Kartierung Versuch 3,23,43,2-3 m,2.329979,2.347390,17.4118,7472.94
Kartierung Versuch 3,23,44,2-3 m,2.329979,2.355401,25.4223,10910.96
Kartierung Versuch 3,23,45,1-2 m,1.404564,1.413671,9.1075,6484.21
Kartierung Versuch 3,23,46,1-2 m,1.404564,1.404684,0.1204,85.70
Kartierung Versuch 3,23,47,2-3 m,2.283156,2.303504,20.3481,8912.26
Kartierung Versuch 3,23,48,2-3 m,2.522856,2.549300,26.4449,10482.11
Kartierung Versuch 3,23,49,1-2 m,1.325443,1.328615,3.1713,2392.65
Kartierung Versuch 3,23,50,1-2 m,1.705520,1.709325,3.8043,2230.57
Kartierung Versuch 3,23,51,1-2 m,1.979091,1.992460,13.3694,6755.32
Kartierung Versuch 3,23,52,2-3 m,2.919726,2.939891,20.1650,6906.47
Kartierung Versuch 3,23,53,1-2 m,1.503596,1.508983,5.3876,3583.14
Kartierung Versuch 3,23,54,2-3 m,2.136539,2.146432,9.8925,4630.16
Kartierung Versuch 3,23,55,1-2 m,1.018234,1.024162,5.9285,5822.31
Kartierung Versuch 3,23,56,1-2 m,1.827786,1.834770,6.9840,3821.03
Kartierung Versuch 3,23,57,1-2 m,1.827786,1.841399,13.6132,7447.92
Kartierung Versuch 3,23,58,2-3 m,2.375879,2.400376,24.4976,10310.98
Kartierung Versuch 3,23,59,2-3 m,2.390983,2.409912,18.9286,7916.67
Kartierung Versuch 3,23,60,2-3 m,2.832102,2.858977,26.8749,9489.38
Kartierung Versuch 3,23,61,1-2 m,1.200000,1.206881,6.8811,5734.23
Kartierung Versuch 3,23,62,0-1 m,0.720000,0.725309,5.3094,7374.21
Kartierung Versuch 3,23,63,1-2 m,1.632176,1.641981,9.8046,6007.09
Kartierung Versuch 3,23,64,1-2 m,1.320000,1.328722,8.7222,6607.75
Kartierung Versuch 3,23,65,1-2 m,1.934942,1.952476,17.5340,9061.76
Kartierung Versuch 3,23,66,1-2 m,1.680000,1.691760,11.7604,7000.26
Kartierung Versuch 3,23,67,2-3 m,2.473863,2.493095,19.2318,7774.01
Kartierung Versuch 3,23,68,2-3 m,2.280000,2.297121,17.1205,7509.01
Kartierung Versuch 3,23,100,1-2 m,1.103087,1.108506,5.4192,4912.73
Kartierung Versuch 3,23,101,1-2 m,1.035761,1.037705,1.9440,1876.86
Kartierung Versuch 3,23,102,1-2 m,1.284056,1.283881,-0.1749,-136.20
Kartierung Versuch 3,23,103,1-2 m,1.716042,1.719567,3.5251,2054.19
Kartierung Versuch 3,23,104,0-1 m,0.593970,0.598351,4.3818,7377.07
Kartierung Versuch 3,23,105,0-1 m,0.439659,0.437955,-1.7039,-3875.51
Kartierung Versuch 3,23,106,0-1 m,0.930215,0.931003,0.7883,847.44
Kartierung Versuch 3,23,107,1-2 m,1.442498,1.447348,4.8503,3362.42
Kartierung Versuch 3,23,108,1-2 m,1.629969,1.640825,10.8559,6660.21
Kartierung Versuch 3,23,109,1-2 m,1.035761,1.042361,6.6005,6372.60
Kartierung Versuch 3,23,110,1-2 m,1.988165,2.002584,14.4187,7252.27
Kartierung Versuch 3,23,111,2-3 m,2.586271,2.603849,17.5771,6796.31
Kartierung Versuch 3,23,112,1-2 m,1.797999,1.809130,11.1311,6190.81
Kartierung Versuch 3,23,113,1-2 m,1.284056,1.291444,7.3876,5753.29
Kartierung Versuch 3,23,114,2-3 m,2.128098,2.145584,17.4859,8216.68
Kartierung Versuch 3,23,115,2-3 m,2.695329,2.715259,19.9302,7394.34
Kartierung Versuch 3,23,116,1-2 m,1.442498,1.453662,11.1638,7739.22
Kartierung Versuch 3,23,117,1-2 m,1.386110,1.400778,14.6679,10582.05
Kartierung Versuch 3,23,118,1-2 m,1.610373,1.629983,19.6107,12177.73
Kartierung Versuch 3,23,119,1-2 m,1.951615,1.973156,21.5408,11037.42
Kartierung Versuch 3,23,120,2-3 m,2.024055,2.041097,17.0416,8419.54
Kartierung Versuch 3,23,121,1-2 m,1.988165,2.008923,20.7580,10440.80
Kartierung Versuch 3,23,122,2-3 m,2.128098,2.152380,24.2818,11410.09
Kartierung Versuch 3,23,123,2-3 m,2.413462,2.439298,25.8355,10704.76
Kartierung Versuch 3,23,200,1-2 m,1.600945,1.612351,11.4055,7124.22
Kartierung Versuch 3,23,202,2-3 m,2.249228,2.262636,13.4083,5961.27
Kartierung Versuch 3,23,203,2-3 m,2.936090,2.959793,23.7026,8072.85
Kartierung Versuch 3,24,25,1-2 m,1.292440,1.301049,8.6090,6661.06
Kartierung Versuch 3,24,26,0-1 m,0.536656,0.541809,5.1529,9601.80
Kartierung Versuch 3,24,27,1-2 m,1.399428,1.408226,8.7973,6286.36
Kartierung Versuch 3,24,28,1-2 m,1.223765,1.232937,9.1720,7494.86
Kartierung Versuch 3,24,29,0-1 m,0.758947,0.765978,7.0312,9264.37
Kartierung Versuch 3,24,30,0-1 m,0.339411,0.342818,3.4068,10037.26
Kartierung Versuch 3,24,31,1-2 m,1.536750,1.544777,8.0272,5223.48
Kartierung Versuch 3,24,32,1-2 m,1.200000,1.209484,9.4836,7902.97
Kartierung Versuch 3,24,33,0-1 m,0.989545,0.998002,8.4563,8545.63
Kartierung Versuch 3,24,34,0-1 m,0.240000,0.241272,1.2716,5298.53
Kartierung Versuch 3,24,35,1-2 m,1.747226,1.760395,13.1690,7537.07
Kartierung Versuch 3,24,36,1-2 m,1.747226,1.758640,11.4131,6532.14
Kartierung Versuch 3,24,37,0-1 m,0.865332,0.871817,6.4850,7494.22
Kartierung Versuch 3,24,38,0-1 m,0.865332,0.872000,6.6673,7704.88
Kartierung Versuch 3,24,39,1-2 m,1.997198,2.008663,11.4651,5740.59
Kartierung Versuch 3,24,40,1-2 m,1.684280,1.699402,15.1219,8978.25
Kartierung Versuch 3,24,41,1-2 m,1.297998,1.310619,12.6208,9723.29
Kartierung Versuch 3,24,42,0-1 m,0.729932,0.729436,-0.4951,-678.32
Kartierung Versuch 3,24,43,1-2 m,1.404564,1.413979,9.4148,6703.00
Kartierung Versuch 3,24,44,2-3 m,2.329979,2.348885,18.9061,8114.28
Kartierung Versuch 3,24,45,2-3 m,2.329979,2.346003,16.0241,6877.37
Kartierung Versuch 3,24,46,1-2 m,1.404564,1.414036,9.4719,6743.67
Kartierung Versuch 3,24,47,2-3 m,2.522856,2.539434,16.5786,6571.36
Kartierung Versuch 3,24,48,2-3 m,2.283156,2.302408,19.2523,8432.32
Kartierung Versuch 3,24,49,1-2 m,1.705520,1.718954,13.4334,7876.44
Kartierung Versuch 3,24,50,1-2 m,1.325443,1.332301,6.8581,5174.23
Kartierung Versuch 3,24,51,2-3 m,2.919726,2.940269,20.5428,7035.86
Kartierung Versuch 3,24,52,1-2 m,1.979091,1.991400,12.3092,6219.63
Kartierung Versuch 3,24,53,2-3 m,2.136539,2.151924,15.3849,7200.86
Kartierung Versuch 3,24,54,1-2 m,1.503596,1.511731,8.1356,5410.74
Kartierung Versuch 3,24,55,1-2 m,1.827786,1.842924,15.1388,8282.59
Kartierung Versuch 3,24,56,1-2 m,1.018234,1.018624,0.3906,383.60
Kartierung Versuch 3,24,57,2-3 m,2.375879,2.388937,13.0583,5496.20
Kartierung Versuch 3,24,58,1-2 m,1.827786,1.844722,16.9362,9265.95
Kartierung Versuch 3,24,59,2-3 m,2.832102,2.849570,17.4679,6167.81
Kartierung Versuch 3,24,60,2-3 m,2.390983,2.411025,20.0420,8382.31
Kartierung Versuch 3,24,61,1-2 m,1.934942,1.945494,10.5518,5453.29
Kartierung Versuch 3,24,62,1-2 m,1.680000,1.693237,13.2372,7879.26
Kartierung Versuch 3,24,63,2-3 m,2.473863,2.488704,14.8406,5998.97
Kartierung Versuch 3,24,64,2-3 m,2.280000,2.296647,16.6473,7301.44
Kartierung Versuch 3,24,65,1-2 m,1.200000,1.209772,9.7723,8143.61
Kartierung Versuch 3,24,66,0-1 m,0.720000,0.723833,3.8328,5323.33
Kartierung Versuch 3,24,67,1-2 m,1.632176,1.643594,11.4172,6995.07
Kartierung Versuch 3,24,68,1-2 m,1.320000,1.329193,9.1933,6964.59
Kartierung Versuch 3,24,100,1-2 m,1.716042,1.731553,15.5111,9038.90
Kartierung Versuch 3,24,101,1-2 m,1.284056,1.297005,12.9486,10084.17
Kartierung Versuch 3,24,102,1-2 m,1.035761,1.041444,5.6832,5486.96
Kartierung Versuch 3,24,103,1-2 m,1.103087,1.104189,1.1026,999.54
Kartierung Versuch 3,24,104,1-2 m,1.442498,1.456439,13.9416,9664.89
Kartierung Versuch 3,24,105,0-1 m,0.930215,0.940552,10.3369,11112.40
Kartierung Versuch 3,24,106,0-1 m,0.439659,0.440261,0.6016,1368.40
Kartierung Versuch 3,24,107,0-1 m,0.593970,0.590862,-3.1082,-5232.85
Kartierung Versuch 3,24,108,2-3 m,2.586271,2.604827,18.5551,7174.47
Kartierung Versuch 3,24,109,1-2 m,1.988165,2.002489,14.3237,7204.48
Kartierung Versuch 3,24,110,1-2 m,1.035761,1.042160,6.3993,6178.33
Kartierung Versuch 3,24,111,1-2 m,1.629969,1.639642,9.6724,5934.12
Kartierung Versuch 3,24,112,2-3 m,2.695329,2.712643,17.3136,6423.54
Kartierung Versuch 3,24,113,2-3 m,2.128098,2.140958,12.8604,6043.13
Kartierung Versuch 3,24,114,1-2 m,1.284056,1.293587,9.5313,7422.78
Kartierung Versuch 3,24,115,1-2 m,1.797999,1.810095,12.0962,6727.61
Kartierung Versuch 3,24,116,1-2 m,1.951615,1.961798,10.1833,5217.88
Kartierung Versuch 3,24,117,1-2 m,1.610373,1.619228,8.8554,5498.99
Kartierung Versuch 3,24,118,1-2 m,1.386110,1.397570,11.4601,8267.83
Kartierung Versuch 3,24,119,1-2 m,1.442498,1.455972,13.4742,9340.91
Kartierung Versuch 3,24,120,2-3 m,2.413462,2.428269,14.8070,6135.17
Kartierung Versuch 3,24,121,2-3 m,2.128098,2.142936,14.8386,6972.69
Kartierung Versuch 3,24,122,1-2 m,1.988165,2.004855,16.6896,8394.47
Kartierung Versuch 3,24,123,2-3 m,2.024055,2.042458,18.4025,9091.90
Kartierung Versuch 3,24,200,2-3 m,2.474798,2.496194,21.3959,8645.51
Kartierung Versuch 3,24,202,2-3 m,2.936090,2.952647,16.5565,5638.97
Kartierung Versuch 3,24,203,2-3 m,2.249228,2.264756,15.5287,6904.02
Kartierung Versuch 3,25,26,1-2 m,1.440000,1.451402,11.4021,7918.14
Kartierung Versuch 3,25,27,0-1 m,0.240000,0.242166,2.1664,9026.72
Kartierung Versuch 3,25,28,0-1 m,0.240000,0.242908,2.9085,12118.67
Kartierung Versuch 3,25,29,1-2 m,1.459863,1.472769,12.9057,8840.38
Kartierung Versuch 3,25,30,1-2 m,1.459863,1.470353,10.4896,7185.33
Kartierung Versuch 3,25,31,0-1 m,0.480000,0.484110,4.1096,8561.63
Kartierung Versuch 3,25,32,0-1 m,0.480000,0.485239,5.2395,10915.55
Kartierung Versuch 3,25,33,1-2 m,1.517893,1.531866,13.9723,9205.08
Kartierung Versuch 3,25,34,1-2 m,1.517893,1.527534,9.6408,6351.42
Kartierung Versuch 3,25,35,1-2 m,1.399428,1.418231,18.8025,13435.83
Kartierung Versuch 3,25,36,0-1 m,0.480000,0.483135,3.1348,6530.77
Kartierung Versuch 3,25,37,1-2 m,1.399428,1.401900,2.4711,1765.77
Kartierung Versuch 3,25,38,1-2 m,1.920000,1.933736,13.7356,7153.95
Kartierung Versuch 3,25,39,1-2 m,1.205985,1.218623,12.6378,10479.25
Kartierung Versuch 3,25,40,1-2 m,1.783928,1.804948,21.0202,11783.09
Kartierung Versuch 3,25,41,1-2 m,1.205985,1.211047,5.0619,4197.34
Kartierung Versuch 3,25,42,1-2 m,1.783928,1.788061,4.1330,2316.82
Kartierung Versuch 3,25,43,2-3 m,2.520000,2.536927,16.9274,6717.22
Kartierung Versuch 3,25,44,1-2 m,1.938659,1.961361,22.7020,11710.14
Kartierung Versuch 3,25,45,1-2 m,1.080000,1.087404,7.4036,6855.23
Kartierung Versuch 3,25,46,1-2 m,1.938659,1.942859,4.1999,2166.39
Kartierung Versuch 3,25,47,1-2 m,1.803996,1.820916,16.9202,9379.27
Kartierung Versuch 3,25,48,2-3 m,2.232129,2.256054,23.9245,10718.25
Kartierung Versuch 3,25,49,1-2 m,1.803996,1.810464,6.4682,3585.47
Kartierung Versuch 3,25,50,2-3 m,2.232129,2.239998,7.8690,3525.33
Kartierung Versuch 3,25,51,1-2 m,1.680000,1.691804,11.8035,7025.91
Kartierung Versuch 3,25,52,3-4 m,3.120000,3.139440,19.4396,6230.66
Kartierung Versuch 3,25,53,1-2 m,1.862901,1.870620,7.7193,4143.72
Kartierung Versuch 3,25,54,2-3 m,2.631805,2.645234,13.4285,5102.39
Kartierung Versuch 3,25,55,1-2 m,1.292440,1.300285,7.8453,6070.18
Kartierung Versuch 3,25,56,2-3 m,2.264155,2.272950,8.7943,3884.14
Kartierung Versuch 3,25,57,1-2 m,1.292440,1.301981,9.5412,7382.32
Kartierung Versuch 3,25,58,2-3 m,2.264155,2.286442,22.2868,9843.33
Kartierung Versuch 3,25,59,1-2 m,1.862901,1.877857,14.9555,8028.09
Kartierung Versuch 3,25,60,2-3 m,2.631805,2.656016,24.2102,9199.08
Kartierung Versuch 3,25,61,0-1 m,0.678823,0.681613,2.7906,4110.92
Kartierung Versuch 3,25,62,0-1 m,0.678823,0.686349,7.5269,11088.10
Kartierung Versuch 3,25,63,1-2 m,1.181863,1.188179,6.3165,5344.56
Kartierung Versuch 3,25,64,1-2 m,1.181863,1.190784,8.9213,7548.48
Kartierung Versuch 3,25,65,1-2 m,1.979091,1.995186,16.0953,8132.68
Kartierung Versuch 3,25,66,1-2 m,1.979091,1.991218,12.1273,6127.70
Kartierung Versuch 3,25,67,2-3 m,2.565307,2.583352,18.0450,7034.25
Kartierung Versuch 3,25,68,2-3 m,2.565307,2.582750,17.4426,6799.44
Kartierung Versuch 3,25,100,1-2 m,1.510761,1.518698,7.9371,5253.68
Kartierung Versuch 3,25,101,1-2 m,1.557691,1.563361,5.6705,3640.30
Kartierung Versuch 3,25,102,1-2 m,1.813946,1.817879,3.9334,2168.42
Kartierung Versuch 3,25,103,2-3 m,2.207804,2.214461,6.6571,3015.27
Kartierung Versuch 3,25,104,0-1 m,0.917824,0.923559,5.7352,6248.73
Kartierung Versuch 3,25,105,0-1 m,0.973088,0.975451,2.3632,2428.56
Kartierung Versuch 3,25,106,1-2 m,1.398177,1.401216,3.0383,2173.06
Kartierung Versuch 3,25,107,1-2 m,1.853213,1.859011,5.7981,3128.66
Kartierung Versuch 3,25,108,1-2 m,1.412232,1.422689,10.4564,7404.16
Kartierung Versuch 3,25,109,0-1 m,0.835703,0.842860,7.1569,8563.97
Kartierung Versuch 3,25,110,2-3 m,2.240179,2.254684,14.5052,6475.02
Kartierung Versuch 3,25,111,2-3 m,2.835913,2.853139,17.2267,6074.47
Kartierung Versuch 3,25,112,1-2 m,1.412232,1.420729,8.4967,6016.52
Kartierung Versuch 3,25,113,0-1 m,0.835703,0.839943,4.2398,5073.38
Kartierung Versuch 3,25,114,2-3 m,2.240179,2.256699,16.5199,7374.39
Kartierung Versuch 3,25,115,2-3 m,2.835913,2.854855,18.9423,6679.45
Kartierung Versuch 3,25,116,0-1 m,0.917824,0.925244,7.4208,8085.23
Kartierung Versuch 3,25,117,0-1 m,0.973088,0.985684,12.5966,12944.95
Kartierung Versuch 3,25,118,1-2 m,1.398177,1.415770,17.5930,12582.80
Kartierung Versuch 3,25,119,1-2 m,1.853213,1.872804,19.5905,10571.10
Kartierung Versuch 3,25,120,1-2 m,1.510761,1.524082,13.3208,8817.27
Kartierung Versuch 3,25,121,1-2 m,1.557691,1.575767,18.0760,11604.38
Kartierung Versuch 3,25,122,1-2 m,1.813946,1.835922,21.9758,12114.93
Kartierung Versuch 3,25,123,2-3 m,2.207804,2.231219,23.4143,10605.23
Kartierung Versuch 3,25,200,1-2 m,1.725753,1.736496,10.7423,6224.68
Kartierung Versuch 3,25,202,1-2 m,1.725753,1.735169,9.4159,5456.11
Kartierung Versuch 3,25,203,2-3 m,2.884549,2.906791,22.2415,7710.56
Kartierung Versuch 3,26,27,1-2 m,1.459863,1.470386,10.5231,7208.29
Kartierung Versuch 3,26,28,1-2 m,1.459863,1.473012,13.1494,9007.29
Kartierung Versuch 3,26,29,0-1 m,0.240000,0.241806,1.8060,7524.93
Kartierung Versuch 3,26,30,0-1 m,0.240000,0.241734,1.7341,7225.38
Kartierung Versuch 3,26,31,1-2 m,1.517893,1.526364,8.4712,5580.90
Kartierung Versuch 3,26,32,1-2 m,1.517893,1.532051,14.1573,9326.95
Kartierung Versuch 3,26,33,0-1 m,0.480000,0.483324,3.3237,6924.34
Kartierung Versuch 3,26,34,0-1 m,0.480000,0.483556,3.5561,7408.59
Kartierung Versuch 3,26,35,1-2 m,1.399428,1.407423,7.9948,5712.91
Kartierung Versuch 3,26,36,1-2 m,1.920000,1.934537,14.5368,7571.25
Kartierung Versuch 3,26,37,1-2 m,1.399428,1.410754,11.3255,8092.96
Kartierung Versuch 3,26,38,0-1 m,0.480000,0.482334,2.3342,4862.82
Kartierung Versuch 3,26,39,1-2 m,1.783928,1.792279,8.3512,4681.37
Kartierung Versuch 3,26,40,1-2 m,1.205985,1.215632,9.6465,7998.82
Kartierung Versuch 3,26,41,1-2 m,1.783928,1.800839,16.9112,9479.74
Kartierung Versuch 3,26,42,1-2 m,1.205985,1.211381,5.3960,4474.34
Kartierung Versuch 3,26,43,1-2 m,1.080000,1.085526,5.5261,5116.72
Kartierung Versuch 3,26,44,1-2 m,1.938659,1.952615,13.9559,7198.76
Kartierung Versuch 3,26,45,2-3 m,2.520000,2.538805,18.8046,7462.14
Kartierung Versuch 3,26,46,1-2 m,1.938659,1.953568,14.9090,7690.36
Kartierung Versuch 3,26,47,2-3 m,2.232129,2.245168,13.0394,5841.69
Kartierung Versuch 3,26,48,1-2 m,1.803996,1.818058,14.0624,7795.13
Kartierung Versuch 3,26,49,2-3 m,2.232129,2.250280,18.1510,8131.68
Kartierung Versuch 3,26,50,1-2 m,1.803996,1.816650,12.6542,7014.53
Kartierung Versuch 3,26,51,3-4 m,3.120000,3.143203,23.2035,7437.01
Kartierung Versuch 3,26,52,1-2 m,1.680000,1.688038,8.0375,4784.24
Kartierung Versuch 3,26,53,2-3 m,2.631805,2.651577,19.7716,7512.57
Kartierung Versuch 3,26,54,1-2 m,1.862901,1.875596,12.6953,6814.82
Kartierung Versuch 3,26,55,2-3 m,2.264155,2.283535,19.3800,8559.47
Kartierung Versuch 3,26,56,1-2 m,1.292440,1.295411,2.9711,2298.80
Kartierung Versuch 3,26,57,2-3 m,2.264155,2.275639,11.4837,5071.97
Kartierung Versuch 3,26,58,1-2 m,1.292440,1.304197,11.7578,9097.36
Kartierung Versuch 3,26,59,2-3 m,2.631805,2.646785,14.9792,5691.61
Kartierung Versuch 3,26,60,1-2 m,1.862901,1.877838,14.9370,8018.14
Kartierung Versuch 3,26,61,1-2 m,1.979091,1.991036,11.9451,6035.65
Kartierung Versuch 3,26,62,1-2 m,1.979091,1.996757,17.6667,8926.66
Kartierung Versuch 3,26,63,2-3 m,2.565307,2.581580,16.2734,6343.66
Kartierung Versuch 3,26,64,2-3 m,2.565307,2.585636,20.3286,7924.44
Kartierung Versuch 3,26,65,0-1 m,0.678823,0.683562,4.7395,6981.96
Kartierung Versuch 3,26,66,0-1 m,0.678823,0.681641,2.8181,4151.41
Kartierung Versuch 3,26,67,1-2 m,1.181863,1.188494,6.6309,5610.58
Kartierung Versuch 3,26,68,1-2 m,1.181863,1.188713,6.8498,5795.79
Kartierung Versuch 3,26,100,2-3 m,2.207804,2.227730,19.9257,9025.10
Kartierung Versuch 3,26,101,1-2 m,1.813946,1.831630,17.6838,9748.78
Kartierung Versuch 3,26,102,1-2 m,1.557691,1.569185,11.4948,7379.39
Kartierung Versuch 3,26,103,1-2 m,1.510761,1.516969,6.2072,4108.64
Kartierung Versuch 3,26,104,1-2 m,1.853213,1.871212,17.9985,9712.03
Kartierung Versuch 3,26,105,1-2 m,1.398177,1.412439,14.2612,10199.86
Kartierung Versuch 3,26,106,0-1 m,0.973088,0.979245,6.1570,6327.25
Kartierung Versuch 3,26,107,0-1 m,0.917824,0.918064,0.2408,262.34
Kartierung Versuch 3,26,108,2-3 m,2.835913,2.857860,21.9472,7739.01
Kartierung Versuch 3,26,109,2-3 m,2.240179,2.258376,18.1974,8123.19
Kartierung Versuch 3,26,110,0-1 m,0.835703,0.839563,3.8600,4618.91
Kartierung Versuch 3,26,111,1-2 m,1.412232,1.418178,5.9460,4210.34
Kartierung Versuch 3,26,112,2-3 m,2.835913,2.855238,19.3259,6814.70
Kartierung Versuch 3,26,113,2-3 m,2.240179,2.255127,14.9483,6672.80
Kartierung Versuch 3,26,114,0-1 m,0.835703,0.840637,4.9340,5903.99
Kartierung Versuch 3,26,115,1-2 m,1.412232,1.419763,7.5306,5332.41
Kartierung Versuch 3,26,116,1-2 m,1.853213,1.862209,8.9959,4854.24
Kartierung Versuch 3,26,117,1-2 m,1.398177,1.403627,5.4493,3897.41
Kartierung Versuch 3,26,118,0-1 m,0.973088,0.979101,6.0129,6179.16
Kartierung Versuch 3,26,119,0-1 m,0.917824,0.925958,8.1345,8862.76
Kartierung Versuch 3,26,120,2-3 m,2.207804,2.220025,12.2207,5535.25
Kartierung Versuch 3,26,121,1-2 m,1.813946,1.824364,10.4180,5743.25
Kartierung Versuch 3,26,122,1-2 m,1.557691,1.569048,11.3570,7290.95
Kartierung Versuch 3,26,123,1-2 m,1.510761,1.523928,13.1666,8715.23
Kartierung Versuch 3,26,200,2-3 m,2.884549,2.909310,24.7606,8583.88
Kartierung Versuch 3,26,202,2-3 m,2.884549,2.901258,16.7087,5792.47
Kartierung Versuch 3,26,203,1-2 m,1.725753,1.736310,10.5569,6117.30
Kartierung Versuch 3,27,28,0-1 m,0.480000,0.485075,5.0748,10572.44
Kartierung Versuch 3,27,29,1-2 m,1.440000,1.451689,11.6889,8117.26
Kartierung Versuch 3,27,30,1-2 m,1.517893,1.527902,10.0085,6593.66
Kartierung Versuch 3,27,31,0-1 m,0.240000,0.241946,1.9460,8108.27
Kartierung Versuch 3,27,32,0-1 m,0.720000,0.727406,7.4058,10285.86
Kartierung Versuch 3,27,33,1-2 m,1.459863,1.472410,12.5466,8594.34
Kartierung Versuch 3,27,34,1-2 m,1.609969,1.619577,9.6080,5967.84
Kartierung Versuch 3,27,35,1-2 m,1.200000,1.217097,17.0965,14247.11
Kartierung Versuch 3,27,36,0-1 m,0.536656,0.541548,4.8912,9114.27
Kartierung Versuch 3,27,37,1-2 m,1.609969,1.614255,4.2856,2661.94
Kartierung Versuch 3,27,38,1-2 m,1.934942,1.947870,12.9280,6681.36
Kartierung Versuch 3,27,39,0-1 m,0.967471,0.978055,10.5836,10939.48
Kartierung Versuch 3,27,40,1-2 m,1.632176,1.651458,19.2815,11813.39
Kartierung Versuch 3,27,41,1-2 m,1.444991,1.452233,7.2419,5011.72
Kartierung Versuch 3,27,42,1-2 m,1.953458,1.958633,5.1740,2648.66
Kartierung Versuch 3,27,43,2-3 m,2.531403,2.547533,16.1299,6371.93
Kartierung Versuch 3,27,44,1-2 m,1.718139,1.738890,20.7512,12077.75
Kartierung Versuch 3,27,45,1-2 m,1.106345,1.114655,8.3101,7511.30
Kartierung Versuch 3,27,46,2-3 m,2.163331,2.169662,6.3315,2926.75
Kartierung Versuch 3,27,47,1-2 m,1.564609,1.579389,14.7809,9447.00
Kartierung Versuch 3,27,48,2-3 m,2.043526,2.065573,22.0470,10788.71
Kartierung Versuch 3,27,49,2-3 m,2.043526,2.052171,8.6449,4230.37
Kartierung Versuch 3,27,50,2-3 m,2.429815,2.439427,9.6127,3956.14
Kartierung Versuch 3,27,51,1-2 m,1.697056,1.709566,12.5100,7371.57
Kartierung Versuch 3,27,52,3-4 m,3.129217,3.147681,18.4639,5900.49
Kartierung Versuch 3,27,53,2-3 m,2.095710,2.105511,9.8010,4676.68
Kartierung Versuch 3,27,54,2-3 m,2.801428,2.816158,14.7298,5257.95
Kartierung Versuch 3,27,55,1-2 m,1.517893,1.527789,9.8959,6519.50
Kartierung Versuch 3,27,56,2-3 m,2.400000,2.409200,9.1999,3833.28
Kartierung Versuch 3,27,57,1-2 m,1.073313,1.080547,7.2347,6740.56
Kartierung Versuch 3,27,58,2-3 m,2.146625,2.167186,20.5604,9578.00
Kartierung Versuch 3,27,59,1-2 m,1.632176,1.644941,12.7644,7820.46
Kartierung Versuch 3,27,60,2-3 m,2.473863,2.496157,22.2933,9011.51
Kartierung Versuch 3,27,61,0-1 m,0.536656,0.538386,1.7294,3222.58
Kartierung Versuch 3,27,62,0-1 m,0.865332,0.875064,9.7321,11246.68
Kartierung Versuch 3,27,63,1-2 m,1.106345,1.112200,5.8551,5292.30
Kartierung Versuch 3,27,64,1-2 m,1.297998,1.308575,10.5766,8148.38
Kartierung Versuch 3,27,65,1-2 m,1.934942,1.949800,14.8581,7678.85
Kartierung Versuch 3,27,66,2-3 m,2.050561,2.062451,11.8897,5798.26
Kartierung Versuch 3,27,67,2-3 m,2.531403,2.548287,16.8845,6670.01
Kartierung Versuch 3,27,68,2-3 m,2.620840,2.637866,17.0268,6496.70
Kartierung Versuch 3,27,100,1-2 m,1.749286,1.759349,10.0638,5753.10
Kartierung Versuch 3,27,101,1-2 m,1.789972,1.797849,7.8768,4400.54
Kartierung Versuch 3,27,102,2-3 m,2.016928,2.022683,5.7550,2853.36
Kartierung Versuch 3,27,103,2-3 m,2.377394,2.385155,7.7618,3264.82
Kartierung Versuch 3,27,104,1-2 m,1.154123,1.161932,7.8089,6766.09
Kartierung Versuch 3,27,105,1-2 m,1.198541,1.203006,4.4656,3725.86
Kartierung Versuch 3,27,106,1-2 m,1.563490,1.567445,3.9549,2529.53
Kartierung Versuch 3,27,107,1-2 m,1.980909,1.986844,5.9348,2996.02
Kartierung Versuch 3,27,108,1-2 m,1.481891,1.493709,11.8181,7975.00
Kartierung Versuch 3,27,109,0-1 m,0.948683,0.957837,9.1536,9648.72
Kartierung Versuch 3,27,110,2-3 m,2.284732,2.298781,14.0490,6149.09
Kartierung Versuch 3,27,111,2-3 m,2.871237,2.887706,16.4695,5736.03
Kartierung Versuch 3,27,112,1-2 m,1.381304,1.389957,8.6534,6264.67
Kartierung Versuch 3,27,113,0-1 m,0.782304,0.786701,4.3970,5620.52
Kartierung Versuch 3,27,114,2-3 m,2.220811,2.236315,15.5043,6981.35
Kartierung Versuch 3,27,115,2-3 m,2.820638,2.838498,17.8594,6331.69
Kartierung Versuch 3,27,116,0-1 m,0.684105,0.689187,5.0822,7428.97
Kartierung Versuch 3,27,117,0-1 m,0.756637,0.767616,10.9785,14509.63
Kartierung Versuch 3,27,118,1-2 m,1.257179,1.273081,15.9019,12648.83
Kartierung Versuch 3,27,119,1-2 m,1.749286,1.767271,17.9852,10281.48
Kartierung Versuch 3,27,120,1-2 m,1.272792,1.283902,11.1099,8728.75
Kartierung Versuch 3,27,121,1-2 m,1.328157,1.344297,16.1405,12152.54
Kartierung Versuch 3,27,122,1-2 m,1.621111,1.641280,20.1689,12441.40
Kartierung Versuch 3,27,123,2-3 m,2.052316,2.073891,21.5751,10512.55
Kartierung Versuch 3,27,200,1-2 m,1.913067,1.925144,12.0772,6313.02
Kartierung Versuch 3,27,202,1-2 m,1.553005,1.561100,8.0953,5212.65
Kartierung Versuch 3,27,203,2-3 m,2.784641,2.805504,20.8626,7492.03
Kartierung Versuch 3,28,29,1-2 m,1.517893,1.532879,14.9859,9872.86
Kartierung Versuch 3,28,30,1-2 m,1.440000,1.451791,11.7906,8187.90
Kartierung Versuch 3,28,31,0-1 m,0.720000,0.727018,7.0177,9746.87
Kartierung Versuch 3,28,32,0-1 m,0.240000,0.242332,2.3323,9717.73
Kartierung Versuch 3,28,33,1-2 m,1.609969,1.626228,16.2587,10098.76
Kartierung Versuch 3,28,34,1-2 m,1.459863,1.470251,10.3880,7115.76
Kartierung Versuch 3,28,35,1-2 m,1.609969,1.631378,21.4087,13297.56
Kartierung Versuch 3,28,36,0-1 m,0.536656,0.539328,2.6722,4979.31
Kartierung Versuch 3,28,37,1-2 m,1.200000,1.200497,0.4975,414.57
Kartierung Versuch 3,28,38,1-2 m,1.934942,1.950249,15.3069,7910.80
Kartierung Versuch 3,28,39,1-2 m,1.444991,1.460489,15.4973,10724.85
Kartierung Versuch 3,28,40,1-2 m,1.953458,1.977054,23.5954,12078.81
Kartierung Versuch 3,28,41,0-1 m,0.967471,0.969656,2.1847,2258.11
Kartierung Versuch 3,28,42,1-2 m,1.632176,1.635505,3.3283,2039.18
Kartierung Versuch 3,28,43,2-3 m,2.531403,2.549804,18.4012,7269.17
Kartierung Versuch 3,28,44,2-3 m,2.163331,2.188834,25.5033,11788.90
Kartierung Versuch 3,28,45,1-2 m,1.106345,1.113251,6.9057,6241.94
Kartierung Versuch 3,28,46,1-2 m,1.718139,1.719721,1.5823,920.93
Kartierung Versuch 3,28,47,2-3 m,2.043526,2.063353,19.8270,9702.34
Kartierung Versuch 3,28,48,2-3 m,2.429815,2.456468,26.6533,10969.26
Kartierung Versuch 3,28,49,1-2 m,1.564609,1.568184,3.5757,2285.39
Kartierung Versuch 3,28,50,2-3 m,2.043526,2.049455,5.9283,2901.03
Kartierung Versuch 3,28,51,1-2 m,1.697056,1.708289,11.2332,6619.20
Kartierung Versuch 3,28,52,3-4 m,3.129217,3.150256,21.0388,6723.33
Kartierung Versuch 3,28,53,1-2 m,1.632176,1.637039,4.8629,2979.38
Kartierung Versuch 3,28,54,2-3 m,2.473863,2.485978,12.1149,4897.17
Kartierung Versuch 3,28,55,1-2 m,1.073313,1.078362,5.0496,4704.67
Kartierung Versuch 3,28,56,2-3 m,2.146625,2.155359,8.7335,4068.48
Kartierung Versuch 3,28,57,1-2 m,1.517893,1.530306,12.4131,8177.83
Kartierung Versuch 3,28,58,2-3 m,2.400000,2.424818,24.8175,10340.65
Kartierung Versuch 3,28,59,2-3 m,2.095710,2.113497,17.7869,8487.27
Kartierung Versuch 3,28,60,2-3 m,2.801428,2.828380,26.9515,9620.63
Kartierung Versuch 3,28,61,0-1 m,0.865332,0.870266,4.9341,5701.92
Kartierung Versuch 3,28,62,0-1 m,0.536656,0.541299,4.6424,8650.60
Kartierung Versuch 3,28,63,1-2 m,1.297998,1.305436,7.4373,5729.84
Kartierung Versuch 3,28,64,1-2 m,1.106345,1.113436,7.0904,6408.84
Kartierung Versuch 3,28,65,2-3 m,2.050561,2.068703,18.1421,8847.37
Kartierung Versuch 3,28,66,1-2 m,1.934942,1.947942,13.0006,6718.88
Kartierung Versuch 3,28,67,2-3 m,2.620840,2.640792,19.9529,7613.18
Kartierung Versuch 3,28,68,2-3 m,2.531403,2.549816,18.4128,7273.76
Kartierung Versuch 3,28,100,1-2 m,1.272792,1.277836,5.0440,3962.98
Kartierung Versuch 3,28,101,1-2 m,1.328157,1.331030,2.8729,2163.06
Kartierung Versuch 3,28,102,1-2 m,1.621111,1.623038,1.9268,1188.58
Kartierung Versuch 3,28,103,2-3 m,2.052316,2.057976,5.6605,2758.09
Kartierung Versuch 3,28,104,0-1 m,0.684105,0.687033,2.9282,4280.39
Kartierung Versuch 3,28,105,0-1 m,0.756637,0.756540,-0.0977,-129.16
Kartierung Versuch 3,28,106,1-2 m,1.257179,1.259758,2.5790,2051.38
Kartierung Versuch 3,28,107,1-2 m,1.749286,1.755492,6.2064,3547.94
Kartierung Versuch 3,28,108,1-2 m,1.381304,1.390378,9.0745,6569.54
Kartierung Versuch 3,28,109,0-1 m,0.782304,0.787417,5.1128,6535.53
Kartierung Versuch 3,28,110,2-3 m,2.220811,2.236418,15.6077,7027.91
Kartierung Versuch 3,28,111,2-3 m,2.820638,2.839216,18.5778,6586.39
Kartierung Versuch 3,28,112,1-2 m,1.481891,1.490668,8.7777,5923.28
Kartierung Versuch 3,28,113,0-1 m,0.948683,0.953761,5.0779,5352.56
Kartierung Versuch 3,28,114,2-3 m,2.284732,2.303026,18.2944,8007.25
Kartierung Versuch 3,28,115,2-3 m,2.871237,2.891955,20.7185,7215.88
Kartierung Versuch 3,28,116,1-2 m,1.154123,1.164495,10.3715,8986.45
Kartierung Versuch 3,28,117,1-2 m,1.198541,1.213744,15.2035,12685.02
Kartierung Versuch 3,28,118,1-2 m,1.563490,1.583613,20.1231,12870.63
Kartierung Versuch 3,28,119,1-2 m,1.980909,2.002918,22.0093,11110.72
Kartierung Versuch 3,28,120,1-2 m,1.749286,1.765508,16.2226,9273.86
Kartierung Versuch 3,28,121,1-2 m,1.789972,1.810840,20.8680,11658.31
Kartierung Versuch 3,28,122,2-3 m,2.016928,2.041577,24.6485,12220.81
Kartierung Versuch 3,28,123,2-3 m,2.377394,2.403474,26.0801,10970.05
Kartierung Versuch 3,28,200,1-2 m,1.553005,1.561913,8.9083,5736.19
Kartierung Versuch 3,28,202,1-2 m,1.913067,1.924418,11.3513,5933.54
Kartierung Versuch 3,28,203,3-4 m,3.000371,3.024800,24.4289,8141.97
Kartierung Versuch 3,29,30,0-1 m,0.480000,0.483540,3.5400,7374.93
Kartierung Versuch 3,29,31,1-2 m,1.459863,1.469064,9.2005,6302.31
Kartierung Versuch 3,29,32,1-2 m,1.609969,1.626138,16.1694,10043.28
Kartierung Versuch 3,29,33,0-1 m,0.240000,0.241518,1.5180,6325.02
Kartierung Versuch 3,29,34,0-1 m,0.720000,0.725362,5.3621,7447.32
Kartierung Versuch 3,29,35,1-2 m,1.200000,1.206265,6.2651,5220.94
Kartierung Versuch 3,29,36,1-2 m,1.934942,1.951000,16.0577,8298.78
Kartierung Versuch 3,29,37,1-2 m,1.609969,1.622737,12.7678,7930.43
Kartierung Versuch 3,29,38,0-1 m,0.536656,0.538735,2.0790,3873.97
Kartierung Versuch 3,29,39,1-2 m,1.632176,1.639650,7.4734,4578.82
Kartierung Versuch 3,29,40,0-1 m,0.967471,0.975284,7.8127,8075.41
Kartierung Versuch 3,29,41,1-2 m,1.953458,1.971869,18.4103,9424.46
Kartierung Versuch 3,29,42,1-2 m,1.444991,1.452146,7.1546,4951.29
Kartierung Versuch 3,29,43,1-2 m,1.106345,1.111156,4.8109,4348.48
Kartierung Versuch 3,29,44,1-2 m,1.718139,1.730385,12.2469,7127.98
Kartierung Versuch 3,29,45,2-3 m,2.531403,2.551470,20.0672,7927.30
Kartierung Versuch 3,29,46,2-3 m,2.163331,2.179743,16.4124,7586.63
Kartierung Versuch 3,29,47,2-3 m,2.043526,2.055381,11.8550,5801.25
Kartierung Versuch 3,29,48,1-2 m,1.564609,1.576874,12.2651,7839.06
Kartierung Versuch 3,29,49,2-3 m,2.429815,2.449459,19.6447,8084.84
Kartierung Versuch 3,29,50,2-3 m,2.043526,2.057960,14.4338,7063.19
Kartierung Versuch 3,29,51,3-4 m,3.129217,3.153562,24.3449,7779.87
Kartierung Versuch 3,29,52,1-2 m,1.697056,1.703913,6.8570,4040.52
Kartierung Versuch 3,29,53,2-3 m,2.801428,2.822699,21.2703,7592.66
Kartierung Versuch 3,29,54,2-3 m,2.095710,2.110157,14.4471,6893.66
Kartierung Versuch 3,29,55,2-3 m,2.400000,2.420987,20.9865,8744.40
Kartierung Versuch 3,29,56,1-2 m,1.517893,1.522462,4.5685,3009.80
Kartierung Versuch 3,29,57,2-3 m,2.146625,2.157764,11.1391,5189.13
Kartierung Versuch 3,29,58,1-2 m,1.073313,1.083237,9.9248,9246.85
Kartierung Versuch 3,29,59,2-3 m,2.473863,2.488047,14.1833,5733.24
Kartierung Versuch 3,29,60,1-2 m,1.632176,1.645202,13.0252,7980.24
Kartierung Versuch 3,29,61,1-2 m,1.934942,1.947806,12.8638,6648.17
Kartierung Versuch 3,29,62,2-3 m,2.050561,2.070136,19.5755,9546.41
Kartierung Versuch 3,29,63,2-3 m,2.531403,2.548448,17.0450,6733.40
Kartierung Versuch 3,29,64,2-3 m,2.620840,2.642730,21.8908,8352.60
Kartierung Versuch 3,29,65,0-1 m,0.536656,0.539707,3.0507,5684.67
Kartierung Versuch 3,29,66,0-1 m,0.865332,0.869347,4.0150,4639.79
Kartierung Versuch 3,29,67,1-2 m,1.106345,1.111443,5.0978,4607.82
Kartierung Versuch 3,29,68,1-2 m,1.297998,1.304918,6.9196,5330.95
Kartierung Versuch 3,29,100,2-3 m,2.377394,2.398854,21.4602,9026.78
Kartierung Versuch 3,29,101,2-3 m,2.016928,2.036059,19.1310,9485.22
Kartierung Versuch 3,29,102,1-2 m,1.789972,1.803072,13.0995,7318.24
Kartierung Versuch 3,29,103,1-2 m,1.749286,1.757309,8.0231,4586.49
Kartierung Versuch 3,29,104,1-2 m,1.980909,2.000462,19.5527,9870.57
Kartierung Versuch 3,29,105,1-2 m,1.563490,1.579137,15.6471,10007.82
Kartierung Versuch 3,29,106,1-2 m,1.198541,1.206219,7.6784,6406.48
Kartierung Versuch 3,29,107,1-2 m,1.154123,1.156165,2.0416,1768.99
Kartierung Versuch 3,29,108,2-3 m,2.871237,2.894633,23.3963,8148.51
Kartierung Versuch 3,29,109,2-3 m,2.284732,2.304640,19.9084,8713.66
Kartierung Versuch 3,29,110,0-1 m,0.948683,0.952888,4.2049,4432.34
Kartierung Versuch 3,29,111,1-2 m,1.481891,1.487166,5.2755,3559.99
Kartierung Versuch 3,29,112,2-3 m,2.820638,2.840906,20.2681,7185.64
Kartierung Versuch 3,29,113,2-3 m,2.220811,2.236849,16.0387,7222.02
Kartierung Versuch 3,29,114,0-1 m,0.782304,0.786039,3.7346,4773.85
Kartierung Versuch 3,29,115,1-2 m,1.381304,1.387452,6.1485,4451.25
Kartierung Versuch 3,29,116,1-2 m,1.749286,1.758215,8.9291,5104.40
Kartierung Versuch 3,29,117,1-2 m,1.257179,1.261785,4.6059,3663.67
Kartierung Versuch 3,29,118,0-1 m,0.756637,0.760814,4.1769,5520.35
Kartierung Versuch 3,29,119,0-1 m,0.684105,0.690508,6.4030,9359.61
Kartierung Versuch 3,29,120,2-3 m,2.052316,2.063763,11.4476,5577.90
Kartierung Versuch 3,29,121,1-2 m,1.621111,1.630055,8.9446,5517.55
Kartierung Versuch 3,29,122,1-2 m,1.328157,1.337698,9.5413,7183.84
Kartierung Versuch 3,29,123,1-2 m,1.272792,1.284147,11.3543,8920.78
Kartierung Versuch 3,29,200,3-4 m,3.000371,3.026285,25.9143,8637.03
Kartierung Versuch 3,29,202,2-3 m,2.784641,2.801599,16.9579,6089.79
Kartierung Versuch 3,29,203,1-2 m,1.553005,1.561884,8.8784,5716.90
Kartierung Versuch 3,30,31,1-2 m,1.609969,1.618397,8.4276,5234.62
Kartierung Versuch 3,30,32,1-2 m,1.459863,1.472396,12.5330,8585.03
Kartierung Versuch 3,30,33,0-1 m,0.720000,0.725058,5.0578,7024.69
Kartierung Versuch 3,30,34,0-1 m,0.240000,0.241822,1.8221,7592.21
Kartierung Versuch 3,30,35,1-2 m,1.609969,1.619816,9.8473,6116.46
Kartierung Versuch 3,30,36,1-2 m,1.934942,1.948494,13.5520,7003.85
Kartierung Versuch 3,30,37,1-2 m,1.200000,1.210261,10.2607,8550.56
Kartierung Versuch 3,30,38,0-1 m,0.536656,0.540045,3.3891,6315.21
Kartierung Versuch 3,30,39,1-2 m,1.953458,1.963077,9.6189,4924.05
Kartierung Versuch 3,30,40,1-2 m,1.444991,1.456417,11.4256,7907.04
Kartierung Versuch 3,30,41,1-2 m,1.632176,1.647945,15.7686,9661.06
Kartierung Versuch 3,30,42,0-1 m,0.967471,0.971246,3.7754,3902.34
Kartierung Versuch 3,30,43,1-2 m,1.106345,1.112774,6.4287,5810.74
Kartierung Versuch 3,30,44,2-3 m,2.163331,2.179058,15.7271,7269.85
Kartierung Versuch 3,30,45,2-3 m,2.531403,2.549434,18.0311,7122.97
Kartierung Versuch 3,30,46,1-2 m,1.718139,1.731825,13.6866,7965.96
Kartierung Versuch 3,30,47,2-3 m,2.429815,2.444275,14.4597,5950.95
Kartierung Versuch 3,30,48,2-3 m,2.043526,2.059335,15.8088,7736.06
Kartierung Versuch 3,30,49,2-3 m,2.043526,2.060509,16.9830,8310.64
Kartierung Versuch 3,30,50,1-2 m,1.564609,1.575589,10.9801,7017.78
Kartierung Versuch 3,30,51,3-4 m,3.129217,3.151738,22.5203,7196.80
Kartierung Versuch 3,30,52,1-2 m,1.697056,1.706291,9.2350,5441.78
Kartierung Versuch 3,30,53,2-3 m,2.473863,2.492492,18.6286,7530.16
Kartierung Versuch 3,30,54,1-2 m,1.632176,1.643111,10.9345,6699.35
Kartierung Versuch 3,30,55,2-3 m,2.146625,2.164770,18.1443,8452.47
Kartierung Versuch 3,30,56,1-2 m,1.073313,1.074734,1.4213,1324.18
Kartierung Versuch 3,30,57,2-3 m,2.400000,2.412282,12.2824,5117.67
Kartierung Versuch 3,30,58,1-2 m,1.517893,1.531299,13.4055,8831.64
Kartierung Versuch 3,30,59,2-3 m,2.801428,2.817528,16.0995,5746.89
Kartierung Versuch 3,30,60,2-3 m,2.095710,2.112391,16.6809,7959.57
Kartierung Versuch 3,30,61,2-3 m,2.050561,2.062181,11.6205,5667.00
Kartierung Versuch 3,30,62,1-2 m,1.934942,1.951114,16.1725,8358.13
Kartierung Versuch 3,30,63,2-3 m,2.620840,2.636857,16.0171,6111.45
Kartierung Versuch 3,30,64,2-3 m,2.531403,2.550612,19.2094,7588.46
Kartierung Versuch 3,30,65,0-1 m,0.865332,0.871638,6.3060,7287.36
Kartierung Versuch 3,30,66,0-1 m,0.536656,0.538669,2.0130,3751.09
Kartierung Versuch 3,30,67,1-2 m,1.297998,1.306086,8.0878,6230.99
Kartierung Versuch 3,30,68,1-2 m,1.106345,1.113343,6.9980,6325.36
Kartierung Versuch 3,30,100,2-3 m,2.052316,2.071049,18.7337,9128.07
Kartierung Versuch 3,30,101,1-2 m,1.621111,1.637678,16.5675,10219.84
Kartierung Versuch 3,30,102,1-2 m,1.328157,1.338290,10.1330,7629.35
Kartierung Versuch 3,30,103,1-2 m,1.272792,1.277208,4.4156,3469.25
Kartierung Versuch 3,30,104,1-2 m,1.749286,1.766103,16.8169,9613.61
Kartierung Versuch 3,30,105,1-2 m,1.257179,1.270445,13.2654,10551.73
Kartierung Versuch 3,30,106,0-1 m,0.756637,0.761679,5.0418,6663.47
Kartierung Versuch 3,30,107,0-1 m,0.684105,0.682559,-1.5467,-2260.97
Kartierung Versuch 3,30,108,2-3 m,2.820638,2.841587,20.9490,7427.05
Kartierung Versuch 3,30,109,2-3 m,2.220811,2.237758,16.9469,7630.94
Kartierung Versuch 3,30,110,0-1 m,0.782304,0.786242,3.9380,5033.86
Kartierung Versuch 3,30,111,1-2 m,1.381304,1.388108,6.8041,4925.88
Kartierung Versuch 3,30,112,2-3 m,2.871237,2.890109,18.8725,6572.97
Kartierung Versuch 3,30,113,2-3 m,2.284732,2.299133,14.4012,6303.25
Kartierung Versuch 3,30,114,0-1 m,0.948683,0.954902,6.2189,6555.28
Kartierung Versuch 3,30,115,1-2 m,1.481891,1.490769,8.8780,5991.02
Kartierung Versuch 3,30,116,1-2 m,1.980909,1.990518,9.6093,4850.94
Kartierung Versuch 3,30,117,1-2 m,1.563490,1.570257,6.7671,4328.18
Kartierung Versuch 3,30,118,1-2 m,1.198541,1.206422,7.8810,6575.50
Kartierung Versuch 3,30,119,1-2 m,1.154123,1.163895,9.7718,8466.85
Kartierung Versuch 3,30,120,2-3 m,2.377394,2.390743,13.3492,5615.06
Kartierung Versuch 3,30,121,2-3 m,2.016928,2.029010,12.0814,5989.99
Kartierung Versuch 3,30,122,1-2 m,1.789972,1.803149,13.1769,7361.52
Kartierung Versuch 3,30,123,1-2 m,1.749286,1.764157,14.8718,8501.64
Kartierung Versuch 3,30,200,2-3 m,2.784641,2.808656,24.0147,8624.00
Kartierung Versuch 3,30,202,3-4 m,3.000371,3.017291,16.9199,5639.26
Kartierung Versuch 3,30,203,1-2 m,1.913067,1.925109,12.0422,6294.70
Kartierung Versuch 3,31,32,0-1 m,0.960000,0.969347,9.3468,9736.29
Kartierung Versuch 3,31,33,1-2 m,1.440000,1.449783,9.7834,6794.05
Kartierung Versuch 3,31,34,1-2 m,1.730665,1.739186,8.5211,4923.62
Kartierung Versuch 3,31,35,1-2 m,1.018234,1.032705,14.4713,14212.20
Kartierung Versuch 3,31,36,0-1 m,0.678823,0.686873,8.0505,11859.52
Kartierung Versuch 3,31,37,1-2 m,1.827786,1.833155,5.3698,2937.89
Kartierung Versuch 3,31,38,1-2 m,1.979091,1.989913,10.8228,5468.57
Kartierung Versuch 3,31,39,0-1 m,0.729932,0.738476,8.5449,11706.47
Kartierung Versuch 3,31,40,1-2 m,1.503596,1.519872,16.2762,10824.82
Kartierung Versuch 3,31,41,1-2 m,1.684280,1.693358,9.0781,5389.92
Kartierung Versuch 3,31,42,2-3 m,2.136539,2.141838,5.2990,2480.18
Kartierung Versuch 3,31,43,2-3 m,2.565307,2.579254,13.9467,5436.68
Kartierung Versuch 3,31,44,1-2 m,1.503596,1.521850,18.2540,12140.23
Kartierung Versuch 3,31,45,1-2 m,1.181863,1.192949,11.0860,9380.09
Kartierung Versuch 3,31,46,2-3 m,2.390983,2.398760,7.7769,3252.60
Kartierung Versuch 3,31,47,1-2 m,1.325443,1.338169,12.7254,9600.87
Kartierung Versuch 3,31,48,1-2 m,1.866762,1.885977,19.2149,10293.20
Kartierung Versuch 3,31,49,2-3 m,2.283156,2.293665,10.5094,4602.99
Kartierung Versuch 3,31,50,2-3 m,2.634540,2.644977,10.4373,3961.71
Kartierung Versuch 3,31,51,1-2 m,1.747226,1.762297,15.0701,8625.17
Kartierung Versuch 3,31,52,3-4 m,3.156707,3.172764,16.0565,5086.48
Kartierung Versuch 3,31,53,2-3 m,2.329979,2.342004,12.0251,5161.01
Kartierung Versuch 3,31,54,2-3 m,2.980738,2.995681,14.9433,5013.28
Kartierung Versuch 3,31,55,1-2 m,1.747226,1.759449,12.2222,6995.18
Kartierung Versuch 3,31,56,2-3 m,2.551235,2.559754,8.5191,3339.20
Kartierung Versuch 3,31,57,0-1 m,0.865332,0.871329,5.9970,6930.32
Kartierung Versuch 3,31,58,2-3 m,2.050561,2.068044,17.4830,8525.96
Kartierung Versuch 3,31,59,1-2 m,1.404564,1.415908,11.3445,8076.88
Kartierung Versuch 3,31,60,2-3 m,2.329979,2.349190,19.2115,8245.37
Kartierung Versuch 3,31,61,0-1 m,0.480000,0.483739,3.7394,7790.35
Kartierung Versuch 3,31,62,1-2 m,1.073313,1.085748,12.4349,11585.57
Kartierung Versuch 3,31,63,1-2 m,1.080000,1.087697,7.6968,7126.63
Kartierung Versuch 3,31,64,1-2 m,1.444991,1.458496,13.5044,9345.63
Kartierung Versuch 3,31,65,1-2 m,1.920000,1.932249,12.2488,6379.56
Kartierung Versuch 3,31,66,2-3 m,2.146625,2.157066,10.4404,4863.63
Kartierung Versuch 3,31,67,2-3 m,2.520000,2.534315,14.3154,5680.71
Kartierung Versuch 3,31,68,2-3 m,2.696665,2.711930,15.2649,5660.66
Kartierung Versuch 3,31,100,1-2 m,1.988165,2.000292,12.1273,6099.76
Kartierung Versuch 3,31,101,2-3 m,2.024055,2.033577,9.5212,4704.03
Kartierung Versuch 3,31,102,2-3 m,2.227285,2.234016,6.7310,3022.06
Kartierung Versuch 3,31,103,2-3 m,2.558281,2.566147,7.8663,3074.84
Kartierung Versuch 3,31,104,1-2 m,1.391690,1.401598,9.9085,7119.73
Kartierung Versuch 3,31,105,1-2 m,1.428741,1.434708,5.9672,4176.53
Kartierung Versuch 3,31,106,1-2 m,1.746224,1.750279,4.0544,2321.81
Kartierung Versuch 3,31,107,2-3 m,2.128098,2.133181,5.0834,2388.71
Kartierung Versuch 3,31,108,1-2 m,1.585181,1.599940,14.7586,9310.35
Kartierung Versuch 3,31,109,1-2 m,1.103087,1.115354,12.2678,11121.33
Kartierung Versuch 3,31,110,2-3 m,2.353041,2.365323,12.2821,5219.67
Kartierung Versuch 3,31,111,2-3 m,2.925884,2.940215,14.3307,4897.90
Kartierung Versuch 3,31,112,1-2 m,1.391690,1.402598,10.9089,7838.58
Kartierung Versuch 3,31,113,0-1 m,0.800500,0.807522,7.0217,8771.65
Kartierung Versuch 3,31,114,2-3 m,2.227285,2.240392,13.1068,5884.65
Kartierung Versuch 3,31,115,2-3 m,2.825739,2.841090,15.3509,5432.53
Kartierung Versuch 3,31,116,0-1 m,0.456946,0.460383,3.4371,7521.90
Kartierung Versuch 3,31,117,0-1 m,0.559732,0.568448,8.7156,15571.04
Kartierung Versuch 3,31,118,1-2 m,1.149478,1.162317,12.8391,11169.51
Kartierung Versuch 3,31,119,1-2 m,1.673559,1.688547,14.9875,8955.48
Kartierung Versuch 3,31,120,1-2 m,1.035761,1.045146,9.3853,9061.26
Kartierung Versuch 3,31,121,1-2 m,1.103087,1.116949,13.8629,12567.36
Kartierung Versuch 3,31,122,1-2 m,1.442498,1.459912,17.4140,12072.14
Kartierung Versuch 3,31,123,1-2 m,1.914367,1.932894,18.5269,9677.83
Kartierung Versuch 3,31,200,2-3 m,2.111072,2.125372,14.2999,6773.76
Kartierung Versuch 3,31,202,1-2 m,1.400223,1.408791,8.5674,6118.59
Kartierung Versuch 3,31,203,2-3 m,2.702411,2.720548,18.1369,6711.37
Kartierung Versuch 3,32,33,1-2 m,1.730665,1.748221,17.5569,10144.59
Kartierung Versuch 3,32,34,1-2 m,1.440000,1.450755,10.7552,7468.89
Kartierung Versuch 3,32,35,1-2 m,1.827786,1.850899,23.1138,12645.79
Kartierung Versuch 3,32,36,0-1 m,0.678823,0.683268,4.4460,6549.56
Kartierung Versuch 3,32,37,1-2 m,1.018234,1.017003,-1.2304,-1208.40
Kartierung Versuch 3,32,38,1-2 m,1.979091,1.995182,16.0911,8130.53
Kartierung Versuch 3,32,39,1-2 m,1.684280,1.701994,17.7137,10517.05
Kartierung Versuch 3,32,40,2-3 m,2.136539,2.161649,25.1099,11752.58
Kartierung Versuch 3,32,41,0-1 m,0.729932,0.729660,-0.2715,-371.93
Kartierung Versuch 3,32,42,1-2 m,1.503596,1.506145,2.5490,1695.26
Kartierung Versuch 3,32,43,2-3 m,2.565307,2.584338,19.0305,7418.41
Kartierung Versuch 3,32,44,2-3 m,2.390983,2.418424,27.4414,11477.05
Kartierung Versuch 3,32,45,1-2 m,1.181863,1.189990,8.1273,6876.69
Kartierung Versuch 3,32,46,1-2 m,1.503596,1.502701,-0.8947,-595.01
Kartierung Versuch 3,32,47,2-3 m,2.283156,2.305254,22.0986,9678.96
Kartierung Versuch 3,32,48,2-3 m,2.634540,2.662908,28.3683,10767.85
Kartierung Versuch 3,32,49,1-2 m,1.325443,1.326610,1.1672,880.58
Kartierung Versuch 3,32,50,1-2 m,1.866762,1.870702,3.9400,2110.60
Kartierung Versuch 3,32,51,1-2 m,1.747226,1.759408,12.1820,6972.19
Kartierung Versuch 3,32,52,3-4 m,3.156707,3.178459,21.7516,6890.60
Kartierung Versuch 3,32,53,1-2 m,1.404564,1.407545,2.9808,2122.25
Kartierung Versuch 3,32,54,2-3 m,2.329979,2.340546,10.5670,4535.22
Kartierung Versuch 3,32,55,0-1 m,0.865332,0.868852,3.5198,4067.56
Kartierung Versuch 3,32,56,2-3 m,2.050561,2.058975,8.4138,4103.15
Kartierung Versuch 3,32,57,1-2 m,1.747226,1.762282,15.0557,8616.94
Kartierung Versuch 3,32,58,2-3 m,2.551235,2.577480,26.2453,10287.30
Kartierung Versuch 3,32,59,2-3 m,2.329979,2.350280,20.3010,8712.94
Kartierung Versuch 3,32,60,2-3 m,2.980738,3.009335,28.5965,9593.77
Kartierung Versuch 3,32,61,1-2 m,1.073313,1.080784,7.4713,6960.93
Kartierung Versuch 3,32,62,0-1 m,0.480000,0.483754,3.7539,7820.64
Kartierung Versuch 3,32,63,1-2 m,1.444991,1.454599,9.6081,6649.26
Kartierung Versuch 3,32,64,1-2 m,1.080000,1.087169,7.1688,6637.78
Kartierung Versuch 3,32,65,2-3 m,2.146625,2.165844,19.2191,8953.15
Kartierung Versuch 3,32,66,1-2 m,1.920000,1.933316,13.3161,6935.49
Kartierung Versuch 3,32,67,2-3 m,2.696665,2.717555,20.8908,7746.90
Kartierung Versuch 3,32,68,2-3 m,2.520000,2.538676,18.6761,7411.14
Kartierung Versuch 3,32,100,1-2 m,1.035761,1.038692,2.9310,2829.85
Kartierung Versuch 3,32,101,1-2 m,1.103087,1.103376,0.2891,262.08
Kartierung Versuch 3,32,102,1-2 m,1.442498,1.442473,-0.0252,-17.47
Kartierung Versuch 3,32,103,1-2 m,1.914367,1.918920,4.5530,2378.34
Kartierung Versuch 3,32,104,0-1 m,0.456946,0.458223,1.2766,2793.87
Kartierung Versuch 3,32,105,0-1 m,0.559732,0.557554,-2.1779,-3890.93
Kartierung Versuch 3,32,106,1-2 m,1.149478,1.151812,2.3339,2030.43
Kartierung Versuch 3,32,107,1-2 m,1.673559,1.680012,6.4525,3855.54
Kartierung Versuch 3,32,108,1-2 m,1.391690,1.401124,9.4347,6779.28
Kartierung Versuch 3,32,109,0-1 m,0.800500,0.805720,5.2200,6520.89
Kartierung Versuch 3,32,110,2-3 m,2.227285,2.243291,16.0058,7186.23
Kartierung Versuch 3,32,111,2-3 m,2.825739,2.844884,19.1455,6775.40
Kartierung Versuch 3,32,112,1-2 m,1.585181,1.595588,10.4067,6564.99
Kartierung Versuch 3,32,113,1-2 m,1.103087,1.110253,7.1664,6496.65
Kartierung Versuch 3,32,114,2-3 m,2.353041,2.372192,19.1517,8139.14
Kartierung Versuch 3,32,115,2-3 m,2.925884,2.947439,21.5542,7366.73
Kartierung Versuch 3,32,116,1-2 m,1.391690,1.404569,12.8793,9254.43
Kartierung Versuch 3,32,117,1-2 m,1.428741,1.445799,17.0584,11939.43
Kartierung Versuch 3,32,118,1-2 m,1.746224,1.767836,21.6113,12376.03
Kartierung Versuch 3,32,119,2-3 m,2.128098,2.151448,23.3505,10972.47
Kartierung Versuch 3,32,120,1-2 m,1.988165,2.006816,18.6510,9380.99
Kartierung Versuch 3,32,121,2-3 m,2.024055,2.046947,22.8913,11309.64
Kartierung Versuch 3,32,122,2-3 m,2.227285,2.253634,26.3486,11829.92
Kartierung Versuch 3,32,123,2-3 m,2.558281,2.585943,27.6619,10812.68
Kartierung Versuch 3,32,200,1-2 m,1.400223,1.408982,8.7587,6255.21
Kartierung Versuch 3,32,202,2-3 m,2.111072,2.124721,13.6486,6465.26
Kartierung Versuch 3,32,203,3-4 m,3.130339,3.155878,25.5383,8158.32
Kartierung Versuch 3,33,34,0-1 m,0.960000,0.966880,6.8798,7166.45
Kartierung Versuch 3,33,35,1-2 m,1.018234,1.022686,4.4527,4372.95
Kartierung Versuch 3,33,36,1-2 m,1.979091,1.996228,17.1371,8659.06
Kartierung Versuch 3,33,37,1-2 m,1.827786,1.841602,13.8165,7559.14
Kartierung Versuch 3,33,38,0-1 m,0.678823,0.681917,3.0941,4557.98
Kartierung Versuch 3,33,39,1-2 m,1.503596,1.510151,6.5554,4359.84
Kartierung Versuch 3,33,40,0-1 m,0.729932,0.736089,6.1574,8435.54
Kartierung Versuch 3,33,41,2-3 m,2.136539,2.155929,19.3898,9075.33
Kartierung Versuch 3,33,42,1-2 m,1.684280,1.692880,8.6002,5106.16
Kartierung Versuch 3,33,43,1-2 m,1.181863,1.186933,5.0698,4289.70
Kartierung Versuch 3,33,44,1-2 m,1.503596,1.514161,10.5656,7026.89
Kartierung Versuch 3,33,45,2-3 m,2.565307,2.586189,20.8820,8140.17
Kartierung Versuch 3,33,46,2-3 m,2.390983,2.408518,17.5344,7333.57
Kartierung Versuch 3,33,47,1-2 m,1.866762,1.877410,10.6481,5704.04
Kartierung Versuch 3,33,48,1-2 m,1.325443,1.336152,10.7091,8079.66
Kartierung Versuch 3,33,49,2-3 m,2.634540,2.655206,20.6657,7844.15
Kartierung Versuch 3,33,50,2-3 m,2.283156,2.299057,15.9018,6964.82
Kartierung Versuch 3,33,51,3-4 m,3.156707,3.181734,25.0264,7928.01
Kartierung Versuch 3,33,52,1-2 m,1.747226,1.753758,6.5311,3738.01
Kartierung Versuch 3,33,53,2-3 m,2.980738,3.002984,22.2459,7463.23
Kartierung Versuch 3,33,54,2-3 m,2.329979,2.346018,16.0399,6884.16
Kartierung Versuch 3,33,55,2-3 m,2.551235,2.573263,22.0283,8634.36
Kartierung Versuch 3,33,56,1-2 m,1.747226,1.753335,6.1082,3495.93
Kartierung Versuch 3,33,57,2-3 m,2.050561,2.061219,10.6577,5197.47
Kartierung Versuch 3,33,58,0-1 m,0.865332,0.873933,8.6008,9939.36
Kartierung Versuch 3,33,59,2-3 m,2.329979,2.343265,13.2866,5702.47
Kartierung Versuch 3,33,60,1-2 m,1.404564,1.416097,11.5328,8210.91
Kartierung Versuch 3,33,61,1-2 m,1.920000,1.933523,13.5227,7043.08
Kartierung Versuch 3,33,62,2-3 m,2.146625,2.167526,20.9009,9736.63
Kartierung Versuch 3,33,63,2-3 m,2.520000,2.537479,17.4789,6936.09
Kartierung Versuch 3,33,64,2-3 m,2.696665,2.719589,22.9241,8500.92
Kartierung Versuch 3,33,65,0-1 m,0.480000,0.482466,2.4662,5137.86
Kartierung Versuch 3,33,66,1-2 m,1.073313,1.078797,5.4841,5109.48
Kartierung Versuch 3,33,67,1-2 m,1.080000,1.084533,4.5326,4196.89
Kartierung Versuch 3,33,68,1-2 m,1.444991,1.452635,7.6436,5289.70
Kartierung Versuch 3,33,100,2-3 m,2.558281,2.580743,22.4627,8780.37
Kartierung Versuch 3,33,101,2-3 m,2.227285,2.247416,20.1308,9038.25
Kartierung Versuch 3,33,102,2-3 m,2.024055,2.038411,14.3555,7092.43
Kartierung Versuch 3,33,103,1-2 m,1.988165,1.997764,9.5988,4827.99
Kartierung Versuch 3,33,104,2-3 m,2.128098,2.148633,20.5354,9649.67
Kartierung Versuch 3,33,105,1-2 m,1.746224,1.762762,16.5375,9470.41
Kartierung Versuch 3,33,106,1-2 m,1.428741,1.437617,8.8763,6212.71
Kartierung Versuch 3,33,107,1-2 m,1.391690,1.395324,3.6340,2611.20
Kartierung Versuch 3,33,108,2-3 m,2.925884,2.950227,24.3427,8319.78
Kartierung Versuch 3,33,109,2-3 m,2.353041,2.374138,21.0970,8965.85
Kartierung Versuch 3,33,110,1-2 m,1.103087,1.108361,5.2743,4781.36
Kartierung Versuch 3,33,111,1-2 m,1.585181,1.590626,5.4449,3434.86
Kartierung Versuch 3,33,112,2-3 m,2.825739,2.846553,20.8140,7365.85
Kartierung Versuch 3,33,113,2-3 m,2.227285,2.244059,16.7736,7530.96
Kartierung Versuch 3,33,114,0-1 m,0.800500,0.804195,3.6949,4615.73
Kartierung Versuch 3,33,115,1-2 m,1.391690,1.397377,5.6870,4086.41
Kartierung Versuch 3,33,116,1-2 m,1.673559,1.682328,8.7691,5239.80
Kartierung Versuch 3,33,117,1-2 m,1.149478,1.153280,3.8018,3307.42
Kartierung Versuch 3,33,118,0-1 m,0.559732,0.561980,2.2478,4015.86
Kartierung Versuch 3,33,119,0-1 m,0.456946,0.462156,5.2091,11399.84
Kartierung Versuch 3,33,120,1-2 m,1.914367,1.924965,10.5981,5536.10
Kartierung Versuch 3,33,121,1-2 m,1.442498,1.449924,7.4257,5147.83
Kartierung Versuch 3,33,122,1-2 m,1.103087,1.110873,7.7862,7058.55
Kartierung Versuch 3,33,123,1-2 m,1.035761,1.045676,9.9154,9573.09
Kartierung Versuch 3,33,200,3-4 m,3.130339,3.156867,26.5277,8474.39
Kartierung Versuch 3,33,202,2-3 m,2.702411,2.719414,17.0029,6291.74
Kartierung Versuch 3,33,203,1-2 m,1.400223,1.408133,7.9096,5648.83
Kartierung Versuch 3,34,35,1-2 m,1.827786,1.839427,11.6412,6369.00
Kartierung Versuch 3,34,36,1-2 m,1.979091,1.991627,12.5366,6334.51
Kartierung Versuch 3,34,37,1-2 m,1.018234,1.027388,9.1545,8990.58
Kartierung Versuch 3,34,38,0-1 m,0.678823,0.684037,5.2147,7681.95
Kartierung Versuch 3,34,39,2-3 m,2.136539,2.147423,10.8838,5094.10
Kartierung Versuch 3,34,40,1-2 m,1.684280,1.697538,13.2580,7871.59
Kartierung Versuch 3,34,41,1-2 m,1.503596,1.518005,14.4095,9583.37
Kartierung Versuch 3,34,42,0-1 m,0.729932,0.732026,2.0942,2869.08
Kartierung Versuch 3,34,43,1-2 m,1.181863,1.189872,8.0087,6776.34
Kartierung Versuch 3,34,44,2-3 m,2.390983,2.408466,17.4826,7311.89
Kartierung Versuch 3,34,45,2-3 m,2.565307,2.582456,17.1487,6684.87
Kartierung Versuch 3,34,46,1-2 m,1.503596,1.515979,12.3829,8235.55
Kartierung Versuch 3,34,47,2-3 m,2.634540,2.650401,15.8611,6020.45
Kartierung Versuch 3,34,48,2-3 m,2.283156,2.300780,17.6244,7719.31
Kartierung Versuch 3,34,49,1-2 m,1.866762,1.882405,15.6431,8379.80
Kartierung Versuch 3,34,50,1-2 m,1.325443,1.334654,9.2110,6949.38
Kartierung Versuch 3,34,51,3-4 m,3.156707,3.178392,21.6849,6869.46
Kartierung Versuch 3,34,52,1-2 m,1.747226,1.758236,11.0093,6301.03
Kartierung Versuch 3,34,53,2-3 m,2.329979,2.347256,17.2771,7415.14
Kartierung Versuch 3,34,54,1-2 m,1.404564,1.413754,9.1903,6543.20
Kartierung Versuch 3,34,55,2-3 m,2.050561,2.067236,16.6749,8131.85
Kartierung Versuch 3,34,56,0-1 m,0.865332,0.865483,0.1502,173.61
Kartierung Versuch 3,34,57,2-3 m,2.551235,2.564303,13.0679,5122.19
Kartierung Versuch 3,34,58,1-2 m,1.747226,1.762467,15.2406,8722.73
Kartierung Versuch 3,34,59,2-3 m,2.980738,2.997921,17.1830,5764.68
Kartierung Versuch 3,34,60,2-3 m,2.329979,2.348550,18.5717,7970.75
Kartierung Versuch 3,34,61,2-3 m,2.146625,2.157962,11.3371,5281.37
Kartierung Versuch 3,34,62,1-2 m,1.920000,1.934509,14.5087,7556.64
Kartierung Versuch 3,34,63,2-3 m,2.696665,2.712367,15.7025,5822.93
Kartierung Versuch 3,34,64,2-3 m,2.520000,2.537918,17.9183,7110.44
Kartierung Versuch 3,34,65,1-2 m,1.073313,1.081476,8.1630,7605.45
Kartierung Versuch 3,34,66,0-1 m,0.480000,0.482562,2.5615,5336.47
Kartierung Versuch 3,34,67,1-2 m,1.444991,1.454963,9.9721,6901.14
Kartierung Versuch 3,34,68,1-2 m,1.080000,1.087922,7.9222,7335.34
Kartierung Versuch 3,34,100,1-2 m,1.914367,1.931680,17.3132,9043.82
Kartierung Versuch 3,34,101,1-2 m,1.442498,1.457794,15.2957,10603.64
Kartierung Versuch 3,34,102,1-2 m,1.103087,1.111809,8.7227,7907.54
Kartierung Versuch 3,34,103,1-2 m,1.035761,1.038329,2.5685,2479.80
Kartierung Versuch 3,34,104,1-2 m,1.673559,1.688960,15.4006,9202.29
Kartierung Versuch 3,34,105,1-2 m,1.149478,1.161552,12.0738,10503.76
Kartierung Versuch 3,34,106,0-1 m,0.559732,0.563874,4.1418,7399.56
Kartierung Versuch 3,34,107,0-1 m,0.456946,0.453694,-3.2522,-7117.31
Kartierung Versuch 3,34,108,2-3 m,2.825739,2.845525,19.7864,7002.20
Kartierung Versuch 3,34,109,2-3 m,2.227285,2.242849,15.5633,6987.55
Kartierung Versuch 3,34,110,0-1 m,0.800500,0.805529,5.0288,6282.12
Kartierung Versuch 3,34,111,1-2 m,1.391690,1.400079,8.3894,6028.19
Kartierung Versuch 3,34,112,2-3 m,2.925884,2.944201,18.3170,6260.33
Kartierung Versuch 3,34,113,2-3 m,2.353041,2.366865,13.8246,5875.21
Kartierung Versuch 3,34,114,1-2 m,1.103087,1.111081,7.9942,7247.09
Kartierung Versuch 3,34,115,1-2 m,1.585181,1.595909,10.7275,6767.37
Kartierung Versuch 3,34,116,2-3 m,2.128098,2.138365,10.2674,4824.67
Kartierung Versuch 3,34,117,1-2 m,1.746224,1.754336,8.1112,4644.98
Kartierung Versuch 3,34,118,1-2 m,1.428741,1.438456,9.7150,6799.70
Kartierung Versuch 3,34,119,1-2 m,1.391690,1.403258,11.5684,8312.48
Kartierung Versuch 3,34,120,2-3 m,2.558281,2.572742,14.4611,5652.67
Kartierung Versuch 3,34,121,2-3 m,2.227285,2.240992,13.7064,6153.85
Kartierung Versuch 3,34,122,2-3 m,2.024055,2.039055,14.9992,7410.48
Kartierung Versuch 3,34,123,1-2 m,1.988165,2.004864,16.6992,8399.32
Kartierung Versuch 3,34,200,2-3 m,2.702411,2.725458,23.0475,8528.50
Kartierung Versuch 3,34,202,3-4 m,3.130339,3.147438,17.0983,5462.11
Kartierung Versuch 3,34,203,2-3 m,2.111072,2.124902,13.8301,6551.24
Kartierung Versuch 3,35,36,1-2 m,1.697056,1.719578,22.5218,13271.12
Kartierung Versuch 3,35,37,2-3 m,2.400000,2.416845,16.8449,7018.69
Kartierung Versuch 3,35,38,1-2 m,1.697056,1.704600,7.5441,4445.38
Kartierung Versuch 3,35,39,0-1 m,0.600000,0.605540,5.5398,9233.02
Kartierung Versuch 3,35,40,0-1 m,0.600000,0.602709,2.7094,4515.71
Kartierung Versuch 3,35,41,2-3 m,2.473863,2.496706,22.8429,9233.69
Kartierung Versuch 3,35,42,2-3 m,2.473863,2.486459,12.5956,5091.47
Kartierung Versuch 3,35,43,2-3 m,2.163331,2.171649,8.3185,3845.24
Kartierung Versuch 3,35,44,0-1 m,0.600000,0.605258,5.2581,8763.47
Kartierung Versuch 3,35,45,2-3 m,2.163331,2.188580,25.2491,11671.39
Kartierung Versuch 3,35,46,3-4 m,3.000000,3.020232,20.2323,6744.08
Kartierung Versuch 3,35,47,0-1 m,0.848528,0.854741,6.2125,7321.52
Kartierung Versuch 3,35,48,0-1 m,0.848528,0.853272,4.7442,5591.04
Kartierung Versuch 3,35,49,3-4 m,3.059412,3.083431,24.0194,7850.99
Kartierung Versuch 3,35,50,3-4 m,3.059412,3.079196,19.7843,6466.68
Kartierung Versuch 3,35,51,2-3 m,2.683282,2.712009,28.7272,10706.00
Kartierung Versuch 3,35,52,2-3 m,2.683282,2.691659,8.3776,3122.15
Kartierung Versuch 3,35,53,3-4 m,3.231099,3.257226,26.1274,8086.24
Kartierung Versuch 3,35,54,3-4 m,3.231099,3.251973,20.8737,6460.26
Kartierung Versuch 3,35,55,2-3 m,2.683282,2.709740,26.4580,9860.32
Kartierung Versuch 3,35,56,2-3 m,2.683282,2.694547,11.2650,4198.21
Kartierung Versuch 3,35,57,1-2 m,1.200000,1.210526,10.5256,8771.30
Kartierung Versuch 3,35,58,1-2 m,1.200000,1.204477,4.4772,3731.01
Kartierung Versuch 3,35,59,1-2 m,1.341641,1.352061,10.4206,7767.03
Kartierung Versuch 3,35,60,1-2 m,1.341641,1.346336,4.6950,3499.45
Kartierung Versuch 3,35,61,1-2 m,1.399428,1.417439,18.0105,12869.88
Kartierung Versuch 3,35,62,2-3 m,2.064558,2.091280,26.7222,12943.30
Kartierung Versuch 3,35,63,1-2 m,1.938659,1.959275,20.6159,10634.10
Kartierung Versuch 3,35,64,2-3 m,2.462194,2.490163,27.9693,11359.52
Kartierung Versuch 3,35,65,1-2 m,1.399428,1.404564,5.1359,3669.99
Kartierung Versuch 3,35,66,2-3 m,2.064558,2.074907,10.3488,5012.58
Kartierung Versuch 3,35,67,1-2 m,1.938659,1.944573,5.9135,3050.28
Kartierung Versuch 3,35,68,2-3 m,2.462194,2.474086,11.8922,4829.93
Kartierung Versuch 3,35,100,2-3 m,2.846050,2.872245,26.1955,9204.16
Kartierung Versuch 3,35,101,2-3 m,2.716616,2.739541,22.9254,8438.94
Kartierung Versuch 3,35,102,2-3 m,2.716616,2.734048,17.4320,6416.81
Kartierung Versuch 3,35,103,2-3 m,2.846050,2.860195,14.1448,4969.98
Kartierung Versuch 3,35,104,2-3 m,2.284732,2.309117,24.3854,10673.19
Kartierung Versuch 3,35,105,2-3 m,2.128967,2.148362,19.3950,9110.04
Kartierung Versuch 3,35,106,2-3 m,2.128967,2.141271,12.3036,5779.15
Kartierung Versuch 3,35,107,2-3 m,2.284732,2.293120,8.3877,3671.18
Kartierung Versuch 3,35,108,2-3 m,2.580698,2.609797,29.0990,11275.65
Kartierung Versuch 3,35,109,2-3 m,2.121320,2.148059,26.7390,12604.88
Kartierung Versuch 3,35,110,2-3 m,2.121320,2.131043,9.7230,4583.48
Kartierung Versuch 3,35,111,2-3 m,2.580698,2.589417,8.7192,3378.64
Kartierung Versuch 3,35,112,2-3 m,2.284732,2.308902,24.1705,10579.12
Kartierung Versuch 3,35,113,1-2 m,1.749286,1.770447,21.1612,12097.04
Kartierung Versuch 3,35,114,1-2 m,1.749286,1.755917,6.6310,3790.71
Kartierung Versuch 3,35,115,2-3 m,2.284732,2.291882,7.1502,3129.54
Kartierung Versuch 3,35,116,0-1 m,0.948683,0.959498,10.8145,11399.50
Kartierung Versuch 3,35,117,0-1 m,0.460977,0.466622,5.6447,12245.06
Kartierung Versuch 3,35,118,0-1 m,0.460977,0.463280,2.3023,4994.49
Kartierung Versuch 3,35,119,0-1 m,0.948683,0.952646,3.9627,4177.09
Kartierung Versuch 3,35,120,0-1 m,0.948683,0.957119,8.4355,8891.84
Kartierung Versuch 3,35,121,0-1 m,0.424264,0.427244,2.9796,7023.01
Kartierung Versuch 3,35,122,0-1 m,0.424264,0.427207,2.9430,6936.78
Kartierung Versuch 3,35,123,0-1 m,0.948683,0.952893,4.2096,4437.27
Kartierung Versuch 3,35,200,3-4 m,3.113041,3.142224,29.1827,9374.32
Kartierung Versuch 3,35,202,1-2 m,1.857693,1.875626,17.9322,9652.95
Kartierung Versuch 3,35,203,1-2 m,1.857693,1.863951,6.2572,3368.26
Kartierung Versuch 3,36,37,1-2 m,1.697056,1.700270,3.2132,1893.42
Kartierung Versuch 3,36,38,2-3 m,2.400000,2.416870,16.8701,7029.21
Kartierung Versuch 3,36,39,1-2 m,1.341641,1.358491,16.8499,12559.19
Kartierung Versuch 3,36,40,2-3 m,2.163331,2.187644,24.3129,11238.64
Kartierung Versuch 3,36,41,1-2 m,1.341641,1.345067,3.4259,2553.48
Kartierung Versuch 3,36,42,2-3 m,2.163331,2.169522,6.1915,2862.02
Kartierung Versuch 3,36,43,3-4 m,3.000000,3.020062,20.0618,6687.27
Kartierung Versuch 3,36,44,2-3 m,2.163331,2.189547,26.2167,12118.66
Kartierung Versuch 3,36,45,0-1 m,0.600000,0.604272,4.2718,7119.61
Kartierung Versuch 3,36,46,2-3 m,2.163331,2.166637,3.3064,1528.40
Kartierung Versuch 3,36,47,1-2 m,1.897367,1.917627,20.2606,10678.28
Kartierung Versuch 3,36,48,2-3 m,2.545584,2.572850,27.2654,10710.87
Kartierung Versuch 3,36,49,1-2 m,1.897367,1.901783,4.4159,2327.39
Kartierung Versuch 3,36,50,2-3 m,2.545584,2.553970,8.3858,3294.24
Kartierung Versuch 3,36,51,1-2 m,1.200000,1.208672,8.6718,7226.51
Kartierung Versuch 3,36,52,3-4 m,3.600000,3.622574,22.5743,6270.64
Kartierung Versuch 3,36,53,1-2 m,1.800000,1.804753,4.7531,2640.63
Kartierung Versuch 3,36,54,3-4 m,3.000000,3.014791,14.7913,4930.44
Kartierung Versuch 3,36,55,1-2 m,1.200000,1.204842,4.8419,4034.89
Kartierung Versuch 3,36,56,2-3 m,2.683282,2.694684,11.4023,4249.40
Kartierung Versuch 3,36,57,1-2 m,1.200000,1.212860,12.8604,10716.99
Kartierung Versuch 3,36,58,2-3 m,2.683282,2.708732,25.4509,9484.98
Kartierung Versuch 3,36,59,1-2 m,1.800000,1.817696,17.6959,9831.07
Kartierung Versuch 3,36,60,3-4 m,3.000000,3.027314,27.3140,9104.67
Kartierung Versuch 3,36,61,0-1 m,0.480000,0.484362,4.3618,9087.02
Kartierung Versuch 3,36,62,0-1 m,0.480000,0.484807,4.8066,10013.83
Kartierung Versuch 3,36,63,0-1 m,0.768375,0.773434,5.0590,6584.04
Kartierung Versuch 3,36,64,0-1 m,0.768375,0.773870,5.4952,7151.66
Kartierung Versuch 3,36,65,2-3 m,2.447529,2.466834,19.3046,7887.40
Kartierung Versuch 3,36,66,2-3 m,2.447529,2.462611,15.0814,6161.90
Kartierung Versuch 3,36,67,3-4 m,3.038157,3.059406,21.2491,6994.08
Kartierung Versuch 3,36,68,3-4 m,3.038157,3.058601,20.4436,6728.93
Kartierung Versuch 3,36,100,1-2 m,1.529706,1.534898,5.1924,3394.41
Kartierung Versuch 3,36,101,1-2 m,1.749286,1.753459,4.1736,2385.91
Kartierung Versuch 3,36,102,2-3 m,2.121320,2.125741,4.4203,2083.77
Kartierung Versuch 3,36,103,2-3 m,2.580698,2.589187,8.4891,3289.47
Kartierung Versuch 3,36,104,0-1 m,0.948683,0.951538,2.8548,3009.20
Kartierung Versuch 3,36,105,1-2 m,1.237942,1.240254,2.3125,1868.03
Kartierung Versuch 3,36,106,1-2 m,1.792345,1.797734,5.3890,3006.68
Kartierung Versuch 3,36,107,2-3 m,2.284732,2.293431,8.6993,3807.58
Kartierung Versuch 3,36,108,0-1 m,0.948683,0.955794,7.1107,7495.35
Kartierung Versuch 3,36,109,0-1 m,0.424264,0.428482,4.2174,9940.61
Kartierung Versuch 3,36,110,2-3 m,2.716616,2.734158,17.5421,6457.33
Kartierung Versuch 3,36,111,3-4 m,3.313608,3.333932,20.3234,6133.33
Kartierung Versuch 3,36,112,0-1 m,0.948683,0.954715,6.0321,6358.35
Kartierung Versuch 3,36,113,0-1 m,0.424264,0.426985,2.7211,6413.78
Kartierung Versuch 3,36,114,2-3 m,2.716616,2.736332,19.7163,7257.66
Kartierung Versuch 3,36,115,3-4 m,3.313608,3.335721,22.1128,6673.34
Kartierung Versuch 3,36,116,0-1 m,0.948683,0.960160,11.4765,12097.27
Kartierung Versuch 3,36,117,1-2 m,1.237942,1.254743,16.8015,13572.13
Kartierung Versuch 3,36,118,1-2 m,1.792345,1.813209,20.8645,11640.92
Kartierung Versuch 3,36,119,2-3 m,2.284732,2.307536,22.8042,9981.12
Kartierung Versuch 3,36,120,1-2 m,1.529706,1.546304,16.5978,10850.32
Kartierung Versuch 3,36,121,1-2 m,1.749286,1.771234,21.9480,12546.86
Kartierung Versuch 3,36,122,2-3 m,2.121320,2.146785,25.4645,12004.10
Kartierung Versuch 3,36,123,2-3 m,2.580698,2.607305,26.6070,10310.01
Kartierung Versuch 3,36,200,1-2 m,1.455687,1.461342,5.6546,3884.49
Kartierung Versuch 3,36,202,1-2 m,1.455687,1.465127,9.4403,6485.10
Kartierung Versuch 3,36,203,3-4 m,3.320094,3.345737,25.6426,7723.45
Kartierung Versuch 3,37,38,1-2 m,1.697056,1.711420,14.3636,8463.82
Kartierung Versuch 3,37,39,2-3 m,2.473863,2.486344,12.4810,5045.14
Kartierung Versuch 3,37,40,2-3 m,2.473863,2.493782,19.9183,8051.49
Kartierung Versuch 3,37,41,0-1 m,0.600000,0.603377,3.3773,5628.85
Kartierung Versuch 3,37,42,0-1 m,0.600000,0.604458,4.4582,7430.26
Kartierung Versuch 3,37,43,2-3 m,2.163331,2.181426,18.0949,8364.35
Kartierung Versuch 3,37,44,3-4 m,3.000000,3.022095,22.0948,7364.93
Kartierung Versuch 3,37,45,2-3 m,2.163331,2.170810,7.4793,3457.32
Kartierung Versuch 3,37,46,0-1 m,0.600000,0.603388,3.3881,5646.82
Kartierung Versuch 3,37,47,3-4 m,3.059412,3.077021,17.6088,5755.63
Kartierung Versuch 3,37,48,3-4 m,3.059412,3.082935,23.5235,7688.90
Kartierung Versuch 3,37,49,0-1 m,0.848528,0.855020,6.4923,7651.21
Kartierung Versuch 3,37,50,0-1 m,0.848528,0.853705,5.1772,6101.33
Kartierung Versuch 3,37,51,2-3 m,2.683282,2.695102,11.8206,4405.29
Kartierung Versuch 3,37,52,2-3 m,2.683282,2.705267,21.9855,8193.53
Kartierung Versuch 3,37,53,1-2 m,1.341641,1.349048,7.4071,5520.90
Kartierung Versuch 3,37,54,1-2 m,1.341641,1.352755,11.1137,8283.70
Kartierung Versuch 3,37,55,1-2 m,1.200000,1.205348,5.3480,4456.65
Kartierung Versuch 3,37,56,1-2 m,1.200000,1.210249,10.2492,8541.00
Kartierung Versuch 3,37,57,2-3 m,2.683282,2.694797,11.5151,4291.44
Kartierung Versuch 3,37,58,2-3 m,2.683282,2.705971,22.6890,8455.70
Kartierung Versuch 3,37,59,3-4 m,3.231099,3.247798,16.6994,5168.33
Kartierung Versuch 3,37,60,3-4 m,3.231099,3.256259,25.1599,7786.79
Kartierung Versuch 3,37,61,2-3 m,2.064558,2.069868,5.3099,2571.93
Kartierung Versuch 3,37,62,1-2 m,1.399428,1.401437,2.0087,1435.38
Kartierung Versuch 3,37,63,2-3 m,2.462194,2.470736,8.5420,3469.26
Kartierung Versuch 3,37,64,1-2 m,1.938659,1.945308,6.6482,3429.26
Kartierung Versuch 3,37,65,2-3 m,2.064558,2.080995,16.4373,7961.65
Kartierung Versuch 3,37,66,1-2 m,1.399428,1.412199,12.7706,9125.57
Kartierung Versuch 3,37,67,2-3 m,2.462194,2.481503,19.3087,7842.09
Kartierung Versuch 3,37,68,1-2 m,1.938659,1.957077,18.4180,9500.40
Kartierung Versuch 3,37,100,0-1 m,0.948683,0.955572,6.8889,7261.55
Kartierung Versuch 3,37,101,0-1 m,0.424264,0.430409,6.1446,14482.90
Kartierung Versuch 3,37,102,0-1 m,0.424264,0.425476,1.2118,2856.25
Kartierung Versuch 3,37,103,0-1 m,0.948683,0.954452,5.7692,6081.25
Kartierung Versuch 3,37,104,0-1 m,0.948683,0.952327,3.6434,3840.47
Kartierung Versuch 3,37,105,0-1 m,0.460977,0.461986,1.0084,2187.43
Kartierung Versuch 3,37,106,0-1 m,0.460977,0.465755,4.7777,10364.34
Kartierung Versuch 3,37,107,0-1 m,0.948683,0.958039,9.3555,9861.55
Kartierung Versuch 3,37,108,2-3 m,2.284732,2.293566,8.8341,3866.60
Kartierung Versuch 3,37,109,1-2 m,1.749286,1.753365,4.0794,2332.05
Kartierung Versuch 3,37,110,1-2 m,1.749286,1.764420,15.1342,8651.67
Kartierung Versuch 3,37,111,2-3 m,2.284732,2.304395,19.6634,8606.44
Kartierung Versuch 3,37,112,2-3 m,2.580698,2.590505,9.8069,3800.11
Kartierung Versuch 3,37,113,2-3 m,2.121320,2.127251,5.9311,2795.93
Kartierung Versuch 3,37,114,2-3 m,2.121320,2.138463,17.1424,8081.00
Kartierung Versuch 3,37,115,2-3 m,2.580698,2.601492,20.7945,8057.70
Kartierung Versuch 3,37,116,2-3 m,2.284732,2.293537,8.8053,3853.97
Kartierung Versuch 3,37,117,2-3 m,2.128967,2.139835,10.8686,5105.09
Kartierung Versuch 3,37,118,2-3 m,2.128967,2.144896,15.9291,7482.09
Kartierung Versuch 3,37,119,2-3 m,2.284732,2.303758,19.0256,8327.27
Kartierung Versuch 3,37,120,2-3 m,2.846050,2.860617,14.5673,5118.44
Kartierung Versuch 3,37,121,2-3 m,2.716616,2.733920,17.3043,6369.78
Kartierung Versuch 3,37,122,2-3 m,2.716616,2.737369,20.7539,7639.61
Kartierung Versuch 3,37,123,2-3 m,2.846050,2.869417,23.3673,8210.43
Kartierung Versuch 3,37,200,1-2 m,1.857693,1.870887,13.1937,7102.20
Kartierung Versuch 3,37,202,3-4 m,3.113041,3.124874,11.8324,3800.92
Kartierung Versuch 3,37,203,3-4 m,3.113041,3.135315,22.2735,7154.90
Kartierung Versuch 3,38,39,2-3 m,2.163331,2.172839,9.5085,4395.30
Kartierung Versuch 3,38,40,1-2 m,1.341641,1.349506,7.8657,5862.72
Kartierung Versuch 3,38,41,2-3 m,2.163331,2.182615,19.2843,8914.19
Kartierung Versuch 3,38,42,1-2 m,1.341641,1.350213,8.5722,6389.34
Kartierung Versuch 3,38,43,0-1 m,0.600000,0.603192,3.1920,5319.94
Kartierung Versuch 3,38,44,2-3 m,2.163331,2.176564,13.2335,6117.20
Kartierung Versuch 3,38,45,3-4 m,3.000000,3.021139,21.1385,7046.17
Kartierung Versuch 3,38,46,2-3 m,2.163331,2.181656,18.3254,8470.90
Kartierung Versuch 3,38,47,2-3 m,2.545584,2.559327,13.7421,5398.42
Kartierung Versuch 3,38,48,1-2 m,1.897367,1.910084,12.7175,6702.69
Kartierung Versuch 3,38,49,2-3 m,2.545584,2.566439,20.8548,8192.55
Kartierung Versuch 3,38,50,1-2 m,1.897367,1.912803,15.4363,8135.63
Kartierung Versuch 3,38,51,3-4 m,3.600000,3.625538,25.5375,7093.76
Kartierung Versuch 3,38,52,1-2 m,1.200000,1.205705,5.7046,4753.81
Kartierung Versuch 3,38,53,3-4 m,3.000000,3.022224,22.2238,7407.94
Kartierung Versuch 3,38,54,1-2 m,1.800000,1.814082,14.0819,7823.30
Kartierung Versuch 3,38,55,2-3 m,2.683282,2.704815,21.5332,8024.95
Kartierung Versuch 3,38,56,1-2 m,1.200000,1.203882,3.8823,3235.26
Kartierung Versuch 3,38,57,2-3 m,2.683282,2.696500,13.2180,4926.05
Kartierung Versuch 3,38,58,1-2 m,1.200000,1.209889,9.8893,8241.07
Kartierung Versuch 3,38,59,3-4 m,3.000000,3.016250,16.2495,5416.50
Kartierung Versuch 3,38,60,1-2 m,1.800000,1.813805,13.8048,7669.33
Kartierung Versuch 3,38,61,2-3 m,2.447529,2.461877,14.3475,5862.04
Kartierung Versuch 3,38,62,2-3 m,2.447529,2.467240,19.7105,8053.23
Kartierung Versuch 3,38,63,3-4 m,3.038157,3.056762,18.6042,6123.52
Kartierung Versuch 3,38,64,3-4 m,3.038157,3.060693,22.5353,7417.42
Kartierung Versuch 3,38,65,0-1 m,0.480000,0.482955,2.9552,6156.76
Kartierung Versuch 3,38,66,0-1 m,0.480000,0.482911,2.9108,6064.20
Kartierung Versuch 3,38,67,0-1 m,0.768375,0.773118,4.7433,6173.22
Kartierung Versuch 3,38,68,0-1 m,0.768375,0.773069,4.6936,6108.51
Kartierung Versuch 3,38,100,2-3 m,2.580698,2.602966,22.2682,8628.74
Kartierung Versuch 3,38,101,2-3 m,2.121320,2.141827,20.5070,9667.08
Kartierung Versuch 3,38,102,1-2 m,1.749286,1.764172,14.8863,8509.94
Kartierung Versuch 3,38,103,1-2 m,1.529706,1.538235,8.5287,5575.41
Kartierung Versuch 3,38,104,2-3 m,2.284732,2.304907,20.1750,8830.38
Kartierung Versuch 3,38,105,1-2 m,1.792345,1.809080,16.7351,9336.98
Kartierung Versuch 3,38,106,1-2 m,1.237942,1.247448,9.5063,7679.09
Kartierung Versuch 3,38,107,0-1 m,0.948683,0.951566,2.8830,3038.90
Kartierung Versuch 3,38,108,3-4 m,3.313608,3.337824,24.2156,7307.93
Kartierung Versuch 3,38,109,2-3 m,2.716616,2.737014,20.3986,7508.82
Kartierung Versuch 3,38,110,0-1 m,0.424264,0.426444,2.1802,5138.88
Kartierung Versuch 3,38,111,0-1 m,0.948683,0.952109,3.4254,3610.71
Kartierung Versuch 3,38,112,3-4 m,3.313608,3.335281,21.6729,6540.58
Kartierung Versuch 3,38,113,2-3 m,2.716616,2.733948,17.3325,6380.19
Kartierung Versuch 3,38,114,0-1 m,0.424264,0.427044,2.7796,6551.59
Kartierung Versuch 3,38,115,0-1 m,0.948683,0.954135,5.4514,5746.26
Kartierung Versuch 3,38,116,2-3 m,2.284732,2.295685,10.9530,4793.98
Kartierung Versuch 3,38,117,1-2 m,1.792345,1.799007,6.6623,3717.09
Kartierung Versuch 3,38,118,1-2 m,1.237942,1.243185,5.2434,4235.55
Kartierung Versuch 3,38,119,0-1 m,0.948683,0.954539,5.8561,6172.91
Kartierung Versuch 3,38,120,2-3 m,2.580698,2.594219,13.5217,5239.57
Kartierung Versuch 3,38,121,2-3 m,2.121320,2.131839,10.5191,4958.77
Kartierung Versuch 3,38,122,1-2 m,1.749286,1.759393,10.1076,5778.11
Kartierung Versuch 3,38,123,1-2 m,1.529706,1.541184,11.4777,7503.19
Kartierung Versuch 3,38,200,3-4 m,3.320094,3.347398,27.3041,8223.89
Kartierung Versuch 3,38,202,3-4 m,3.320094,3.339034,18.9400,5704.66
Kartierung Versuch 3,38,203,1-2 m,1.455687,1.464192,8.5047,5842.41
Kartierung Versuch 3,39,40,1-2 m,1.200000,1.208247,8.2470,6872.49
Kartierung Versuch 3,39,41,2-3 m,2.400000,2.417348,17.3485,7228.54
Kartierung Versuch 3,39,42,2-3 m,2.683282,2.693565,10.2838,3832.53
Kartierung Versuch 3,39,43,2-3 m,2.683282,2.694836,11.5543,4306.04
Kartierung Versuch 3,39,44,0-1 m,0.848528,0.857469,8.9404,10536.32
Kartierung Versuch 3,39,45,1-2 m,1.697056,1.716571,19.5152,11499.44
Kartierung Versuch 3,39,46,3-4 m,3.059412,3.074876,15.4639,5054.53
Kartierung Versuch 3,39,47,0-1 m,0.600000,0.604571,4.5710,7618.41
Kartierung Versuch 3,39,48,1-2 m,1.341641,1.351736,10.0955,7524.74
Kartierung Versuch 3,39,49,3-4 m,3.000000,3.018756,18.7556,6251.87
Kartierung Versuch 3,39,50,3-4 m,3.231099,3.247832,16.7336,5178.91
Kartierung Versuch 3,39,51,2-3 m,2.163331,2.186266,22.9347,10601.59
Kartierung Versuch 3,39,52,3-4 m,3.231099,3.243579,12.4796,3862.35
Kartierung Versuch 3,39,53,3-4 m,3.059412,3.080025,20.6137,6737.81
Kartierung Versuch 3,39,54,3-4 m,3.498571,3.518156,19.5854,5598.10
Kartierung Versuch 3,39,55,2-3 m,2.473863,2.494732,20.8682,8435.47
Kartierung Versuch 3,39,56,3-4 m,3.000000,3.011156,11.1555,3718.51
Kartierung Versuch 3,39,57,0-1 m,0.600000,0.604987,4.9867,8311.12
Kartierung Versuch 3,39,58,1-2 m,1.800000,1.810014,10.0144,5563.54
Kartierung Versuch 3,39,59,0-1 m,0.848528,0.855089,6.5610,7732.17
Kartierung Versuch 3,39,60,1-2 m,1.897367,1.907675,10.3087,5433.14
Kartierung Versuch 3,39,61,0-1 m,0.937230,0.949818,12.5879,13430.99
Kartierung Versuch 3,39,62,1-2 m,1.783928,1.805144,21.2155,11892.58
Kartierung Versuch 3,39,63,1-2 m,1.399428,1.414336,14.9080,10652.92
Kartierung Versuch 3,39,64,2-3 m,2.064558,2.086919,22.3612,10830.98
Kartierung Versuch 3,39,65,1-2 m,1.938659,1.947247,8.5877,4429.70
Kartierung Versuch 3,39,66,2-3 m,2.462194,2.473377,11.1827,4541.76
Kartierung Versuch 3,39,67,2-3 m,2.505674,2.515846,10.1726,4059.82
Kartierung Versuch 3,39,68,2-3 m,2.929573,2.943908,14.3350,4893.22
Kartierung Versuch 3,39,100,2-3 m,2.716616,2.737217,20.6012,7583.42
Kartierung Versuch 3,39,101,2-3 m,2.716616,2.734212,17.5960,6477.19
Kartierung Versuch 3,39,102,2-3 m,2.846050,2.859591,13.5412,4757.89
Kartierung Versuch 3,39,103,3-4 m,3.088689,3.101189,12.5003,4047.13
Kartierung Versuch 3,39,104,2-3 m,2.121320,2.139756,18.4361,8690.87
Kartierung Versuch 3,39,105,2-3 m,2.114829,2.128759,13.9302,6586.93
Kartierung Versuch 3,39,106,2-3 m,2.304886,2.314223,9.3367,4050.83
Kartierung Versuch 3,39,107,2-3 m,2.580698,2.588457,7.7594,3006.70
Kartierung Versuch 3,39,108,2-3 m,2.121320,2.144804,23.4834,11070.17
Kartierung Versuch 3,39,109,1-2 m,1.749286,1.770555,21.2697,12159.09
Kartierung Versuch 3,39,110,2-3 m,2.580698,2.592372,11.6743,4523.71
Kartierung Versuch 3,39,111,3-4 m,3.088689,3.100714,12.0254,3893.36
Kartierung Versuch 3,39,112,1-2 m,1.749286,1.767709,18.4233,10531.92
Kartierung Versuch 3,39,113,1-2 m,1.272792,1.288393,15.6006,12256.97
Kartierung Versuch 3,39,114,2-3 m,2.284732,2.294782,10.0497,4398.62
Kartierung Versuch 3,39,115,2-3 m,2.846050,2.857442,11.3922,4002.82
Kartierung Versuch 3,39,116,0-1 m,0.424264,0.429625,5.3610,12636.07
Kartierung Versuch 3,39,117,0-1 m,0.390512,0.393321,2.8083,7191.35
Kartierung Versuch 3,39,118,0-1 m,0.996243,1.002258,6.0149,6037.61
Kartierung Versuch 3,39,119,1-2 m,1.529706,1.538417,8.7109,5694.48
Kartierung Versuch 3,39,120,0-1 m,0.424264,0.428069,3.8052,8968.90
Kartierung Versuch 3,39,121,0-1 m,0.424264,0.429150,4.8862,11516.80
Kartierung Versuch 3,39,122,0-1 m,0.948683,0.957031,8.3476,8799.10
Kartierung Versuch 3,39,123,1-2 m,1.529706,1.539607,9.9007,6472.30
Kartierung Versuch 3,39,200,2-3 m,2.797325,2.819819,22.4948,8041.54
Kartierung Versuch 3,39,202,1-2 m,1.258978,1.271370,12.3926,9843.37
Kartierung Versuch 3,39,203,2-3 m,2.457036,2.468957,11.9213,4851.91
Kartierung Versuch 3,40,41,2-3 m,2.683282,2.708997,25.7154,9583.55
Kartierung Versuch 3,40,42,2-3 m,2.400000,2.414884,14.8840,6201.66
Kartierung Versuch 3,40,43,1-2 m,1.697056,1.704250,7.1937,4238.93
Kartierung Versuch 3,40,44,0-1 m,0.848528,0.854508,5.9803,7047.87
Kartierung Versuch 3,40,45,2-3 m,2.683282,2.710557,27.2752,10164.85
Kartierung Versuch 3,40,46,3-4 m,3.059412,3.082934,23.5221,7688.44
Kartierung Versuch 3,40,47,1-2 m,1.341641,1.350918,9.2774,6914.94
Kartierung Versuch 3,40,48,0-1 m,0.600000,0.604253,4.2528,7088.00
Kartierung Versuch 3,40,49,3-4 m,3.231099,3.257997,26.8981,8324.77
Kartierung Versuch 3,40,50,3-4 m,3.000000,3.022190,22.1897,7396.58
Kartierung Versuch 3,40,51,3-4 m,3.231099,3.262021,30.9224,9570.25
Kartierung Versuch 3,40,52,2-3 m,2.163331,2.169600,6.2694,2898.04
Kartierung Versuch 3,40,53,3-4 m,3.498571,3.527241,28.6696,8194.66
Kartierung Versuch 3,40,54,3-4 m,3.059412,3.081526,22.1141,7228.22
Kartierung Versuch 3,40,55,3-4 m,3.000000,3.028768,28.7683,9589.43
Kartierung Versuch 3,40,56,2-3 m,2.473863,2.485868,12.0041,4852.39
Kartierung Versuch 3,40,57,1-2 m,1.800000,1.813234,13.2336,7352.00
Kartierung Versuch 3,40,58,0-1 m,0.600000,0.601768,1.7678,2946.37
Kartierung Versuch 3,40,59,1-2 m,1.897367,1.910724,13.3577,7040.13
Kartierung Versuch 3,40,60,0-1 m,0.848528,0.851807,3.2789,3864.19
Kartierung Versuch 3,40,61,1-2 m,1.938659,1.958512,19.8528,10240.46
Kartierung Versuch 3,40,62,2-3 m,2.462194,2.490678,28.4836,11568.39
Kartierung Versuch 3,40,63,2-3 m,2.505674,2.528521,22.8478,9118.41
Kartierung Versuch 3,40,64,2-3 m,2.929573,2.959444,29.8702,10196.11
Kartierung Versuch 3,40,65,0-1 m,0.937230,0.941895,4.6652,4977.62
Kartierung Versuch 3,40,66,1-2 m,1.783928,1.794908,10.9803,6155.10
Kartierung Versuch 3,40,67,1-2 m,1.399428,1.403562,4.1338,2953.92
Kartierung Versuch 3,40,68,2-3 m,2.064558,2.075536,10.9779,5317.32
Kartierung Versuch 3,40,100,3-4 m,3.088689,3.117574,28.8846,9351.74
Kartierung Versuch 3,40,101,2-3 m,2.846050,2.872228,26.1776,9197.88
Kartierung Versuch 3,40,102,2-3 m,2.716616,2.737084,20.4687,7534.63
Kartierung Versuch 3,40,103,2-3 m,2.716616,2.732462,15.8463,5833.12
Kartierung Versuch 3,40,104,2-3 m,2.580698,2.607746,27.0489,10481.24
Kartierung Versuch 3,40,105,2-3 m,2.304886,2.327508,22.6214,9814.55
Kartierung Versuch 3,40,106,2-3 m,2.114829,2.129893,15.0642,7123.14
Kartierung Versuch 3,40,107,2-3 m,2.121320,2.131155,9.8349,4636.23
Kartierung Versuch 3,40,108,3-4 m,3.088689,3.119734,31.0449,10051.16
Kartierung Versuch 3,40,109,2-3 m,2.580698,2.609159,28.4609,11028.39
Kartierung Versuch 3,40,110,1-2 m,1.749286,1.758882,9.5964,5485.91
Kartierung Versuch 3,40,111,2-3 m,2.121320,2.128502,7.1818,3385.55
Kartierung Versuch 3,40,112,2-3 m,2.846050,2.872447,26.3973,9275.05
Kartierung Versuch 3,40,113,2-3 m,2.284732,2.307836,23.1037,10112.24
Kartierung Versuch 3,40,114,1-2 m,1.272792,1.278536,5.7440,4512.89
Kartierung Versuch 3,40,115,1-2 m,1.749286,1.754445,5.1594,2949.44
Kartierung Versuch 3,40,116,1-2 m,1.529706,1.542745,13.0391,8523.90
Kartierung Versuch 3,40,117,0-1 m,0.996243,1.003637,7.3939,7421.76
Kartierung Versuch 3,40,118,0-1 m,0.390512,0.394004,3.4914,8940.57
Kartierung Versuch 3,40,119,0-1 m,0.424264,0.426580,2.3163,5459.49
Kartierung Versuch 3,40,120,1-2 m,1.529706,1.541139,11.4329,7473.91
Kartierung Versuch 3,40,121,0-1 m,0.948683,0.954223,5.5392,5838.85
Kartierung Versuch 3,40,122,0-1 m,0.424264,0.426801,2.5369,5979.59
Kartierung Versuch 3,40,123,0-1 m,0.424264,0.426707,2.4429,5757.98
Kartierung Versuch 3,40,200,3-4 m,3.503859,3.536002,32.1429,9173.58
Kartierung Versuch 3,40,202,2-3 m,2.457036,2.477770,20.7346,8438.88
Kartierung Versuch 3,40,203,1-2 m,1.258978,1.262452,3.4747,2759.96
Kartierung Versuch 3,41,42,1-2 m,1.200000,1.207835,7.8351,6529.28
Kartierung Versuch 3,41,43,2-3 m,2.683282,2.705803,22.5214,8393.23
Kartierung Versuch 3,41,44,3-4 m,3.059412,3.086798,27.3860,8951.40
Kartierung Versuch 3,41,45,1-2 m,1.697056,1.703382,6.3253,3727.22
Kartierung Versuch 3,41,46,0-1 m,0.848528,0.848426,-0.1019,-120.04
Kartierung Versuch 3,41,47,3-4 m,3.000000,3.021911,21.9115,7303.83
Kartierung Versuch 3,41,48,3-4 m,3.231099,3.259961,28.8618,8932.51
Kartierung Versuch 3,41,49,0-1 m,0.600000,0.601408,1.4077,2346.10
Kartierung Versuch 3,41,50,1-2 m,1.341641,1.347534,5.8932,4392.50
Kartierung Versuch 3,41,51,2-3 m,2.163331,2.173319,9.9880,4616.95
Kartierung Versuch 3,41,52,3-4 m,3.231099,3.257040,25.9411,8028.58
Kartierung Versuch 3,41,53,0-1 m,0.848528,0.851388,2.8595,3369.96
Kartierung Versuch 3,41,54,1-2 m,1.897367,1.910362,12.9950,6848.98
Kartierung Versuch 3,41,55,0-1 m,0.600000,0.601972,1.9718,3286.30
Kartierung Versuch 3,41,56,1-2 m,1.800000,1.813626,13.6257,7569.85
Kartierung Versuch 3,41,57,2-3 m,2.473863,2.488680,14.8167,5989.28
Kartierung Versuch 3,41,58,3-4 m,3.000000,3.027899,27.8992,9299.74
Kartierung Versuch 3,41,59,3-4 m,3.059412,3.079429,20.0177,6543.01
Kartierung Versuch 3,41,60,3-4 m,3.498571,3.528592,30.0209,8580.92
Kartierung Versuch 3,41,61,1-2 m,1.783928,1.790978,7.0501,3952.02
Kartierung Versuch 3,41,62,0-1 m,0.937230,0.937210,-0.0197,-21.01
Kartierung Versuch 3,41,63,2-3 m,2.064558,2.073396,8.8378,4280.71
Kartierung Versuch 3,41,64,1-2 m,1.399428,1.403709,4.2806,3058.85
Kartierung Versuch 3,41,65,2-3 m,2.462194,2.483805,21.6106,8776.97
Kartierung Versuch 3,41,66,1-2 m,1.938659,1.955876,17.2167,8880.70
Kartierung Versuch 3,41,67,2-3 m,2.929573,2.953497,23.9235,8166.22
Kartierung Versuch 3,41,68,2-3 m,2.505674,2.528204,22.5304,8991.76
Kartierung Versuch 3,41,100,0-1 m,0.424264,0.427298,3.0335,7149.96
Kartierung Versuch 3,41,101,0-1 m,0.424264,0.424712,0.4475,1054.68
Kartierung Versuch 3,41,102,0-1 m,0.948683,0.951295,2.6118,2753.11
Kartierung Versuch 3,41,103,1-2 m,1.529706,1.538410,8.7042,5690.08
Kartierung Versuch 3,41,104,0-1 m,0.424264,0.425415,1.1513,2713.67
Kartierung Versuch 3,41,105,0-1 m,0.390512,0.393334,2.8215,7225.24
Kartierung Versuch 3,41,106,0-1 m,0.996243,1.004784,8.5407,8572.92
Kartierung Versuch 3,41,107,1-2 m,1.529706,1.542475,12.7691,8347.41
Kartierung Versuch 3,41,108,1-2 m,1.749286,1.755831,6.5459,3742.03
Kartierung Versuch 3,41,109,1-2 m,1.272792,1.275043,2.2505,1768.19
Kartierung Versuch 3,41,110,2-3 m,2.284732,2.304320,19.5883,8573.57
Kartierung Versuch 3,41,111,2-3 m,2.846050,2.869608,23.5581,8277.46
Kartierung Versuch 3,41,112,2-3 m,2.121320,2.130363,9.0431,4262.97
Kartierung Versuch 3,41,113,1-2 m,1.749286,1.755570,6.2846,3592.67
Kartierung Versuch 3,41,114,2-3 m,2.580698,2.602708,22.0101,8528.74
Kartierung Versuch 3,41,115,3-4 m,3.088689,3.113791,25.1016,8126.96
Kartierung Versuch 3,41,116,2-3 m,2.121320,2.133917,12.5967,5938.15
Kartierung Versuch 3,41,117,2-3 m,2.114829,2.131386,16.5569,7828.96
Kartierung Versuch 3,41,118,2-3 m,2.304886,2.326879,21.9932,9542.00
Kartierung Versuch 3,41,119,2-3 m,2.580698,2.605378,24.6802,9563.38
Kartierung Versuch 3,41,120,2-3 m,2.716616,2.735007,18.3919,6770.15
Kartierung Versuch 3,41,121,2-3 m,2.716616,2.739214,22.5987,8318.70
Kartierung Versuch 3,41,122,2-3 m,2.846050,2.872512,26.4617,9297.69
Kartierung Versuch 3,41,123,3-4 m,3.088689,3.117381,28.6916,9289.25
Kartierung Versuch 3,41,200,1-2 m,1.258978,1.268586,9.6080,7631.57
Kartierung Versuch 3,41,202,2-3 m,2.797325,2.810192,12.8669,4599.72
Kartierung Versuch 3,41,203,3-4 m,3.503859,3.531204,27.3453,7804.33
Kartierung Versuch 3,42,43,1-2 m,1.697056,1.709833,12.7763,7528.48
Kartierung Versuch 3,42,44,3-4 m,3.059412,3.077763,18.3509,5998.18
Kartierung Versuch 3,42,45,2-3 m,2.683282,2.694222,10.9408,4077.38
Kartierung Versuch 3,42,46,0-1 m,0.848528,0.858305,9.7770,11522.28
Kartierung Versuch 3,42,47,3-4 m,3.231099,3.246583,15.4839,4792.14
Kartierung Versuch 3,42,48,3-4 m,3.000000,3.019131,19.1314,6377.15
Kartierung Versuch 3,42,49,1-2 m,1.341641,1.352808,11.1677,8323.88
Kartierung Versuch 3,42,50,0-1 m,0.600000,0.607306,7.3058,12176.28
Kartierung Versuch 3,42,51,3-4 m,3.231099,3.246638,15.5391,4809.24
Kartierung Versuch 3,42,52,2-3 m,2.163331,2.180594,17.2635,7980.08
Kartierung Versuch 3,42,53,1-2 m,1.897367,1.909441,12.0747,6363.94
Kartierung Versuch 3,42,54,0-1 m,0.848528,0.857981,9.4529,11140.36
Kartierung Versuch 3,42,55,1-2 m,1.800000,1.809806,9.8061,5447.85
Kartierung Versuch 3,42,56,0-1 m,0.600000,0.605791,5.7912,9651.99
Kartierung Versuch 3,42,57,3-4 m,3.000000,3.011095,11.0949,3698.29
Kartierung Versuch 3,42,58,2-3 m,2.473863,2.491488,17.6242,7124.17
Kartierung Versuch 3,42,59,3-4 m,3.498571,3.514392,15.8205,4522.00
Kartierung Versuch 3,42,60,3-4 m,3.059412,3.080210,20.7988,6798.29
Kartierung Versuch 3,42,61,2-3 m,2.462194,2.469042,6.8474,2781.03
Kartierung Versuch 3,42,62,1-2 m,1.938659,1.944999,6.3394,3269.99
Kartierung Versuch 3,42,63,2-3 m,2.929573,2.940489,10.9161,3726.19
Kartierung Versuch 3,42,64,2-3 m,2.505674,2.516483,10.8092,4313.90
Kartierung Versuch 3,42,65,1-2 m,1.783928,1.794890,10.9615,6144.61
Kartierung Versuch 3,42,66,0-1 m,0.937230,0.944068,6.8383,7296.30
Kartierung Versuch 3,42,67,2-3 m,2.064558,2.078725,14.1668,6861.92
Kartierung Versuch 3,42,68,1-2 m,1.399428,1.412544,13.1157,9372.16
Kartierung Versuch 3,42,100,1-2 m,1.529706,1.540943,11.2369,7345.78
Kartierung Versuch 3,42,101,0-1 m,0.948683,0.958995,10.3116,10869.36
Kartierung Versuch 3,42,102,0-1 m,0.424264,0.430510,6.2464,14722.83
Kartierung Versuch 3,42,103,0-1 m,0.424264,0.426831,2.5664,6049.17
Kartierung Versuch 3,42,104,1-2 m,1.529706,1.537792,8.0859,5285.91
Kartierung Versuch 3,42,105,0-1 m,0.996243,1.001441,5.1978,5217.41
Kartierung Versuch 3,42,106,0-1 m,0.390512,0.391759,1.2466,3192.26
Kartierung Versuch 3,42,107,0-1 m,0.424264,0.429489,5.2254,12316.30
Kartierung Versuch 3,42,108,2-3 m,2.846050,2.858945,12.8954,4530.99
Kartierung Versuch 3,42,109,2-3 m,2.284732,2.292848,8.1165,3552.49
Kartierung Versuch 3,42,110,1-2 m,1.272792,1.282278,9.4854,7452.45
Kartierung Versuch 3,42,111,1-2 m,1.749286,1.764171,14.8851,8509.24
Kartierung Versuch 3,42,112,3-4 m,3.088689,3.101562,12.8726,4167.66
Kartierung Versuch 3,42,113,2-3 m,2.580698,2.589163,8.4653,3280.25
Kartierung Versuch 3,42,114,1-2 m,1.749286,1.760912,11.6269,6646.66
Kartierung Versuch 3,42,115,2-3 m,2.121320,2.137143,15.8230,7459.01
Kartierung Versuch 3,42,116,2-3 m,2.580698,2.588859,8.1612,3162.38
Kartierung Versuch 3,42,117,2-3 m,2.304886,2.312780,7.8938,3424.79
Kartierung Versuch 3,42,118,2-3 m,2.114829,2.125848,11.0192,5210.47
Kartierung Versuch 3,42,119,2-3 m,2.121320,2.134911,13.5905,6406.62
Kartierung Versuch 3,42,120,3-4 m,3.088689,3.101975,13.2857,4301.40
Kartierung Versuch 3,42,121,2-3 m,2.846050,2.860119,14.0689,4943.32
Kartierung Versuch 3,42,122,2-3 m,2.716616,2.732890,16.2749,5990.89
Kartierung Versuch 3,42,123,2-3 m,2.716616,2.735210,18.5944,6844.68
Kartierung Versuch 3,42,200,2-3 m,2.457036,2.474759,17.7233,7213.28
Kartierung Versuch 3,42,202,3-4 m,3.503859,3.517167,13.3087,3798.29
Kartierung Versuch 3,42,203,2-3 m,2.797325,2.814405,17.0802,6105.90
Kartierung Versuch 3,43,44,2-3 m,2.545584,2.558758,13.1736,5175.07
Kartierung Versuch 3,43,45,3-4 m,3.600000,3.624330,24.3305,6758.46
Kartierung Versuch 3,43,46,2-3 m,2.545584,2.568138,22.5532,8859.74
Kartierung Versuch 3,43,47,3-4 m,3.000000,3.015146,15.1457,5048.55
Kartierung Versuch 3,43,48,2-3 m,2.163331,2.175052,11.7216,5418.33
Kartierung Versuch 3,43,49,3-4 m,3.000000,3.024437,24.4367,8145.58
Kartierung Versuch 3,43,50,2-3 m,2.163331,2.182532,19.2015,8875.91
Kartierung Versuch 3,43,51,4-5 m,4.200000,4.228729,28.7295,6840.36
Kartierung Versuch 3,43,52,0-1 m,0.600000,0.602515,2.5150,4191.70
Kartierung Versuch 3,43,53,3-4 m,3.498571,3.524192,25.6209,7323.26
Kartierung Versuch 3,43,54,1-2 m,1.897367,1.913958,16.5916,8744.56
Kartierung Versuch 3,43,55,3-4 m,3.231099,3.255732,24.6334,7623.86
Kartierung Versuch 3,43,56,1-2 m,1.341641,1.348691,7.0505,5255.14
Kartierung Versuch 3,43,57,3-4 m,3.231099,3.246824,15.7251,4866.80
Kartierung Versuch 3,43,58,1-2 m,1.341641,1.349507,7.8665,5863.33
Kartierung Versuch 3,43,59,3-4 m,3.498571,3.516773,18.2022,5202.75
Kartierung Versuch 3,43,60,1-2 m,1.897367,1.909882,12.5151,6596.06
Kartierung Versuch 3,43,61,3-4 m,3.038157,3.055684,17.5270,5768.95
Kartierung Versuch 3,43,62,3-4 m,3.038157,3.060868,22.7111,7475.27
Kartierung Versuch 3,43,63,3-4 m,3.631859,3.653596,21.7370,5985.10
Kartierung Versuch 3,43,64,3-4 m,3.631859,3.657517,25.6579,7064.68
Kartierung Versuch 3,43,65,0-1 m,0.768375,0.771366,2.9915,3893.27
Kartierung Versuch 3,43,66,0-1 m,0.768375,0.773910,5.5348,7203.22
Kartierung Versuch 3,43,67,0-1 m,0.480000,0.482855,2.8547,5947.26
Kartierung Versuch 3,43,68,0-1 m,0.480000,0.482774,2.7742,5779.55
Kartierung Versuch 3,43,100,3-4 m,3.088689,3.114197,25.5075,8258.36
Kartierung Versuch 3,43,101,2-3 m,2.580698,2.604759,24.0612,9323.51
Kartierung Versuch 3,43,102,2-3 m,2.121320,2.140343,19.0224,8967.27
Kartierung Versuch 3,43,103,1-2 m,1.749286,1.761636,12.3507,7060.44
Kartierung Versuch 3,43,104,2-3 m,2.846050,2.869331,23.2811,8180.14
Kartierung Versuch 3,43,105,2-3 m,2.330772,2.350790,20.0171,8588.18
Kartierung Versuch 3,43,106,1-2 m,1.706605,1.720015,13.4105,7857.99
Kartierung Versuch 3,43,107,1-2 m,1.272792,1.280346,7.5538,5934.85
Kartierung Versuch 3,43,108,3-4 m,3.911521,3.938897,27.3754,6998.66
Kartierung Versuch 3,43,109,3-4 m,3.313608,3.337118,23.5092,7094.76
Kartierung Versuch 3,43,110,0-1 m,0.424264,0.427559,3.2949,7766.06
Kartierung Versuch 3,43,111,0-1 m,0.424264,0.424260,-0.0043,-10.11
Kartierung Versuch 3,43,112,3-4 m,3.911521,3.936366,24.8450,6351.76
Kartierung Versuch 3,43,113,3-4 m,3.313608,3.334138,20.5292,6195.43
Kartierung Versuch 3,43,114,0-1 m,0.424264,0.425717,1.4529,3424.52
Kartierung Versuch 3,43,115,0-1 m,0.424264,0.427316,3.0519,7193.50
Kartierung Versuch 3,43,116,2-3 m,2.846050,2.859756,13.7064,4815.94
Kartierung Versuch 3,43,117,2-3 m,2.330772,2.339669,8.8964,3816.93
Kartierung Versuch 3,43,118,1-2 m,1.706605,1.712750,6.1448,3600.62
Kartierung Versuch 3,43,119,1-2 m,1.272792,1.277670,4.8775,3832.16
Kartierung Versuch 3,43,120,3-4 m,3.088689,3.104261,15.5724,5041.75
Kartierung Versuch 3,43,121,2-3 m,2.580698,2.592217,11.5192,4463.58
Kartierung Versuch 3,43,122,2-3 m,2.121320,2.131051,9.7306,4587.04
Kartierung Versuch 3,43,123,1-2 m,1.749286,1.759262,9.9760,5702.90
Kartierung Versuch 3,43,200,3-4 m,3.879307,3.910072,30.7642,7930.34
Kartierung Versuch 3,43,202,3-4 m,3.879307,3.901190,21.8831,5640.99
Kartierung Versuch 3,43,203,1-2 m,1.301163,1.307092,5.9289,4556.64
Kartierung Versuch 3,44,45,2-3 m,2.545584,2.574038,28.4534,11177.56
Kartierung Versuch 3,44,46,3-4 m,3.600000,3.625481,25.4808,7078.01
Kartierung Versuch 3,44,47,0-1 m,0.600000,0.606063,6.0632,10105.34
Kartierung Versuch 3,44,48,0-1 m,0.600000,0.602944,2.9444,4907.29
Kartierung Versuch 3,44,49,3-4 m,3.649658,3.678360,28.7029,7864.53
Kartierung Versuch 3,44,50,3-4 m,3.649658,3.675151,25.4937,6985.24
Kartierung Versuch 3,44,51,3-4 m,3.000000,3.031506,31.5063,10502.09
Kartierung Versuch 3,44,52,3-4 m,3.000000,3.012094,12.0935,4031.18
Kartierung Versuch 3,44,53,3-4 m,3.794733,3.825097,30.3642,8001.66
Kartierung Versuch 3,44,54,3-4 m,3.794733,3.821395,26.6620,7026.04
Kartierung Versuch 3,44,55,3-4 m,3.231099,3.261646,30.5472,9454.11
Kartierung Versuch 3,44,56,3-4 m,3.231099,3.248024,16.9255,5238.32
Kartierung Versuch 3,44,57,1-2 m,1.341641,1.354391,12.7498,9503.14
Kartierung Versuch 3,44,58,1-2 m,1.341641,1.348315,6.6746,4974.97
Kartierung Versuch 3,44,59,1-2 m,1.200000,1.210332,10.3316,8609.71
Kartierung Versuch 3,44,60,1-2 m,1.200000,1.203642,3.6420,3035.04
Kartierung Versuch 3,44,61,1-2 m,1.783928,1.805542,21.6134,12115.62
Kartierung Versuch 3,44,62,2-3 m,2.576509,2.607199,30.6897,11911.33
Kartierung Versuch 3,44,63,2-3 m,2.232129,2.255600,23.4708,10514.98
Kartierung Versuch 3,44,64,2-3 m,2.904892,2.936414,31.5220,10851.34
Kartierung Versuch 3,44,65,1-2 m,1.783928,1.794421,10.4931,5882.02
Kartierung Versuch 3,44,66,2-3 m,2.576509,2.592601,16.0913,6245.40
Kartierung Versuch 3,44,67,2-3 m,2.232129,2.242330,10.2005,4569.86
Kartierung Versuch 3,44,68,2-3 m,2.904892,2.921761,16.8690,5807.11
Kartierung Versuch 3,44,100,3-4 m,3.420526,3.451071,30.5443,8929.72
Kartierung Versuch 3,44,101,3-4 m,3.313608,3.341434,27.8261,8397.52
Kartierung Versuch 3,44,102,3-4 m,3.313608,3.336598,22.9893,6937.85
Kartierung Versuch 3,44,103,3-4 m,3.420526,3.440460,19.9339,5827.72
Kartierung Versuch 3,44,104,2-3 m,2.846050,2.874536,28.4865,10009.14
Kartierung Versuch 3,44,105,2-3 m,2.722591,2.746725,24.1348,8864.65
Kartierung Versuch 3,44,106,2-3 m,2.722591,2.740537,17.9461,6591.56
Kartierung Versuch 3,44,107,2-3 m,2.846050,2.860226,14.1758,4980.88
Kartierung Versuch 3,44,108,2-3 m,2.969848,3.002271,32.4221,10917.10
Kartierung Versuch 3,44,109,2-3 m,2.580698,2.611189,30.4910,11815.01
Kartierung Versuch 3,44,110,2-3 m,2.580698,2.595907,15.2089,5893.34
Kartierung Versuch 3,44,111,2-3 m,2.969848,2.983011,13.1622,4431.93
Kartierung Versuch 3,44,112,2-3 m,2.580698,2.607639,26.9419,10439.77
Kartierung Versuch 3,44,113,2-3 m,2.121320,2.145860,24.5395,11568.05
Kartierung Versuch 3,44,114,2-3 m,2.121320,2.133043,11.7229,5526.21
Kartierung Versuch 3,44,115,2-3 m,2.580698,2.591767,11.0698,4289.44
Kartierung Versuch 3,44,116,1-2 m,1.272792,1.287093,14.3007,11235.68
Kartierung Versuch 3,44,117,0-1 m,0.965660,0.975823,10.1625,10523.91
Kartierung Versuch 3,44,118,0-1 m,0.965660,0.973581,7.9202,8201.88
Kartierung Versuch 3,44,119,1-2 m,1.272792,1.281088,8.2961,6518.03
Kartierung Versuch 3,44,120,0-1 m,0.948683,0.958608,9.9248,10461.69
Kartierung Versuch 3,44,121,0-1 m,0.424264,0.428318,4.0543,9556.04
Kartierung Versuch 3,44,122,0-1 m,0.424264,0.427708,3.4436,8116.64
Kartierung Versuch 3,44,123,0-1 m,0.948683,0.953382,4.6985,4952.71
Kartierung Versuch 3,44,200,3-4 m,3.612620,3.644949,32.3290,8948.90
Kartierung Versuch 3,44,202,1-2 m,1.921204,1.941532,20.3279,10580.82
Kartierung Versuch 3,44,203,1-2 m,1.921204,1.929977,8.7725,4566.14
Kartierung Versuch 3,45,46,2-3 m,2.545584,2.551807,6.2231,2444.65
Kartierung Versuch 3,45,47,2-3 m,2.163331,2.185499,22.1684,10247.35
Kartierung Versuch 3,45,48,3-4 m,3.000000,3.029817,29.8174,9939.13
Kartierung Versuch 3,45,49,2-3 m,2.163331,2.169789,6.4587,2985.53
Kartierung Versuch 3,45,50,3-4 m,3.000000,3.012069,12.0689,4022.96
Kartierung Versuch 3,45,51,0-1 m,0.600000,0.604400,4.4002,7333.61
Kartierung Versuch 3,45,52,4-5 m,4.200000,4.226842,26.8418,6390.91
Kartierung Versuch 3,45,53,1-2 m,1.897367,1.903039,5.6724,2989.62
Kartierung Versuch 3,45,54,3-4 m,3.498571,3.517438,18.8666,5392.65
Kartierung Versuch 3,45,55,1-2 m,1.341641,1.347755,6.1139,4557.06
Kartierung Versuch 3,45,56,3-4 m,3.231099,3.247376,16.2769,5037.57
Kartierung Versuch 3,45,57,1-2 m,1.341641,1.356835,15.1939,11324.88
Kartierung Versuch 3,45,58,3-4 m,3.231099,3.259728,28.6291,8860.47
Kartierung Versuch 3,45,59,1-2 m,1.897367,1.916467,19.1002,10066.67
Kartierung Versuch 3,45,60,3-4 m,3.498571,3.528574,30.0032,8575.84
Kartierung Versuch 3,45,61,0-1 m,0.768375,0.775451,7.0758,9208.73
Kartierung Versuch 3,45,62,0-1 m,0.768375,0.774354,5.9796,7782.08
Kartierung Versuch 3,45,63,0-1 m,0.480000,0.484773,4.7732,9944.22
Kartierung Versuch 3,45,64,0-1 m,0.480000,0.483948,3.9478,8224.64
Kartierung Versuch 3,45,65,3-4 m,3.038157,3.061339,23.1821,7630.33
Kartierung Versuch 3,45,66,3-4 m,3.038157,3.057800,19.6431,6465.48
Kartierung Versuch 3,45,67,3-4 m,3.631859,3.657064,25.2052,6940.02
Kartierung Versuch 3,45,68,3-4 m,3.631859,3.656820,24.9610,6872.79
Kartierung Versuch 3,45,100,1-2 m,1.749286,1.755938,6.6522,3802.79
Kartierung Versuch 3,45,101,2-3 m,2.121320,2.128090,6.7697,3191.25
Kartierung Versuch 3,45,102,2-3 m,2.580698,2.588976,8.2786,3207.88
Kartierung Versuch 3,45,103,3-4 m,3.088689,3.101739,13.0498,4225.01
Kartierung Versuch 3,45,104,1-2 m,1.272792,1.277967,5.1746,4065.55
Kartierung Versuch 3,45,105,1-2 m,1.706605,1.712955,6.3506,3721.19
Kartierung Versuch 3,45,106,2-3 m,2.330772,2.341038,10.2659,4404.52
Kartierung Versuch 3,45,107,2-3 m,2.846050,2.859746,13.6959,4812.26
Kartierung Versuch 3,45,108,0-1 m,0.424264,0.428233,3.9690,9354.93
Kartierung Versuch 3,45,109,0-1 m,0.424264,0.428343,4.0794,9615.22
Kartierung Versuch 3,45,110,3-4 m,3.313608,3.335589,21.9809,6633.51
Kartierung Versuch 3,45,111,3-4 m,3.911521,3.936292,24.7706,6332.72
Kartierung Versuch 3,45,112,0-1 m,0.424264,0.426984,2.7200,6411.20
Kartierung Versuch 3,45,113,0-1 m,0.424264,0.428179,3.9150,9227.72
Kartierung Versuch 3,45,114,3-4 m,3.313608,3.337390,23.7817,7176.97
Kartierung Versuch 3,45,115,3-4 m,3.911521,3.937719,26.1977,6697.58
Kartierung Versuch 3,45,116,1-2 m,1.272792,1.286946,14.1542,11120.61
Kartierung Versuch 3,45,117,1-2 m,1.706605,1.726359,19.7538,11574.91
Kartierung Versuch 3,45,118,2-3 m,2.330772,2.354740,23.9673,10282.99
Kartierung Versuch 3,45,119,2-3 m,2.846050,2.872228,26.1783,9198.13
Kartierung Versuch 3,45,120,1-2 m,1.749286,1.767762,18.4768,10562.47
Kartierung Versuch 3,45,121,2-3 m,2.121320,2.145721,24.4004,11502.48
Kartierung Versuch 3,45,122,2-3 m,2.580698,2.608787,28.0897,10884.55
Kartierung Versuch 3,45,123,3-4 m,3.088689,3.118106,29.4166,9523.97
Kartierung Versuch 3,45,200,1-2 m,1.301163,1.303605,2.4422,1876.96
Kartierung Versuch 3,45,202,1-2 m,1.301163,1.309749,8.5856,6598.41
Kartierung Versuch 3,45,203,3-4 m,3.879307,3.908498,29.1911,7524.83
Kartierung Versuch 3,46,47,3-4 m,3.649658,3.670227,20.5691,5635.90
Kartierung Versuch 3,46,48,3-4 m,3.649658,3.676847,27.1894,7449.84
Kartierung Versuch 3,46,49,0-1 m,0.600000,0.600886,0.8865,1477.44
Kartierung Versuch 3,46,50,0-1 m,0.600000,0.606012,6.0124,10020.74
Kartierung Versuch 3,46,51,3-4 m,3.000000,3.009677,9.6772,3225.72
Kartierung Versuch 3,46,52,3-4 m,3.000000,3.027232,27.2316,9077.20
Kartierung Versuch 3,46,53,1-2 m,1.200000,1.202259,2.2594,1882.87
Kartierung Versuch 3,46,54,1-2 m,1.200000,1.213030,13.0296,10858.02
Kartierung Versuch 3,46,55,1-2 m,1.341641,1.342502,0.8609,641.64
Kartierung Versuch 3,46,56,1-2 m,1.341641,1.357411,15.7706,11754.72
Kartierung Versuch 3,46,57,3-4 m,3.231099,3.244838,13.7396,4252.30
Kartierung Versuch 3,46,58,3-4 m,3.231099,3.257760,26.6606,8251.26
Kartierung Versuch 3,46,59,3-4 m,3.794733,3.813808,19.0745,5026.57
Kartierung Versuch 3,46,60,3-4 m,3.794733,3.823965,29.2320,7703.30
Kartierung Versuch 3,46,61,2-3 m,2.576509,2.583073,6.5640,2547.63
Kartierung Versuch 3,46,62,1-2 m,1.783928,1.783923,-0.0057,-3.18
Kartierung Versuch 3,46,63,2-3 m,2.904892,2.913564,8.6712,2985.05
Kartierung Versuch 3,46,64,2-3 m,2.232129,2.235961,3.8320,1716.74
Kartierung Versuch 3,46,65,2-3 m,2.576509,2.596925,20.4158,7923.80
Kartierung Versuch 3,46,66,1-2 m,1.783928,1.800615,16.6866,9353.85
Kartierung Versuch 3,46,67,2-3 m,2.904892,2.928695,23.8023,8193.86
Kartierung Versuch 3,46,68,2-3 m,2.232129,2.254837,22.7082,10173.36
Kartierung Versuch 3,46,100,0-1 m,0.948683,0.949718,1.0348,1090.77
Kartierung Versuch 3,46,101,0-1 m,0.424264,0.423719,-0.5452,-1285.04
Kartierung Versuch 3,46,102,0-1 m,0.424264,0.427795,3.5314,8323.48
Kartierung Versuch 3,46,103,0-1 m,0.948683,0.959301,10.6180,11192.31
Kartierung Versuch 3,46,104,1-2 m,1.272792,1.273841,1.0485,823.76
Kartierung Versuch 3,46,105,0-1 m,0.965660,0.967507,1.8464,1912.10
Kartierung Versuch 3,46,106,0-1 m,0.965660,0.974414,8.7537,9065.02
Kartierung Versuch 3,46,107,1-2 m,1.272792,1.287793,15.0006,11785.60
Kartierung Versuch 3,46,108,2-3 m,2.580698,2.586765,6.0673,2351.05
Kartierung Versuch 3,46,109,2-3 m,2.121320,2.123467,2.1471,1012.14
Kartierung Versuch 3,46,110,2-3 m,2.121320,2.140583,19.2622,9080.27
Kartierung Versuch 3,46,111,2-3 m,2.580698,2.605516,24.8183,9616.88
Kartierung Versuch 3,46,112,2-3 m,2.969848,2.978790,8.9412,3010.66
Kartierung Versuch 3,46,113,2-3 m,2.580698,2.586826,6.1283,2374.68
Kartierung Versuch 3,46,114,2-3 m,2.580698,2.602004,21.3068,8256.21
Kartierung Versuch 3,46,115,2-3 m,2.969848,2.995448,25.5993,8619.75
Kartierung Versuch 3,46,116,2-3 m,2.846050,2.857317,11.2668,3958.75
Kartierung Versuch 3,46,117,2-3 m,2.722591,2.736667,14.0763,5170.19
Kartierung Versuch 3,46,118,2-3 m,2.722591,2.742018,19.4277,7135.75
Kartierung Versuch 3,46,119,2-3 m,2.846050,2.868792,22.7422,7990.81
Kartierung Versuch 3,46,120,3-4 m,3.420526,3.437720,17.1935,5026.57
Kartierung Versuch 3,46,121,3-4 m,3.313608,3.334145,20.5366,6197.66
Kartierung Versuch 3,46,122,3-4 m,3.313608,3.337867,24.2588,7320.97
Kartierung Versuch 3,46,123,3-4 m,3.420526,3.447705,27.1785,7945.70
Kartierung Versuch 3,46,200,1-2 m,1.921204,1.930696,9.4923,4940.83
Kartierung Versuch 3,46,202,3-4 m,3.612620,3.625320,12.6995,3515.30
Kartierung Versuch 3,46,203,3-4 m,3.612620,3.639120,26.4998,7335.34
Kartierung Versuch 3,47,48,1-2 m,1.200000,1.209001,9.0009,7500.74
Kartierung Versuch 3,47,49,3-4 m,3.600000,3.623319,23.3191,6477.53
Kartierung Versuch 3,47,50,3-4 m,3.794733,3.816769,22.0361,5807.02
Kartierung Versuch 3,47,51,2-3 m,2.545584,2.570635,25.0510,9840.98
Kartierung Versuch 3,47,52,3-4 m,3.498571,3.513815,15.2434,4357.04
Kartierung Versuch 3,47,53,3-4 m,3.649658,3.674309,24.6515,6754.46
Kartierung Versuch 3,47,54,4-5 m,4.024922,4.049668,24.7459,6148.16
Kartierung Versuch 3,47,55,3-4 m,3.059412,3.084202,24.7902,8102.92
Kartierung Versuch 3,47,56,3-4 m,3.498571,3.514489,15.9178,4549.79
Kartierung Versuch 3,47,57,0-1 m,0.848528,0.855168,6.6398,7825.08
Kartierung Versuch 3,47,58,1-2 m,1.897367,1.908445,11.0780,5838.61
Kartierung Versuch 3,47,59,0-1 m,0.600000,0.604271,4.2709,7118.19
Kartierung Versuch 3,47,60,1-2 m,1.800000,1.809698,9.6983,5387.94
Kartierung Versuch 3,47,61,1-2 m,1.449966,1.465707,15.7417,10856.59
Kartierung Versuch 3,47,62,2-3 m,2.357626,2.382548,24.9225,10571.04
Kartierung Versuch 3,47,63,1-2 m,1.783928,1.801107,17.1791,9629.94
Kartierung Versuch 3,47,64,2-3 m,2.576509,2.601957,25.4480,9876.93
Kartierung Versuch 3,47,65,2-3 m,2.232129,2.244267,12.1381,5437.92
Kartierung Versuch 3,47,66,2-3 m,2.904892,2.920688,15.7958,5437.64
Kartierung Versuch 3,47,67,2-3 m,2.739051,2.752200,13.1492,4800.62
Kartierung Versuch 3,47,68,3-4 m,3.310347,3.328558,18.2111,5501.26
Kartierung Versuch 3,47,100,3-4 m,3.313608,3.338460,24.8521,7500.01
Kartierung Versuch 3,47,101,3-4 m,3.313608,3.336091,22.4832,6785.10
Kartierung Versuch 3,47,102,3-4 m,3.420526,3.439368,18.8420,5508.52
Kartierung Versuch 3,47,103,3-4 m,3.624914,3.642552,17.6385,4865.91
Kartierung Versuch 3,47,104,2-3 m,2.716616,2.739195,22.5798,8311.76
Kartierung Versuch 3,47,105,2-3 m,2.711549,2.730372,18.8226,6941.66
Kartierung Versuch 3,47,106,2-3 m,2.862254,2.876829,14.5744,5091.94
Kartierung Versuch 3,47,107,3-4 m,3.088689,3.101322,12.6329,4090.07
Kartierung Versuch 3,47,108,2-3 m,2.580698,2.606922,26.2243,10161.71
Kartierung Versuch 3,47,109,2-3 m,2.284732,2.309309,24.5772,10757.15
Kartierung Versuch 3,47,110,2-3 m,2.969848,2.985771,15.9223,5361.33
Kartierung Versuch 3,47,111,3-4 m,3.420526,3.435897,15.3705,4493.60
Kartierung Versuch 3,47,112,2-3 m,2.121320,2.141880,20.5601,9692.11
Kartierung Versuch 3,47,113,1-2 m,1.749286,1.767744,18.4588,10552.21
Kartierung Versuch 3,47,114,2-3 m,2.580698,2.594327,13.6298,5281.42
Kartierung Versuch 3,47,115,3-4 m,3.088689,3.102905,14.2163,4602.69
Kartierung Versuch 3,47,116,0-1 m,0.948683,0.957470,8.7864,9261.66
Kartierung Versuch 3,47,117,0-1 m,0.934077,0.941262,7.1852,7692.28
Kartierung Versuch 3,47,118,1-2 m,1.308625,1.317295,8.6698,6625.15
Kartierung Versuch 3,47,119,1-2 m,1.749286,1.760247,10.9611,6266.04
Kartierung Versuch 3,47,120,0-1 m,0.424264,0.427935,3.6706,8651.61
Kartierung Versuch 3,47,121,0-1 m,0.424264,0.427499,3.2346,7623.95
Kartierung Versuch 3,47,122,0-1 m,0.948683,0.956364,7.6805,8096.00
Kartierung Versuch 3,47,123,1-2 m,1.529706,1.539559,9.8535,6441.40
Kartierung Versuch 3,47,200,3-4 m,3.344402,3.369809,25.4069,7596.85
Kartierung Versuch 3,47,202,1-2 m,1.350935,1.365175,14.2398,10540.67
Kartierung Versuch 3,47,203,2-3 m,2.505399,2.519104,13.7045,5469.99
Kartierung Versuch 3,48,49,3-4 m,3.794733,3.824922,30.1884,7955.35
Kartierung Versuch 3,48,50,3-4 m,3.600000,3.626437,26.4371,7343.63
Kartierung Versuch 3,48,51,3-4 m,3.498571,3.531712,33.1411,9472.76
Kartierung Versuch 3,48,52,2-3 m,2.545584,2.555342,9.7573,3833.02
Kartierung Versuch 3,48,53,4-5 m,4.024922,4.056630,31.7079,7877.90
Kartierung Versuch 3,48,54,3-4 m,3.649658,3.676326,26.6688,7307.20
Kartierung Versuch 3,48,55,3-4 m,3.498571,3.530335,31.7638,9079.08
Kartierung Versuch 3,48,56,3-4 m,3.059412,3.075985,16.5733,5417.14
Kartierung Versuch 3,48,57,1-2 m,1.897367,1.912029,14.6626,7727.89
Kartierung Versuch 3,48,58,0-1 m,0.848528,0.852777,4.2484,5006.75
Kartierung Versuch 3,48,59,1-2 m,1.800000,1.813272,13.2717,7373.16
Kartierung Versuch 3,48,60,0-1 m,0.600000,0.600698,0.6980,1163.39
Kartierung Versuch 3,48,61,2-3 m,2.232129,2.254815,22.6863,10163.54
Kartierung Versuch 3,48,62,2-3 m,2.904892,2.936518,31.6254,10886.94
Kartierung Versuch 3,48,63,2-3 m,2.739051,2.764100,25.0495,9145.33
Kartierung Versuch 3,48,64,3-4 m,3.310347,3.343028,32.6805,9872.22
Kartierung Versuch 3,48,65,1-2 m,1.449966,1.459715,9.7493,6723.83
Kartierung Versuch 3,48,66,2-3 m,2.357626,2.373299,15.6733,6647.91
Kartierung Versuch 3,48,67,1-2 m,1.783928,1.792439,8.5112,4771.07
Kartierung Versuch 3,48,68,2-3 m,2.576509,2.591846,15.3372,5952.71
Kartierung Versuch 3,48,100,3-4 m,3.624914,3.656883,31.9696,8819.41
Kartierung Versuch 3,48,101,3-4 m,3.420526,3.450065,29.5383,8635.61
Kartierung Versuch 3,48,102,3-4 m,3.313608,3.338020,24.4113,7366.99
Kartierung Versuch 3,48,103,3-4 m,3.313608,3.333916,20.3079,6128.65
Kartierung Versuch 3,48,104,3-4 m,3.088689,3.118642,29.9525,9697.47
Kartierung Versuch 3,48,105,2-3 m,2.862254,2.888031,25.7770,9005.84
Kartierung Versuch 3,48,106,2-3 m,2.711549,2.730570,19.0209,7014.78
Kartierung Versuch 3,48,107,2-3 m,2.716616,2.730958,14.3424,5279.50
Kartierung Versuch 3,48,108,3-4 m,3.420526,3.454236,33.7101,9855.23
Kartierung Versuch 3,48,109,2-3 m,2.969848,3.001331,31.4827,10600.79
Kartierung Versuch 3,48,110,2-3 m,2.284732,2.299084,14.3519,6281.66
Kartierung Versuch 3,48,111,2-3 m,2.580698,2.591960,11.2623,4364.04
Kartierung Versuch 3,48,112,3-4 m,3.088689,3.117265,28.5762,9251.88
Kartierung Versuch 3,48,113,2-3 m,2.580698,2.606471,25.7733,9986.96
Kartierung Versuch 3,48,114,1-2 m,1.749286,1.759896,10.6104,6065.59
Kartierung Versuch 3,48,115,2-3 m,2.121320,2.130325,9.0043,4244.67
Kartierung Versuch 3,48,116,1-2 m,1.749286,1.764744,15.4586,8837.09
Kartierung Versuch 3,48,117,1-2 m,1.308625,1.319019,10.3943,7942.89
Kartierung Versuch 3,48,118,0-1 m,0.934077,0.941369,7.2916,7806.24
Kartierung Versuch 3,48,119,0-1 m,0.948683,0.955547,6.8635,7234.76
Kartierung Versuch 3,48,120,1-2 m,1.529706,1.541904,12.1979,7973.99
Kartierung Versuch 3,48,121,0-1 m,0.948683,0.954299,5.6152,5918.98
Kartierung Versuch 3,48,122,0-1 m,0.424264,0.426065,1.8011,4245.30
Kartierung Versuch 3,48,123,0-1 m,0.424264,0.426232,1.9680,4638.70
Kartierung Versuch 3,48,200,3-4 m,3.954368,3.988695,34.3272,8680.83
Kartierung Versuch 3,48,202,2-3 m,2.505399,2.527937,22.5374,8995.53
Kartierung Versuch 3,48,203,1-2 m,1.350935,1.357234,6.2995,4663.07
Kartierung Versuch 3,49,50,1-2 m,1.200000,1.206896,6.8955,5746.29
Kartierung Versuch 3,49,51,2-3 m,2.545584,2.555009,9.4245,3702.31
Kartierung Versuch 3,49,52,3-4 m,3.498571,3.527052,28.4812,8140.80
Kartierung Versuch 3,49,53,0-1 m,0.600000,0.601374,1.3736,2289.25
Kartierung Versuch 3,49,54,1-2 m,1.800000,1.813912,13.9123,7729.05
Kartierung Versuch 3,49,55,0-1 m,0.848528,0.848965,0.4368,514.72
Kartierung Versuch 3,49,56,1-2 m,1.897367,1.914156,16.7891,8848.62
Kartierung Versuch 3,49,57,3-4 m,3.059412,3.075702,16.2907,5324.79
Kartierung Versuch 3,49,58,3-4 m,3.498571,3.527924,29.3530,8390.00
Kartierung Versuch 3,49,59,3-4 m,3.649658,3.671078,21.4201,5869.07
Kartierung Versuch 3,49,60,4-5 m,4.024922,4.056530,31.6074,7852.92
Kartierung Versuch 3,49,61,2-3 m,2.357626,2.365961,8.3355,3535.54
Kartierung Versuch 3,49,62,1-2 m,1.449966,1.450104,0.1389,95.79
Kartierung Versuch 3,49,63,2-3 m,2.576509,2.586221,9.7118,3769.37
Kartierung Versuch 3,49,64,1-2 m,1.783928,1.787394,3.4660,1942.93
Kartierung Versuch 3,49,65,2-3 m,2.904892,2.927967,23.0751,7943.52
Kartierung Versuch 3,49,66,2-3 m,2.232129,2.251089,18.9597,8493.99
Kartierung Versuch 3,49,67,3-4 m,3.310347,3.336132,25.7842,7788.97
Kartierung Versuch 3,49,68,2-3 m,2.739051,2.763509,24.4584,8929.51
Kartierung Versuch 3,49,100,0-1 m,0.424264,0.424322,0.0578,136.18
Kartierung Versuch 3,49,101,0-1 m,0.424264,0.424612,0.3479,820.07
Kartierung Versuch 3,49,102,0-1 m,0.948683,0.953709,5.0255,5297.38
Kartierung Versuch 3,49,103,1-2 m,1.529706,1.541292,11.5865,7574.36
Kartierung Versuch 3,49,104,0-1 m,0.948683,0.950245,1.5615,1645.95
Kartierung Versuch 3,49,105,0-1 m,0.934077,0.938530,4.4525,4766.73
Kartierung Versuch 3,49,106,1-2 m,1.308625,1.319891,11.2660,8609.05
Kartierung Versuch 3,49,107,1-2 m,1.749286,1.765504,16.2181,9271.25
Kartierung Versuch 3,49,108,2-3 m,2.121320,2.126904,5.5837,2632.17
Kartierung Versuch 3,49,109,1-2 m,1.749286,1.751408,2.1223,1213.25
Kartierung Versuch 3,49,110,2-3 m,2.580698,2.602044,21.3469,8271.75
Kartierung Versuch 3,49,111,3-4 m,3.088689,3.114794,26.1047,8451.72
Kartierung Versuch 3,49,112,2-3 m,2.580698,2.590057,9.3599,3626.87
Kartierung Versuch 3,49,113,2-3 m,2.284732,2.291936,7.2043,3153.22
Kartierung Versuch 3,49,114,2-3 m,2.969848,2.993482,23.6340,7957.99
Kartierung Versuch 3,49,115,3-4 m,3.420526,3.447765,27.2387,7963.31
Kartierung Versuch 3,49,116,2-3 m,2.716616,2.730680,14.0645,5177.23
Kartierung Versuch 3,49,117,2-3 m,2.711549,2.729387,17.8374,6578.31
Kartierung Versuch 3,49,118,2-3 m,2.862254,2.885350,23.0957,8069.06
Kartierung Versuch 3,49,119,3-4 m,3.088689,3.114596,25.9069,8387.66
Kartierung Versuch 3,49,120,3-4 m,3.313608,3.333426,19.8181,5980.82
Kartierung Versuch 3,49,121,3-4 m,3.313608,3.337538,23.9293,7221.52
Kartierung Versuch 3,49,122,3-4 m,3.420526,3.448208,27.6819,8092.89
Kartierung Versuch 3,49,123,3-4 m,3.624914,3.654974,30.0602,8292.66
Kartierung Versuch 3,49,200,1-2 m,1.350935,1.359882,8.9471,6622.87
Kartierung Versuch 3,49,202,3-4 m,3.344402,3.358209,13.8070,4128.40
Kartierung Versuch 3,49,203,3-4 m,3.954368,3.983228,28.8602,7298.32
Kartierung Versuch 3,50,51,3-4 m,3.498571,3.514476,15.9045,4546.00
Kartierung Versuch 3,50,52,2-3 m,2.545584,2.569438,23.8539,9370.68
Kartierung Versuch 3,50,53,1-2 m,1.800000,1.808269,8.2691,4593.92
Kartierung Versuch 3,50,54,0-1 m,0.600000,0.607017,7.0173,11695.45
Kartierung Versuch 3,50,55,1-2 m,1.897367,1.904712,7.3449,3871.11
Kartierung Versuch 3,50,56,0-1 m,0.848528,0.860509,11.9807,14119.40
Kartierung Versuch 3,50,57,3-4 m,3.498571,3.515079,16.5083,4718.58
Kartierung Versuch 3,50,58,3-4 m,3.059412,3.084282,24.8701,8129.06
Kartierung Versuch 3,50,59,4-5 m,4.024922,4.046564,21.6414,5376.85
Kartierung Versuch 3,50,60,3-4 m,3.649658,3.677838,28.1809,7721.51
Kartierung Versuch 3,50,61,2-3 m,2.904892,2.915547,10.6546,3667.82
Kartierung Versuch 3,50,62,2-3 m,2.232129,2.238327,6.1977,2776.58
Kartierung Versuch 3,50,63,3-4 m,3.310347,3.324006,13.6584,4125.97
Kartierung Versuch 3,50,64,2-3 m,2.739051,2.749292,10.2410,3738.90
Kartierung Versuch 3,50,65,2-3 m,2.357626,2.375704,18.0783,7668.03
Kartierung Versuch 3,50,66,1-2 m,1.449966,1.463030,13.0647,9010.33
Kartierung Versuch 3,50,67,2-3 m,2.576509,2.597594,21.0843,8183.27
Kartierung Versuch 3,50,68,1-2 m,1.783928,1.802452,18.5234,10383.48
Kartierung Versuch 3,50,100,1-2 m,1.529706,1.537250,7.5442,4931.79
Kartierung Versuch 3,50,101,0-1 m,0.948683,0.954923,6.2402,6577.70
Kartierung Versuch 3,50,102,0-1 m,0.424264,0.428230,3.9660,9347.93
Kartierung Versuch 3,50,103,0-1 m,0.424264,0.430879,6.6151,15591.83
Kartierung Versuch 3,50,104,1-2 m,1.749286,1.756434,7.1487,4086.63
Kartierung Versuch 3,50,105,1-2 m,1.308625,1.314661,6.0357,4612.24
Kartierung Versuch 3,50,106,0-1 m,0.934077,0.941635,7.5575,8090.91
Kartierung Versuch 3,50,107,0-1 m,0.948683,0.961238,12.5550,13234.12
Kartierung Versuch 3,50,108,3-4 m,3.088689,3.101202,12.5131,4051.25
Kartierung Versuch 3,50,109,2-3 m,2.580698,2.589029,8.3319,3228.54
Kartierung Versuch 3,50,110,1-2 m,1.749286,1.764914,15.6280,8933.95
Kartierung Versuch 3,50,111,2-3 m,2.121320,2.142591,21.2709,10027.18
Kartierung Versuch 3,50,112,3-4 m,3.420526,3.435097,14.5710,4259.87
Kartierung Versuch 3,50,113,2-3 m,2.969848,2.980954,11.1052,3739.31
Kartierung Versuch 3,50,114,2-3 m,2.284732,2.303198,18.4663,8082.50
Kartierung Versuch 3,50,115,2-3 m,2.580698,2.603263,22.5656,8743.97
Kartierung Versuch 3,50,116,3-4 m,3.088689,3.102397,13.7075,4437.96
Kartierung Versuch 3,50,117,2-3 m,2.862254,2.876876,14.6217,5108.45
Kartierung Versuch 3,50,118,2-3 m,2.711549,2.729863,18.3139,6754.02
Kartierung Versuch 3,50,119,2-3 m,2.716616,2.737450,20.8349,7669.44
Kartierung Versuch 3,50,120,3-4 m,3.624914,3.644244,19.3306,5332.71
Kartierung Versuch 3,50,121,3-4 m,3.420526,3.441526,20.9995,6139.25
Kartierung Versuch 3,50,122,3-4 m,3.313608,3.337154,23.5461,7105.89
Kartierung Versuch 3,50,123,3-4 m,3.313608,3.339515,25.9065,7818.22
Kartierung Versuch 3,50,200,2-3 m,2.505399,2.521147,15.7482,6285.71
Kartierung Versuch 3,50,202,3-4 m,3.954368,3.971578,17.2106,4352.29
Kartierung Versuch 3,50,203,3-4 m,3.344402,3.368554,24.1517,7221.52
Kartierung Versuch 3,51,52,4-5 m,4.800000,4.831240,31.2402,6508.37
Kartierung Versuch 3,51,53,2-3 m,2.163331,2.171336,8.0056,3700.57
Kartierung Versuch 3,51,54,4-5 m,4.024922,4.047852,22.9300,5697.00
Kartierung Versuch 3,51,55,1-2 m,1.697056,1.706044,8.9878,5296.14
Kartierung Versuch 3,51,56,3-4 m,3.794733,3.815698,20.9649,5524.74
Kartierung Versuch 3,51,57,1-2 m,1.697056,1.715469,18.4123,10849.58
Kartierung Versuch 3,51,58,3-4 m,3.794733,3.827128,32.3948,8536.77
Kartierung Versuch 3,51,59,2-3 m,2.163331,2.184986,21.6549,10009.99
Kartierung Versuch 3,51,60,4-5 m,4.024922,4.058344,33.4220,8303.76
Kartierung Versuch 3,51,61,1-2 m,1.292440,1.303512,11.0728,8567.34
Kartierung Versuch 3,51,62,1-2 m,1.292440,1.301655,9.2157,7130.46
Kartierung Versuch 3,51,63,0-1 m,0.768375,0.776376,8.0006,10412.40
Kartierung Versuch 3,51,64,0-1 m,0.768375,0.774259,5.8838,7657.42
Kartierung Versuch 3,51,65,3-4 m,3.631859,3.659243,27.3840,7539.93
Kartierung Versuch 3,51,66,3-4 m,3.631859,3.656031,24.1717,6655.46
Kartierung Versuch 3,51,67,4-5 m,4.227340,4.256778,29.4381,6963.73
Kartierung Versuch 3,51,68,4-5 m,4.227340,4.256819,29.4794,6973.52
Kartierung Versuch 3,51,100,2-3 m,2.121320,2.130688,9.3676,4415.91
Kartierung Versuch 3,51,101,2-3 m,2.580698,2.590787,10.0898,3909.73
Kartierung Versuch 3,51,102,3-4 m,3.088689,3.101007,12.3179,3988.06
Kartierung Versuch 3,51,103,3-4 m,3.624914,3.642425,17.5112,4830.79
Kartierung Versuch 3,51,104,1-2 m,1.749286,1.758041,8.7559,5005.39
Kartierung Versuch 3,51,105,2-3 m,2.238861,2.249463,10.6013,4735.13
Kartierung Versuch 3,51,106,2-3 m,2.893527,2.908460,14.9328,5160.75
Kartierung Versuch 3,51,107,3-4 m,3.420526,3.438994,18.4674,5398.98
Kartierung Versuch 3,51,108,0-1 m,0.424264,0.428107,3.8427,9057.38
Kartierung Versuch 3,51,109,0-1 m,0.948683,0.955806,7.1227,7507.98
Kartierung Versuch 3,51,110,3-4 m,3.911521,3.937980,26.4582,6764.17
Kartierung Versuch 3,51,111,4-5 m,4.509989,4.539255,29.2665,6489.25
Kartierung Versuch 3,51,112,0-1 m,0.424264,0.428755,4.4912,10585.91
Kartierung Versuch 3,51,113,0-1 m,0.948683,0.956658,7.9748,8406.17
Kartierung Versuch 3,51,114,3-4 m,3.911521,3.939600,28.0790,7178.54
Kartierung Versuch 3,51,115,4-5 m,4.509989,4.540485,30.4963,6761.95
Kartierung Versuch 3,51,116,1-2 m,1.749286,1.766969,17.6836,10109.02
Kartierung Versuch 3,51,117,2-3 m,2.238861,2.262303,23.4420,10470.52
Kartierung Versuch 3,51,118,2-3 m,2.893527,2.921271,27.7434,9588.10
Kartierung Versuch 3,51,119,3-4 m,3.420526,3.450618,30.0913,8797.28
Kartierung Versuch 3,51,120,2-3 m,2.121320,2.142701,21.3805,10078.88
Kartierung Versuch 3,51,121,2-3 m,2.580698,2.608329,27.6314,10706.93
Kartierung Versuch 3,51,122,3-4 m,3.088689,3.120165,31.4755,10190.56
Kartierung Versuch 3,51,123,3-4 m,3.624914,3.657848,32.9343,9085.53
Kartierung Versuch 3,51,200,1-2 m,1.409619,1.411498,1.8794,1333.24
Kartierung Versuch 3,51,202,1-2 m,1.409619,1.419886,10.2672,7283.65
Kartierung Versuch 3,51,203,4-5 m,4.449160,4.482357,33.1968,7461.36
Kartierung Versuch 3,52,53,4-5 m,4.024922,4.054315,29.3926,7302.65
Kartierung Versuch 3,52,54,2-3 m,2.163331,2.184114,20.7828,9606.84
Kartierung Versuch 3,52,55,3-4 m,3.794733,3.822581,27.8474,7338.43
Kartierung Versuch 3,52,56,1-2 m,1.697056,1.708929,11.8732,6996.35
Kartierung Versuch 3,52,57,3-4 m,3.794733,3.811764,17.0312,4488.11
Kartierung Versuch 3,52,58,1-2 m,1.697056,1.702565,5.5089,3246.16
Kartierung Versuch 3,52,59,4-5 m,4.024922,4.043716,18.7938,4669.37
Kartierung Versuch 3,52,60,2-3 m,2.163331,2.173182,9.8510,4553.64
Kartierung Versuch 3,52,61,3-4 m,3.631859,3.651576,19.7166,5428.80
Kartierung Versuch 3,52,62,3-4 m,3.631859,3.657274,25.4146,6997.69
Kartierung Versuch 3,52,63,4-5 m,4.227340,4.251274,23.9347,5661.88
Kartierung Versuch 3,52,64,4-5 m,4.227340,4.255735,28.3952,6717.05
Kartierung Versuch 3,52,65,1-2 m,1.292440,1.296335,3.8954,3014.01
Kartierung Versuch 3,52,66,1-2 m,1.292440,1.301167,8.7278,6752.97
Kartierung Versuch 3,52,67,0-1 m,0.768375,0.770146,1.7710,2304.90
Kartierung Versuch 3,52,68,0-1 m,0.768375,0.773110,4.7348,6162.07
Kartierung Versuch 3,52,100,3-4 m,3.624914,3.653961,29.0469,8013.13
Kartierung Versuch 3,52,101,3-4 m,3.088689,3.116625,27.9362,9044.69
Kartierung Versuch 3,52,102,2-3 m,2.580698,2.604206,23.5087,9109.43
Kartierung Versuch 3,52,103,2-3 m,2.121320,2.138560,17.2398,8126.90
Kartierung Versuch 3,52,104,3-4 m,3.420526,3.446889,26.3627,7707.21
Kartierung Versuch 3,52,105,2-3 m,2.893527,2.916834,23.3067,8054.77
Kartierung Versuch 3,52,106,2-3 m,2.238861,2.256102,17.2409,7700.73
Kartierung Versuch 3,52,107,1-2 m,1.749286,1.761550,12.2643,7011.03
Kartierung Versuch 3,52,108,4-5 m,4.509989,4.540013,30.0245,6657.33
Kartierung Versuch 3,52,109,3-4 m,3.911521,3.937673,26.1512,6685.69
Kartierung Versuch 3,52,110,0-1 m,0.948683,0.954813,6.1295,6461.06
Kartierung Versuch 3,52,111,0-1 m,0.424264,0.426848,2.5835,6089.37
Kartierung Versuch 3,52,112,4-5 m,4.509989,4.537171,27.1817,6027.00
Kartierung Versuch 3,52,113,3-4 m,3.911521,3.934382,22.8606,5844.42
Kartierung Versuch 3,52,114,0-1 m,0.948683,0.951371,2.6875,2832.87
Kartierung Versuch 3,52,115,0-1 m,0.424264,0.425021,0.7572,1784.69
Kartierung Versuch 3,52,116,3-4 m,3.420526,3.435846,15.3201,4478.88
Kartierung Versuch 3,52,117,2-3 m,2.893527,2.903657,10.1299,3500.87
Kartierung Versuch 3,52,118,2-3 m,2.238861,2.245445,6.5835,2940.57
Kartierung Versuch 3,52,119,1-2 m,1.749286,1.753568,4.2825,2448.16
Kartierung Versuch 3,52,120,3-4 m,3.624914,3.641261,16.3477,4509.82
Kartierung Versuch 3,52,121,3-4 m,3.088689,3.100184,11.4946,3721.50
Kartierung Versuch 3,52,122,2-3 m,2.580698,2.589366,8.6689,3359.14
Kartierung Versuch 3,52,123,2-3 m,2.121320,2.129110,7.7893,3671.92
Kartierung Versuch 3,52,200,4-5 m,4.449160,4.483342,34.1824,7682.90
Kartierung Versuch 3,52,202,4-5 m,4.449160,4.472692,23.5323,5289.15
Kartierung Versuch 3,52,203,1-2 m,1.409619,1.412011,2.3923,1697.12
Kartierung Versuch 3,53,54,2-3 m,2.400000,2.415286,15.2856,6369.01
Kartierung Versuch 3,53,55,0-1 m,0.600000,0.599911,-0.0887,-147.86
Kartierung Versuch 3,53,56,2-3 m,2.473863,2.491682,17.8184,7202.68
Kartierung Versuch 3,53,57,3-4 m,3.000000,3.017610,17.6103,5870.12
Kartierung Versuch 3,53,58,3-4 m,3.841875,3.872584,30.7093,7993.31
Kartierung Versuch 3,53,59,3-4 m,3.600000,3.622448,22.4483,6235.63
Kartierung Versuch 3,53,60,4-5 m,4.326662,4.359374,32.7129,7560.77
Kartierung Versuch 3,53,61,2-3 m,2.280000,2.289114,9.1139,3997.30
Kartierung Versuch 3,53,62,1-2 m,1.320000,1.319947,-0.0534,-40.43
Kartierung Versuch 3,53,63,2-3 m,2.357626,2.367361,9.7349,4129.11
Kartierung Versuch 3,53,64,1-2 m,1.449966,1.452059,2.0938,1444.06
Kartierung Versuch 3,53,65,3-4 m,3.310347,3.334828,24.4802,7395.06
Kartierung Versuch 3,53,66,2-3 m,2.739051,2.759340,20.2892,7407.39
Kartierung Versuch 3,53,67,3-4 m,3.768076,3.794995,26.9188,7143.90
Kartierung Versuch 3,53,68,3-4 m,3.277560,3.303276,25.7164,7846.20
Kartierung Versuch 3,53,100,0-1 m,0.424264,0.424091,-0.1734,-408.75
Kartierung Versuch 3,53,101,0-1 m,0.948683,0.950451,1.7680,1863.62
Kartierung Versuch 3,53,102,1-2 m,1.529706,1.535904,6.1979,4051.70
Kartierung Versuch 3,53,103,2-3 m,2.121320,2.134099,12.7791,6024.14
Kartierung Versuch 3,53,104,0-1 m,0.948683,0.950562,1.8785,1980.09
Kartierung Versuch 3,53,105,1-2 m,1.237942,1.243563,5.6208,4540.46
Kartierung Versuch 3,53,106,1-2 m,1.792345,1.804512,12.1675,6788.62
Kartierung Versuch 3,53,107,2-3 m,2.284732,2.301663,16.9308,7410.41
Kartierung Versuch 3,53,108,1-2 m,1.749286,1.753229,3.9433,2254.22
Kartierung Versuch 3,53,109,1-2 m,1.529706,1.531032,1.3261,866.92
Kartierung Versuch 3,53,110,3-4 m,3.088689,3.111337,22.6480,7332.57
Kartierung Versuch 3,53,111,3-4 m,3.624914,3.651984,27.0703,7467.84
Kartierung Versuch 3,53,112,2-3 m,2.284732,2.293449,8.7173,3815.46
Kartierung Versuch 3,53,113,2-3 m,2.121320,2.128654,7.3337,3457.13
Kartierung Versuch 3,53,114,3-4 m,3.420526,3.445472,24.9453,7292.82
Kartierung Versuch 3,53,115,3-4 m,3.911521,3.939780,28.2587,7224.48
Kartierung Versuch 3,53,116,2-3 m,2.716616,2.732221,15.6053,5744.39
Kartierung Versuch 3,53,117,2-3 m,2.830636,2.850677,20.0409,7079.99
Kartierung Versuch 3,53,118,3-4 m,3.113278,3.138329,25.0509,8046.47
Kartierung Versuch 3,53,119,3-4 m,3.420526,3.448082,27.5557,8055.97
Kartierung Versuch 3,53,120,3-4 m,3.313608,3.334695,21.0862,6363.53
Kartierung Versuch 3,53,121,3-4 m,3.420526,3.446305,25.7790,7536.57
Kartierung Versuch 3,53,122,3-4 m,3.624914,3.654414,29.4998,8138.06
Kartierung Versuch 3,53,123,3-4 m,3.911521,3.943020,31.4982,8052.68
Kartierung Versuch 3,53,200,0-1 m,0.824030,0.831427,7.3973,8976.99
Kartierung Versuch 3,53,202,3-4 m,3.168442,3.182197,13.7551,4341.28
Kartierung Versuch 3,53,203,4-5 m,4.352359,4.382560,30.2019,6939.20
Kartierung Versuch 3,54,55,2-3 m,2.473863,2.488447,14.5833,5894.94
Kartierung Versuch 3,54,56,0-1 m,0.600000,0.610200,10.1996,16999.41
Kartierung Versuch 3,54,57,3-4 m,3.841875,3.862546,20.6715,5380.58
Kartierung Versuch 3,54,58,3-4 m,3.000000,3.023971,23.9711,7990.37
Kartierung Versuch 3,54,59,4-5 m,4.326662,4.352053,25.3914,5868.59
Kartierung Versuch 3,54,60,3-4 m,3.600000,3.627886,27.8862,7746.16
Kartierung Versuch 3,54,61,3-4 m,3.310347,3.326543,16.1951,4892.27
Kartierung Versuch 3,54,62,2-3 m,2.739051,2.752457,13.4062,4894.47
Kartierung Versuch 3,54,63,3-4 m,3.768076,3.787838,19.7612,5244.37
Kartierung Versuch 3,54,64,3-4 m,3.277560,3.295010,17.4499,5324.07
Kartierung Versuch 3,54,65,2-3 m,2.280000,2.297037,17.0372,7472.44
Kartierung Versuch 3,54,66,1-2 m,1.320000,1.331171,11.1713,8463.08
Kartierung Versuch 3,54,67,2-3 m,2.357626,2.376758,19.1318,8114.85
Kartierung Versuch 3,54,68,1-2 m,1.449966,1.464742,14.7767,10191.06
Kartierung Versuch 3,54,100,2-3 m,2.121320,2.136071,14.7507,6953.57
Kartierung Versuch 3,54,101,1-2 m,1.529706,1.543210,13.5045,8828.17
Kartierung Versuch 3,54,102,0-1 m,0.948683,0.959069,10.3861,10947.86
Kartierung Versuch 3,54,103,0-1 m,0.424264,0.431154,6.8899,16239.56
Kartierung Versuch 3,54,104,2-3 m,2.284732,2.299001,14.2692,6245.45
Kartierung Versuch 3,54,105,1-2 m,1.792345,1.804837,12.4922,6969.73
Kartierung Versuch 3,54,106,1-2 m,1.237942,1.248713,10.7716,8701.21
Kartierung Versuch 3,54,107,0-1 m,0.948683,0.961169,12.4861,13161.55
Kartierung Versuch 3,54,108,3-4 m,3.624914,3.644641,19.7267,5441.98
Kartierung Versuch 3,54,109,3-4 m,3.088689,3.104137,15.4480,5001.47
Kartierung Versuch 3,54,110,1-2 m,1.529706,1.542820,13.1145,8573.19
Kartierung Versuch 3,54,111,1-2 m,1.749286,1.767488,18.2021,10405.42
Kartierung Versuch 3,54,112,3-4 m,3.911521,3.932672,21.1503,5407.19
Kartierung Versuch 3,54,113,3-4 m,3.420526,3.437818,17.2921,5055.38
Kartierung Versuch 3,54,114,2-3 m,2.121320,2.137997,16.6764,7861.33
Kartierung Versuch 3,54,115,2-3 m,2.284732,2.304788,20.0562,8778.37
Kartierung Versuch 3,54,116,3-4 m,3.420526,3.438285,17.7587,5191.81
Kartierung Versuch 3,54,117,3-4 m,3.113278,3.130287,17.0095,5463.52
Kartierung Versuch 3,54,118,2-3 m,2.830636,2.849463,18.8267,6651.04
Kartierung Versuch 3,54,119,2-3 m,2.716616,2.736784,20.1682,7424.02
Kartierung Versuch 3,54,120,3-4 m,3.911521,3.934325,22.8037,5829.88
Kartierung Versuch 3,54,121,3-4 m,3.624914,3.647774,22.8597,6306.29
Kartierung Versuch 3,54,122,3-4 m,3.420526,3.444590,24.0638,7035.12
Kartierung Versuch 3,54,123,3-4 m,3.313608,3.339191,25.5829,7720.56
Kartierung Versuch 3,54,200,3-4 m,3.095646,3.118497,22.8510,7381.67
Kartierung Versuch 3,54,202,4-5 m,4.352359,4.375140,22.7812,5234.21
Kartierung Versuch 3,54,203,3-4 m,3.168442,3.190849,22.4066,7071.81
Kartierung Versuch 3,55,56,2-3 m,2.400000,2.415597,15.5971,6498.78
Kartierung Versuch 3,55,57,2-3 m,2.400000,2.417699,17.6994,7374.77
Kartierung Versuch 3,55,58,3-4 m,3.394113,3.424535,30.4225,8963.32
Kartierung Versuch 3,55,59,3-4 m,3.000000,3.022537,22.5371,7512.35
Kartierung Versuch 3,55,60,3-4 m,3.841875,3.874285,32.4109,8436.23
Kartierung Versuch 3,55,61,1-2 m,1.680000,1.689203,9.2026,5477.74
Kartierung Versuch 3,55,62,0-1 m,0.720000,0.720035,0.0354,49.22
Kartierung Versuch 3,55,63,1-2 m,1.783928,1.793779,9.8507,5521.93
Kartierung Versuch 3,55,64,0-1 m,0.937230,0.940220,2.9896,3189.78
Kartierung Versuch 3,55,65,2-3 m,2.929573,2.953608,24.0348,8204.19
Kartierung Versuch 3,55,66,2-3 m,2.505674,2.524985,19.3119,7707.27
Kartierung Versuch 3,55,67,3-4 m,3.438372,3.464464,26.0926,7588.65
Kartierung Versuch 3,55,68,3-4 m,3.085190,3.109781,24.5903,7970.43
Kartierung Versuch 3,55,100,0-1 m,0.424264,0.424645,0.3807,897.41
Kartierung Versuch 3,55,101,0-1 m,0.948683,0.949788,1.1051,1164.83
Kartierung Versuch 3,55,102,1-2 m,1.529706,1.534205,4.4995,2941.43
Kartierung Versuch 3,55,103,2-3 m,2.121320,2.132045,10.7251,5055.85
Kartierung Versuch 3,55,104,0-1 m,0.424264,0.425816,1.5520,3658.04
Kartierung Versuch 3,55,105,0-1 m,0.901388,0.905940,4.5519,5049.90
Kartierung Versuch 3,55,106,1-2 m,1.578765,1.589025,10.2595,6498.43
Kartierung Versuch 3,55,107,2-3 m,2.121320,2.135838,14.5180,6843.85
Kartierung Versuch 3,55,108,1-2 m,1.272792,1.277940,5.1474,4044.18
Kartierung Versuch 3,55,109,0-1 m,0.948683,0.950356,1.6731,1763.60
Kartierung Versuch 3,55,110,2-3 m,2.846050,2.867773,21.7228,7632.60
Kartierung Versuch 3,55,111,3-4 m,3.420526,3.445994,25.4677,7445.55
Kartierung Versuch 3,55,112,1-2 m,1.749286,1.758371,9.0858,5194.00
Kartierung Versuch 3,55,113,1-2 m,1.529706,1.537157,7.4512,4871.02
Kartierung Versuch 3,55,114,3-4 m,3.088689,3.112985,24.2959,7866.09
Kartierung Versuch 3,55,115,3-4 m,3.624914,3.652048,27.1341,7485.45
Kartierung Versuch 3,55,116,2-3 m,2.121320,2.137098,15.7778,7437.73
Kartierung Versuch 3,55,117,2-3 m,2.265502,2.285924,20.4218,9014.26
Kartierung Versuch 3,55,118,2-3 m,2.610077,2.635321,25.2440,9671.73
Kartierung Versuch 3,55,119,2-3 m,2.969848,2.997315,27.4668,9248.55
Kartierung Versuch 3,55,120,2-3 m,2.716616,2.737828,21.2125,7808.44
Kartierung Versuch 3,55,121,2-3 m,2.846050,2.872084,26.0346,9147.61
Kartierung Versuch 3,55,122,3-4 m,3.088689,3.118390,29.7011,9616.08
Kartierung Versuch 3,55,123,3-4 m,3.420526,3.451925,31.3987,9179.49
Kartierung Versuch 3,55,200,0-1 m,0.662590,0.669850,7.2603,10957.41
Kartierung Versuch 3,55,202,2-3 m,2.584381,2.598307,13.9261,5388.55
Kartierung Versuch 3,55,203,3-4 m,3.947534,3.977413,29.8790,7569.04
Kartierung Versuch 3,56,57,3-4 m,3.394113,3.407557,13.4447,3961.19
Kartierung Versuch 3,56,58,2-3 m,2.400000,2.413772,13.7715,5738.14
Kartierung Versuch 3,56,59,3-4 m,3.841875,3.859327,17.4525,4542.70
Kartierung Versuch 3,56,60,3-4 m,3.000000,3.017687,17.6866,5895.53
Kartierung Versuch 3,56,61,2-3 m,2.929573,2.940600,11.0263,3763.77
Kartierung Versuch 3,56,62,2-3 m,2.505674,2.517942,12.2686,4896.32
Kartierung Versuch 3,56,63,3-4 m,3.438372,3.453865,15.4928,4505.86
Kartierung Versuch 3,56,64,3-4 m,3.085190,3.101738,16.5480,5363.68
Kartierung Versuch 3,56,65,1-2 m,1.680000,1.686838,6.8375,4069.96
Kartierung Versuch 3,56,66,0-1 m,0.720000,0.720972,0.9717,1349.61
Kartierung Versuch 3,56,67,1-2 m,1.783928,1.793164,9.2353,5176.95
Kartierung Versuch 3,56,68,0-1 m,0.937230,0.943595,6.3653,6791.57
Kartierung Versuch 3,56,100,2-3 m,2.121320,2.138204,16.8833,7958.85
Kartierung Versuch 3,56,101,1-2 m,1.529706,1.545481,15.7747,10312.23
Kartierung Versuch 3,56,102,0-1 m,0.948683,0.960447,11.7639,12400.20
Kartierung Versuch 3,56,103,0-1 m,0.424264,0.429631,5.3668,12649.65
Kartierung Versuch 3,56,104,2-3 m,2.121320,2.135277,13.9567,6579.25
Kartierung Versuch 3,56,105,1-2 m,1.578765,1.589840,11.0743,7014.56
Kartierung Versuch 3,56,106,0-1 m,0.901388,0.907412,6.0246,6683.72
Kartierung Versuch 3,56,107,0-1 m,0.424264,0.427765,3.5009,8251.81
Kartierung Versuch 3,56,108,3-4 m,3.420526,3.439090,18.5639,5427.20
Kartierung Versuch 3,56,109,2-3 m,2.846050,2.859905,13.8548,4868.10
Kartierung Versuch 3,56,110,0-1 m,0.948683,0.951986,3.3025,3481.17
Kartierung Versuch 3,56,111,1-2 m,1.272792,1.282083,9.2904,7299.23
Kartierung Versuch 3,56,112,3-4 m,3.624914,3.642803,17.8890,4935.00
Kartierung Versuch 3,56,113,3-4 m,3.088689,3.101947,13.2576,4292.32
Kartierung Versuch 3,56,114,1-2 m,1.529706,1.536324,6.6179,4326.22
Kartierung Versuch 3,56,115,1-2 m,1.749286,1.759854,10.5680,6041.32
Kartierung Versuch 3,56,116,2-3 m,2.969848,2.980419,10.5707,3559.34
Kartierung Versuch 3,56,117,2-3 m,2.610077,2.618465,8.3879,3213.67
Kartierung Versuch 3,56,118,2-3 m,2.265502,2.274500,8.9983,3971.87
Kartierung Versuch 3,56,119,2-3 m,2.121320,2.131288,9.9675,4698.72
Kartierung Versuch 3,56,120,3-4 m,3.420526,3.435245,14.7182,4302.92
Kartierung Versuch 3,56,121,3-4 m,3.088689,3.102284,13.5951,4401.58
Kartierung Versuch 3,56,122,2-3 m,2.846050,2.860158,14.1079,4957.01
Kartierung Versuch 3,56,123,2-3 m,2.716616,2.732014,15.3980,5668.08
Kartierung Versuch 3,56,200,3-4 m,3.056636,3.080175,23.5389,7700.93
Kartierung Versuch 3,56,202,3-4 m,3.947534,3.964589,17.0554,4320.53
Kartierung Versuch 3,56,203,2-3 m,2.584381,2.596817,12.4363,4812.11
Kartierung Versuch 3,57,58,2-3 m,2.400000,2.415001,15.0010,6250.43
Kartierung Versuch 3,57,59,0-1 m,0.600000,0.604840,4.8403,8067.18
Kartierung Versuch 3,57,60,2-3 m,2.473863,2.488919,15.0556,6085.85
Kartierung Versuch 3,57,61,0-1 m,0.720000,0.728499,8.4988,11803.84
Kartierung Versuch 3,57,62,1-2 m,1.680000,1.697666,17.6661,10515.52
Kartierung Versuch 3,57,63,0-1 m,0.937230,0.947698,10.4681,11169.18
Kartierung Versuch 3,57,64,1-2 m,1.783928,1.802399,18.4711,10354.16
Kartierung Versuch 3,57,65,2-3 m,2.505674,2.518652,12.9784,5179.59
Kartierung Versuch 3,57,66,2-3 m,2.929573,2.943757,14.1833,4841.41
Kartierung Versuch 3,57,67,3-4 m,3.085190,3.099968,14.7778,4789.91
Kartierung Versuch 3,57,68,3-4 m,3.438372,3.456469,18.0971,5263.29
Kartierung Versuch 3,57,100,2-3 m,2.716616,2.734241,17.6258,6488.15
Kartierung Versuch 3,57,101,2-3 m,2.846050,2.861335,15.2850,5370.59
Kartierung Versuch 3,57,102,3-4 m,3.088689,3.101505,12.8158,4149.25
Kartierung Versuch 3,57,103,3-4 m,3.420526,3.434122,13.5952,3974.61
Kartierung Versuch 3,57,104,2-3 m,2.121320,2.136457,15.1368,7135.56
Kartierung Versuch 3,57,105,2-3 m,2.265502,2.277392,11.8895,5248.07
Kartierung Versuch 3,57,106,2-3 m,2.610077,2.619957,9.8800,3785.34
Kartierung Versuch 3,57,107,2-3 m,2.969848,2.979792,9.9438,3348.24
Kartierung Versuch 3,57,108,1-2 m,1.749286,1.768676,19.3900,11084.50
Kartierung Versuch 3,57,109,1-2 m,1.529706,1.547190,17.4844,11429.88
Kartierung Versuch 3,57,110,3-4 m,3.088689,3.103920,15.2312,4931.27
Kartierung Versuch 3,57,111,3-4 m,3.624914,3.641152,16.2383,4479.65
Kartierung Versuch 3,57,112,1-2 m,1.272792,1.286713,13.9212,10937.49
Kartierung Versuch 3,57,113,0-1 m,0.948683,0.960125,11.4421,12061.05
Kartierung Versuch 3,57,114,2-3 m,2.846050,2.860398,14.3485,5041.56
Kartierung Versuch 3,57,115,3-4 m,3.420526,3.436515,15.9889,4674.39
Kartierung Versuch 3,57,116,0-1 m,0.424264,0.427140,2.8756,6777.93
Kartierung Versuch 3,57,117,0-1 m,0.901388,0.908284,6.8963,7650.73
Kartierung Versuch 3,57,118,1-2 m,1.578765,1.589638,10.8726,6886.78
Kartierung Versuch 3,57,119,2-3 m,2.121320,2.134911,13.5907,6406.74
Kartierung Versuch 3,57,120,0-1 m,0.424264,0.427234,2.9696,6999.30
Kartierung Versuch 3,57,121,0-1 m,0.948683,0.957731,9.0478,9537.17
Kartierung Versuch 3,57,122,1-2 m,1.529706,1.542754,13.0482,8529.84
Kartierung Versuch 3,57,123,2-3 m,2.121320,2.136092,14.7720,6963.57
Kartierung Versuch 3,57,200,2-3 m,2.584381,2.602076,17.6948,6846.80
Kartierung Versuch 3,57,202,0-1 m,0.662590,0.669767,7.1771,10831.96
Kartierung Versuch 3,57,203,3-4 m,3.056636,3.073576,16.9393,5541.82
Kartierung Versuch 3,58,59,2-3 m,2.473863,2.489038,15.1745,6133.95
Kartierung Versuch 3,58,60,0-1 m,0.600000,0.603921,3.9206,6534.38
Kartierung Versuch 3,58,61,2-3 m,2.505674,2.526808,21.1348,8434.77
Kartierung Versuch 3,58,62,2-3 m,2.929573,2.959116,29.5426,10084.27
Kartierung Versuch 3,58,63,3-4 m,3.085190,3.109549,24.3589,7895.43
Kartierung Versuch 3,58,64,3-4 m,3.438372,3.469500,31.1283,9053.21
Kartierung Versuch 3,58,65,0-1 m,0.720000,0.726934,6.9344,9631.04
Kartierung Versuch 3,58,66,1-2 m,1.680000,1.692800,12.7998,7618.95
Kartierung Versuch 3,58,67,0-1 m,0.937230,0.941619,4.3887,4682.67
Kartierung Versuch 3,58,68,1-2 m,1.783928,1.795314,11.3856,6382.34
Kartierung Versuch 3,58,100,3-4 m,3.420526,3.451480,30.9542,9049.55
Kartierung Versuch 3,58,101,3-4 m,3.088689,3.117597,28.9078,9359.23
Kartierung Versuch 3,58,102,2-3 m,2.846050,2.869581,23.5307,8267.83
Kartierung Versuch 3,58,103,2-3 m,2.716616,2.734844,18.2284,6709.97
Kartierung Versuch 3,58,104,2-3 m,2.969848,2.998720,28.8711,9721.42
Kartierung Versuch 3,58,105,2-3 m,2.610077,2.635113,25.0368,9592.38
Kartierung Versuch 3,58,106,2-3 m,2.265502,2.283391,17.8885,7896.06
Kartierung Versuch 3,58,107,2-3 m,2.121320,2.133616,12.2954,5796.09
Kartierung Versuch 3,58,108,3-4 m,3.624914,3.657254,32.3403,8921.66
Kartierung Versuch 3,58,109,3-4 m,3.088689,3.118246,29.5575,9569.58
Kartierung Versuch 3,58,110,1-2 m,1.529706,1.540738,11.0324,7212.09
Kartierung Versuch 3,58,111,1-2 m,1.749286,1.756413,7.1271,4074.31
Kartierung Versuch 3,58,112,3-4 m,3.420526,3.448423,27.8963,8155.55
Kartierung Versuch 3,58,113,2-3 m,2.846050,2.870472,24.4223,8581.13
Kartierung Versuch 3,58,114,0-1 m,0.948683,0.955841,7.1579,7545.05
Kartierung Versuch 3,58,115,1-2 m,1.272792,1.277548,4.7562,3736.84
Kartierung Versuch 3,58,116,2-3 m,2.121320,2.135928,14.6074,6886.00
Kartierung Versuch 3,58,117,1-2 m,1.578765,1.587634,8.8691,5617.74
Kartierung Versuch 3,58,118,0-1 m,0.901388,0.906047,4.6591,5168.82
Kartierung Versuch 3,58,119,0-1 m,0.424264,0.427222,2.9580,6972.17
Kartierung Versuch 3,58,120,2-3 m,2.121320,2.134600,13.2794,6259.97
Kartierung Versuch 3,58,121,1-2 m,1.529706,1.536900,7.1938,4702.71
Kartierung Versuch 3,58,122,0-1 m,0.948683,0.952085,3.4018,3585.86
Kartierung Versuch 3,58,123,0-1 m,0.424264,0.426545,2.2806,5375.33
Kartierung Versuch 3,58,200,3-4 m,3.947534,3.981846,34.3124,8692.10
Kartierung Versuch 3,58,202,3-4 m,3.056636,3.079187,22.5505,7377.56
Kartierung Versuch 3,58,203,0-1 m,0.662590,0.664050,1.4601,2203.68
Kartierung Versuch 3,59,60,2-3 m,2.400000,2.413969,13.9692,5820.50
Kartierung Versuch 3,59,61,1-2 m,1.320000,1.333335,13.3345,10101.90
Kartierung Versuch 3,59,62,2-3 m,2.280000,2.302502,22.5025,9869.51
Kartierung Versuch 3,59,63,1-2 m,1.449966,1.464091,14.1254,9741.89
Kartierung Versuch 3,59,64,2-3 m,2.357626,2.380317,22.6913,9624.62
Kartierung Versuch 3,59,65,2-3 m,2.739051,2.754276,15.2256,5558.70
Kartierung Versuch 3,59,66,3-4 m,3.310347,3.328141,17.7933,5375.07
Kartierung Versuch 3,59,67,3-4 m,3.277560,3.294166,16.6063,5066.65
Kartierung Versuch 3,59,68,3-4 m,3.768076,3.789064,20.9876,5569.85
Kartierung Versuch 3,59,100,3-4 m,3.313608,3.336258,22.6494,6835.27
Kartierung Versuch 3,59,101,3-4 m,3.420526,3.441155,20.6287,6030.86
Kartierung Versuch 3,59,102,3-4 m,3.624914,3.642963,18.0488,4979.11
Kartierung Versuch 3,59,103,3-4 m,3.911521,3.929756,18.2349,4661.85
Kartierung Versuch 3,59,104,2-3 m,2.716616,2.736847,20.2319,7447.46
Kartierung Versuch 3,59,105,2-3 m,2.830636,2.847857,17.2209,6083.76
Kartierung Versuch 3,59,106,3-4 m,3.113278,3.127961,14.6825,4716.09
Kartierung Versuch 3,59,107,3-4 m,3.420526,3.434516,13.9902,4090.07
Kartierung Versuch 3,59,108,2-3 m,2.284732,2.307970,23.2376,10170.83
Kartierung Versuch 3,59,109,2-3 m,2.121320,2.143275,21.9547,10349.56
Kartierung Versuch 3,59,110,3-4 m,3.420526,3.438927,18.4005,5379.43
Kartierung Versuch 3,59,111,3-4 m,3.911521,3.930082,18.5602,4745.00
Kartierung Versuch 3,59,112,1-2 m,1.749286,1.766582,17.2960,9887.48
Kartierung Versuch 3,59,113,1-2 m,1.529706,1.545401,15.6948,10260.02
Kartierung Versuch 3,59,114,3-4 m,3.088689,3.105403,16.7135,5411.20
Kartierung Versuch 3,59,115,3-4 m,3.624914,3.642657,17.7437,4894.92
Kartierung Versuch 3,59,116,0-1 m,0.948683,0.956494,7.8103,8232.74
Kartierung Versuch 3,59,117,1-2 m,1.237942,1.247284,9.3426,7546.88
Kartierung Versuch 3,59,118,1-2 m,1.792345,1.804481,12.1359,6770.97
Kartierung Versuch 3,59,119,2-3 m,2.284732,2.299403,14.6709,6421.27
Kartierung Versuch 3,59,120,0-1 m,0.424264,0.427021,2.7569,6498.13
Kartierung Versuch 3,59,121,0-1 m,0.948683,0.956503,7.8200,8243.05
Kartierung Versuch 3,59,122,1-2 m,1.529706,1.541757,12.0507,7877.79
Kartierung Versuch 3,59,123,2-3 m,2.121320,2.135435,14.1148,6653.76
Kartierung Versuch 3,59,200,3-4 m,3.168442,3.190278,21.8359,6891.70
Kartierung Versuch 3,59,202,0-1 m,0.824030,0.835064,11.0340,13390.28
Kartierung Versuch 3,59,203,3-4 m,3.095646,3.113371,17.7249,5725.76
Kartierung Versuch 3,60,61,2-3 m,2.739051,2.761727,22.6763,8278.89
Kartierung Versuch 3,60,62,3-4 m,3.310347,3.342055,31.7074,9578.26
Kartierung Versuch 3,60,63,3-4 m,3.277560,3.302846,25.2859,7714.84
Kartierung Versuch 3,60,64,3-4 m,3.768076,3.800917,32.8407,8715.52
Kartierung Versuch 3,60,65,1-2 m,1.320000,1.330850,10.8498,8219.52
Kartierung Versuch 3,60,66,2-3 m,2.280000,2.296716,16.7156,7331.39
Kartierung Versuch 3,60,67,1-2 m,1.449966,1.459422,9.4568,6522.05
Kartierung Versuch 3,60,68,2-3 m,2.357626,2.373340,15.7145,6665.40
Kartierung Versuch 3,60,100,3-4 m,3.911521,3.944554,33.0329,8445.03
Kartierung Versuch 3,60,101,3-4 m,3.624914,3.656120,31.2060,8608.77
Kartierung Versuch 3,60,102,3-4 m,3.420526,3.446894,26.3678,7708.69
Kartierung Versuch 3,60,103,3-4 m,3.313608,3.335440,21.8318,6588.54
Kartierung Versuch 3,60,104,3-4 m,3.420526,3.451314,30.7876,9000.82
Kartierung Versuch 3,60,105,3-4 m,3.113278,3.140399,27.1209,8711.37
Kartierung Versuch 3,60,106,2-3 m,2.830636,2.851281,20.6452,7293.49
Kartierung Versuch 3,60,107,2-3 m,2.716616,2.732430,15.8142,5821.29
Kartierung Versuch 3,60,108,3-4 m,3.911521,3.945377,33.8558,8655.41
Kartierung Versuch 3,60,109,3-4 m,3.420526,3.452031,31.5050,9210.56
Kartierung Versuch 3,60,110,2-3 m,2.121320,2.136642,15.3220,7222.86
Kartierung Versuch 3,60,111,2-3 m,2.284732,2.296358,11.6257,5088.41
Kartierung Versuch 3,60,112,3-4 m,3.624914,3.653752,28.8379,7955.47
Kartierung Versuch 3,60,113,3-4 m,3.088689,3.114544,25.8545,8370.70
Kartierung Versuch 3,60,114,1-2 m,1.529706,1.541383,11.6771,7633.58
Kartierung Versuch 3,60,115,1-2 m,1.749286,1.758771,9.4856,5422.54
Kartierung Versuch 3,60,116,2-3 m,2.284732,2.300291,15.5588,6809.90
Kartierung Versuch 3,60,117,1-2 m,1.792345,1.802551,10.2058,5694.09
Kartierung Versuch 3,60,118,1-2 m,1.237942,1.244767,6.8252,5513.32
Kartierung Versuch 3,60,119,0-1 m,0.948683,0.955190,6.5067,6858.68
Kartierung Versuch 3,60,120,2-3 m,2.121320,2.134050,12.7296,6000.80
Kartierung Versuch 3,60,121,1-2 m,1.529706,1.535838,6.1324,4008.87
Kartierung Versuch 3,60,122,0-1 m,0.948683,0.950645,1.9615,2067.59
Kartierung Versuch 3,60,123,0-1 m,0.424264,0.425100,0.8360,1970.46
Kartierung Versuch 3,60,200,4-5 m,4.352359,4.387804,35.4450,8143.85
Kartierung Versuch 3,60,202,3-4 m,3.095646,3.118590,22.9436,7411.58
Kartierung Versuch 3,60,203,0-1 m,0.824030,0.830872,6.8420,8303.16
Kartierung Versuch 3,61,62,0-1 m,0.960000,0.969168,9.1680,9550.05
Kartierung Versuch 3,61,63,0-1 m,0.600000,0.603960,3.9605,6600.79
Kartierung Versuch 3,61,64,1-2 m,1.132078,1.141868,9.7905,8648.24
Kartierung Versuch 3,61,65,2-3 m,2.400000,2.415988,15.9878,6661.60
Kartierung Versuch 3,61,66,2-3 m,2.584879,2.598429,13.5502,5242.08
Kartierung Versuch 3,61,67,3-4 m,3.000000,3.018054,18.0544,6018.14
Kartierung Versuch 3,61,68,3-4 m,3.149857,3.168460,18.6026,5905.86
Kartierung Versuch 3,61,100,2-3 m,2.002598,2.011963,9.3650,4676.44
Kartierung Versuch 3,61,101,2-3 m,2.174948,2.182669,7.7203,3549.66
Kartierung Versuch 3,61,102,2-3 m,2.484029,2.490730,6.7007,2697.51
Kartierung Versuch 3,61,103,2-3 m,2.886243,2.895636,9.3930,3254.40
Kartierung Versuch 3,61,104,1-2 m,1.412232,1.419153,6.9205,4900.42
Kartierung Versuch 3,61,105,1-2 m,1.620771,1.625680,4.9084,3028.42
Kartierung Versuch 3,61,106,2-3 m,2.075307,2.080983,5.6763,2735.15
Kartierung Versuch 3,61,107,2-3 m,2.512847,2.520637,7.7896,3099.92
Kartierung Versuch 3,61,108,1-2 m,1.190966,1.201913,10.9468,9191.56
Kartierung Versuch 3,61,109,0-1 m,0.835703,0.844522,8.8188,10552.60
Kartierung Versuch 3,61,110,2-3 m,2.810409,2.826030,15.6204,5558.04
Kartierung Versuch 3,61,111,3-4 m,3.390929,3.408807,17.8777,5272.22
Kartierung Versuch 3,61,112,0-1 m,0.917824,0.924810,6.9863,7611.86
Kartierung Versuch 3,61,113,0-1 m,0.349857,0.353009,3.1515,9008.10
Kartierung Versuch 3,61,114,2-3 m,2.705993,2.722783,16.7895,6204.57
Kartierung Versuch 3,61,115,3-4 m,3.304905,3.323962,19.0567,5766.19
Kartierung Versuch 3,61,116,0-1 m,0.516140,0.523375,7.2351,14017.68
Kartierung Versuch 3,61,117,0-1 m,0.948103,0.960599,12.4955,13179.46
Kartierung Versuch 3,61,118,1-2 m,1.605895,1.622334,16.4382,10236.14
Kartierung Versuch 3,61,119,2-3 m,2.141588,2.160289,18.7010,8732.31
Kartierung Versuch 3,61,120,1-2 m,1.063203,1.075355,12.1523,11429.89
Kartierung Versuch 3,61,121,1-2 m,1.360294,1.377813,17.5185,12878.43
Kartierung Versuch 3,61,122,1-2 m,1.813946,1.834861,20.9147,11529.93
Kartierung Versuch 3,61,123,2-3 m,2.334609,2.356651,22.0414,9441.15
Kartierung Versuch 3,61,200,1-2 m,1.896688,1.906147,9.4595,4987.35
Kartierung Versuch 3,61,202,1-2 m,1.049488,1.056051,6.5632,6253.68
Kartierung Versuch 3,61,203,3-4 m,3.163135,3.185151,22.0161,6960.22
Kartierung Versuch 3,62,63,1-2 m,1.132078,1.141368,9.2906,8206.70
Kartierung Versuch 3,62,64,0-1 m,0.600000,0.603418,3.4185,5697.44
Kartierung Versuch 3,62,65,2-3 m,2.584879,2.607597,22.7177,8788.70
Kartierung Versuch 3,62,66,2-3 m,2.400000,2.417070,17.0699,7112.44
Kartierung Versuch 3,62,67,3-4 m,3.149857,3.174317,24.4602,7765.50
Kartierung Versuch 3,62,68,3-4 m,3.000000,3.022430,22.4299,7476.64
Kartierung Versuch 3,62,100,1-2 m,1.063203,1.063779,0.5759,541.64
Kartierung Versuch 3,62,101,1-2 m,1.360294,1.360875,0.5813,427.35
Kartierung Versuch 3,62,102,1-2 m,1.813946,1.816476,2.5301,1394.81
Kartierung Versuch 3,62,103,2-3 m,2.334609,2.342610,8.0009,3427.09
Kartierung Versuch 3,62,104,0-1 m,0.516140,0.514964,-1.1756,-2277.73
Kartierung Versuch 3,62,105,0-1 m,0.948103,0.949227,1.1240,1185.57
Kartierung Versuch 3,62,106,1-2 m,1.605895,1.612273,6.3778,3971.52
Kartierung Versuch 3,62,107,2-3 m,2.141588,2.152055,10.4665,4887.26
Kartierung Versuch 3,62,108,0-1 m,0.917824,0.923789,5.9657,6499.87
Kartierung Versuch 3,62,109,0-1 m,0.349857,0.351932,2.0747,5930.05
Kartierung Versuch 3,62,110,2-3 m,2.705993,2.725730,19.7367,7293.70
Kartierung Versuch 3,62,111,3-4 m,3.304905,3.327768,22.8625,6917.76
Kartierung Versuch 3,62,112,1-2 m,1.190966,1.199636,8.6698,7279.65
Kartierung Versuch 3,62,113,0-1 m,0.835703,0.842875,7.1716,8581.55
Kartierung Versuch 3,62,114,2-3 m,2.810409,2.833166,22.7564,8097.19
Kartierung Versuch 3,62,115,3-4 m,3.390929,3.416092,25.1633,7420.77
Kartierung Versuch 3,62,116,1-2 m,1.412232,1.428228,15.9958,11326.62
Kartierung Versuch 3,62,117,1-2 m,1.620771,1.641652,20.8808,12883.26
Kartierung Versuch 3,62,118,2-3 m,2.075307,2.100314,25.0067,12049.66
Kartierung Versuch 3,62,119,2-3 m,2.512847,2.539586,26.7388,10640.86
Kartierung Versuch 3,62,120,2-3 m,2.002598,2.023909,21.3102,10641.28
Kartierung Versuch 3,62,121,2-3 m,2.174948,2.201281,26.3324,12107.13
Kartierung Versuch 3,62,122,2-3 m,2.484029,2.513784,29.7549,11978.48
Kartierung Versuch 3,62,123,2-3 m,2.886243,2.917141,30.8981,10705.29
Kartierung Versuch 3,62,200,1-2 m,1.049488,1.052254,2.7655,2635.13
Kartierung Versuch 3,62,202,1-2 m,1.896688,1.910464,13.7761,7263.22
Kartierung Versuch 3,62,203,3-4 m,3.535735,3.564880,29.1441,8242.73
Kartierung Versuch 3,63,64,0-1 m,0.960000,0.968719,8.7190,9082.27
Kartierung Versuch 3,63,65,3-4 m,3.000000,3.019945,19.9448,6648.26
Kartierung Versuch 3,63,66,3-4 m,3.149857,3.167785,17.9275,5691.53
Kartierung Versuch 3,63,67,3-4 m,3.600000,3.622011,22.0114,6114.29
Kartierung Versuch 3,63,68,3-4 m,3.725802,3.748785,22.9826,6168.49
Kartierung Versuch 3,63,100,2-3 m,2.174948,2.185154,10.2061,4692.57
Kartierung Versuch 3,63,101,2-3 m,2.484029,2.493454,9.4251,3794.28
Kartierung Versuch 3,63,102,2-3 m,2.886243,2.895946,9.7027,3361.71
Kartierung Versuch 3,63,103,3-4 m,3.348194,3.361543,13.3492,3986.98
Kartierung Versuch 3,63,104,1-2 m,1.647544,1.655528,7.9844,4846.23
Kartierung Versuch 3,63,105,2-3 m,2.001724,2.009348,7.6233,3808.35
Kartierung Versuch 3,63,106,2-3 m,2.554780,2.564629,9.8488,3855.06
Kartierung Versuch 3,63,107,3-4 m,3.032227,3.044634,12.4068,4091.66
Kartierung Versuch 3,63,108,0-1 m,0.835703,0.844807,9.1037,10893.47
Kartierung Versuch 3,63,109,0-1 m,0.835703,0.843793,8.0895,9679.90
Kartierung Versuch 3,63,110,3-4 m,3.390929,3.410862,19.9325,5878.18
Kartierung Versuch 3,63,111,3-4 m,3.977235,3.999484,22.2491,5594.11
Kartierung Versuch 3,63,112,0-1 m,0.349857,0.353372,3.5154,10048.01
Kartierung Versuch 3,63,113,0-1 m,0.349857,0.352171,2.3142,6614.74
Kartierung Versuch 3,63,114,3-4 m,3.304905,3.325764,20.8587,6311.44
Kartierung Versuch 3,63,115,3-4 m,3.904152,3.927269,23.1177,5921.31
Kartierung Versuch 3,63,116,0-1 m,0.993177,1.002874,9.6976,9764.27
Kartierung Versuch 3,63,117,1-2 m,1.509603,1.525073,15.4702,10247.87
Kartierung Versuch 3,63,118,2-3 m,2.190639,2.210376,19.7364,9009.43
Kartierung Versuch 3,63,119,2-3 m,2.732471,2.754669,22.1973,8123.53
Kartierung Versuch 3,63,120,1-2 m,1.360294,1.373802,13.5078,9930.09
Kartierung Versuch 3,63,121,1-2 m,1.813946,1.833535,19.5892,10799.22
Kartierung Versuch 3,63,122,2-3 m,2.334609,2.357977,23.3680,10009.40
Kartierung Versuch 3,63,123,2-3 m,2.886243,2.911053,24.8096,8595.82
Kartierung Versuch 3,63,200,1-2 m,1.780850,1.788070,7.2210,4054.80
Kartierung Versuch 3,63,202,0-1 m,0.821842,0.825756,3.9131,4761.43
Kartierung Versuch 3,63,203,3-4 m,3.745854,3.771346,25.4912,6805.19
Kartierung Versuch 3,64,65,3-4 m,3.149857,3.174872,25.0146,7941.50
Kartierung Versuch 3,64,66,3-4 m,3.000000,3.020480,20.4798,6826.60
Kartierung Versuch 3,64,67,3-4 m,3.725802,3.752750,26.9478,7232.75
Kartierung Versuch 3,64,68,3-4 m,3.600000,3.625840,25.8405,7177.91
Kartierung Versuch 3,64,100,1-2 m,1.360294,1.363743,3.4493,2535.68
Kartierung Versuch 3,64,101,1-2 m,1.813946,1.818204,4.2585,2347.63
Kartierung Versuch 3,64,102,2-3 m,2.334609,2.341433,6.8243,2923.09
Kartierung Versuch 3,64,103,2-3 m,2.886243,2.898686,12.4425,4310.96
Kartierung Versuch 3,64,104,0-1 m,0.993177,0.996340,3.1635,3185.19
Kartierung Versuch 3,64,105,1-2 m,1.509603,1.515190,5.5874,3701.26
Kartierung Versuch 3,64,106,2-3 m,2.190639,2.201274,10.6352,4854.86
Kartierung Versuch 3,64,107,2-3 m,2.732471,2.747049,14.5774,5334.87
Kartierung Versuch 3,64,108,0-1 m,0.349857,0.352122,2.2652,6474.76
Kartierung Versuch 3,64,109,0-1 m,0.349857,0.351381,1.5238,4355.51
Kartierung Versuch 3,64,110,3-4 m,3.304905,3.327866,22.9609,6947.51
Kartierung Versuch 3,64,111,3-4 m,3.904152,3.930248,26.0963,6684.24
Kartierung Versuch 3,64,112,0-1 m,0.835703,0.842425,6.7216,8043.07
Kartierung Versuch 3,64,113,0-1 m,0.835703,0.842702,6.9989,8374.89
Kartierung Versuch 3,64,114,3-4 m,3.390929,3.416285,25.3559,7477.58
Kartierung Versuch 3,64,115,3-4 m,3.977235,4.005093,27.8573,7004.18
Kartierung Versuch 3,64,116,1-2 m,1.647544,1.664562,17.0187,10329.75
Kartierung Versuch 3,64,117,2-3 m,2.001724,2.024008,22.2842,11132.50
Kartierung Versuch 3,64,118,2-3 m,2.554780,2.581247,26.4675,10359.99
Kartierung Versuch 3,64,119,3-4 m,3.032227,3.060714,28.4873,9394.84
Kartierung Versuch 3,64,120,2-3 m,2.174948,2.196748,21.7999,10023.20
Kartierung Versuch 3,64,121,2-3 m,2.484029,2.511377,27.3479,11009.47
Kartierung Versuch 3,64,122,2-3 m,2.886243,2.917137,30.8938,10703.82
Kartierung Versuch 3,64,123,3-4 m,3.348194,3.380344,32.1501,9602.21
Kartierung Versuch 3,64,200,0-1 m,0.821842,0.820467,-1.3753,-1673.47
Kartierung Versuch 3,64,202,1-2 m,1.780850,1.793401,12.5513,7047.90
Kartierung Versuch 3,64,203,4-5 m,4.065394,4.096578,31.1843,7670.68
Kartierung Versuch 3,65,66,0-1 m,0.960000,0.965866,5.8660,6110.46
Kartierung Versuch 3,65,67,0-1 m,0.600000,0.602067,2.0667,3444.45
Kartierung Versuch 3,65,68,1-2 m,1.132078,1.138030,5.9520,5257.63
Kartierung Versuch 3,65,100,2-3 m,2.886243,2.910878,24.6352,8535.37
Kartierung Versuch 3,65,101,2-3 m,2.484029,2.506712,22.6829,9131.49
Kartierung Versuch 3,65,102,2-3 m,2.174948,2.192051,17.1030,7863.62
Kartierung Versuch 3,65,103,2-3 m,2.002598,2.013923,11.3242,5654.75
Kartierung Versuch 3,65,104,2-3 m,2.512847,2.535460,22.6131,8999.00
Kartierung Versuch 3,65,105,2-3 m,2.075307,2.094217,18.9095,9111.64
Kartierung Versuch 3,65,106,1-2 m,1.620771,1.632296,11.5250,7110.78
Kartierung Versuch 3,65,107,1-2 m,1.412232,1.417696,5.4638,3868.91
Kartierung Versuch 3,65,108,3-4 m,3.390929,3.417467,26.5378,7826.11
Kartierung Versuch 3,65,109,2-3 m,2.810409,2.833529,23.1197,8226.46
Kartierung Versuch 3,65,110,0-1 m,0.835703,0.840257,4.5535,5448.71
Kartierung Versuch 3,65,111,1-2 m,1.190966,1.194067,3.1011,2603.89
Kartierung Versuch 3,65,112,3-4 m,3.304905,3.328146,23.2407,7032.18
Kartierung Versuch 3,65,113,2-3 m,2.705993,2.725160,19.1662,7082.88
Kartierung Versuch 3,65,114,0-1 m,0.349857,0.351353,1.4959,4275.78
Kartierung Versuch 3,65,115,0-1 m,0.917824,0.920964,3.1405,3421.66
Kartierung Versuch 3,65,116,2-3 m,2.141588,2.152831,11.2424,5249.57
Kartierung Versuch 3,65,117,1-2 m,1.605895,1.611916,6.0209,3749.22
Kartierung Versuch 3,65,118,0-1 m,0.948103,0.951035,2.9318,3092.32
Kartierung Versuch 3,65,119,0-1 m,0.516140,0.518618,2.4782,4801.47
Kartierung Versuch 3,65,120,2-3 m,2.334609,2.347233,12.6243,5407.45
Kartierung Versuch 3,65,121,1-2 m,1.813946,1.822391,8.4448,4655.46
Kartierung Versuch 3,65,122,1-2 m,1.360294,1.367416,7.1220,5235.61
Kartierung Versuch 3,65,123,1-2 m,1.063203,1.071636,8.4334,7932.03
Kartierung Versuch 3,65,200,3-4 m,3.535735,3.564763,29.0272,8209.67
Kartierung Versuch 3,65,202,3-4 m,3.163135,3.182722,19.5865,6192.11
Kartierung Versuch 3,65,203,1-2 m,1.049488,1.055269,5.7811,5508.47
Kartierung Versuch 3,66,67,1-2 m,1.132078,1.139806,7.7284,6826.75
Kartierung Versuch 3,66,68,0-1 m,0.600000,0.605361,5.3607,8934.48
Kartierung Versuch 3,66,100,2-3 m,2.334609,2.354759,20.1495,8630.78
Kartierung Versuch 3,66,101,1-2 m,1.813946,1.832566,18.6198,10264.82
Kartierung Versuch 3,66,102,1-2 m,1.360294,1.373456,13.1620,9675.88
Kartierung Versuch 3,66,103,1-2 m,1.063203,1.069170,5.9673,5612.56
Kartierung Versuch 3,66,104,2-3 m,2.141588,2.159588,18.0000,8404.96
Kartierung Versuch 3,66,105,1-2 m,1.605895,1.620744,14.8487,9246.40
Kartierung Versuch 3,66,106,0-1 m,0.948103,0.956377,8.2739,8726.77
Kartierung Versuch 3,66,107,0-1 m,0.516140,0.517414,1.2747,2469.72
Kartierung Versuch 3,66,108,3-4 m,3.304905,3.327246,22.3404,6759.78
Kartierung Versuch 3,66,109,2-3 m,2.705993,2.724138,18.1445,6705.28
Kartierung Versuch 3,66,110,0-1 m,0.349857,0.352221,2.3640,6757.06
Kartierung Versuch 3,66,111,0-1 m,0.917824,0.923807,5.9837,6519.48
Kartierung Versuch 3,66,112,3-4 m,3.390929,3.411612,20.6833,6099.60
Kartierung Versuch 3,66,113,2-3 m,2.810409,2.826609,16.1993,5764.04
Kartierung Versuch 3,66,114,0-1 m,0.835703,0.841197,5.4934,6573.34
Kartierung Versuch 3,66,115,1-2 m,1.190966,1.199463,8.4973,7134.80
Kartierung Versuch 3,66,116,2-3 m,2.512847,2.524417,11.5703,4604.46
Kartierung Versuch 3,66,117,2-3 m,2.075307,2.083610,8.3029,4000.78
Kartierung Versuch 3,66,118,1-2 m,1.620771,1.628860,8.0882,4990.33
Kartierung Versuch 3,66,119,1-2 m,1.412232,1.421192,8.9601,6344.62
Kartierung Versuch 3,66,120,2-3 m,2.886243,2.901278,15.0347,5209.08
Kartierung Versuch 3,66,121,2-3 m,2.484029,2.497029,12.9999,5233.39
Kartierung Versuch 3,66,122,2-3 m,2.174948,2.188080,13.1322,6037.93
Kartierung Versuch 3,66,123,2-3 m,2.002598,2.017052,14.4532,7217.24
Kartierung Versuch 3,66,200,3-4 m,3.163135,3.189065,25.9301,8197.58
Kartierung Versuch 3,66,202,3-4 m,3.535735,3.554697,18.9612,5362.73
Kartierung Versuch 3,66,203,1-2 m,1.896688,1.907944,11.2563,5934.70
Kartierung Versuch 3,67,68,0-1 m,0.960000,0.965628,5.6281,5862.63
Kartierung Versuch 3,67,100,3-4 m,3.348194,3.375138,26.9448,8047.57
Kartierung Versuch 3,67,101,2-3 m,2.886243,2.911676,25.4329,8811.76
Kartierung Versuch 3,67,102,2-3 m,2.484029,2.504421,20.3916,8209.10
Kartierung Versuch 3,67,103,2-3 m,2.174948,2.189227,14.2787,6565.08
Kartierung Versuch 3,67,104,3-4 m,3.032227,3.056910,24.6834,8140.35
Kartierung Versuch 3,67,105,2-3 m,2.554780,2.576064,21.2846,8331.27
Kartierung Versuch 3,67,106,2-3 m,2.001724,2.016241,14.5170,7252.24
Kartierung Versuch 3,67,107,1-2 m,1.647544,1.656330,8.7863,5332.97
Kartierung Versuch 3,67,108,3-4 m,3.977235,4.005746,28.5113,7168.62
Kartierung Versuch 3,67,109,3-4 m,3.390929,3.415910,24.9804,7366.84
Kartierung Versuch 3,67,110,0-1 m,0.835703,0.841562,5.8588,7010.61
Kartierung Versuch 3,67,111,0-1 m,0.835703,0.837784,2.0811,2490.28
Kartierung Versuch 3,67,112,3-4 m,3.904152,3.929459,25.3071,6482.11
Kartierung Versuch 3,67,113,3-4 m,3.304905,3.326119,21.2131,6418.67
Kartierung Versuch 3,67,114,0-1 m,0.349857,0.351686,1.8288,5227.27
Kartierung Versuch 3,67,115,0-1 m,0.349857,0.350887,1.0302,2944.63
Kartierung Versuch 3,67,116,2-3 m,2.732471,2.745683,13.2113,4834.91
Kartierung Versuch 3,67,117,2-3 m,2.190639,2.198455,7.8159,3567.87
Kartierung Versuch 3,67,118,1-2 m,1.509603,1.513725,4.1221,2730.60
Kartierung Versuch 3,67,119,0-1 m,0.993177,0.995186,2.0092,2023.03
Kartierung Versuch 3,67,120,2-3 m,2.886243,2.900370,14.1271,4894.63
Kartierung Versuch 3,67,121,2-3 m,2.334609,2.343821,9.2123,3945.98
Kartierung Versuch 3,67,122,1-2 m,1.813946,1.820616,6.6703,3677.22
Kartierung Versuch 3,67,123,1-2 m,1.360294,1.366900,6.6061,4856.35
Kartierung Versuch 3,67,200,4-5 m,4.065394,4.096895,31.5013,7748.66
Kartierung Versuch 3,67,202,3-4 m,3.745854,3.767469,21.6147,5770.29
Kartierung Versuch 3,67,203,0-1 m,0.821842,0.824983,3.1401,3820.80
Kartierung Versuch 3,68,100,2-3 m,2.886243,2.911679,25.4359,8812.82
Kartierung Versuch 3,68,101,2-3 m,2.334609,2.358650,24.0410,10297.67
Kartierung Versuch 3,68,102,1-2 m,1.813946,1.833062,19.1160,10538.35
Kartierung Versuch 3,68,103,1-2 m,1.360294,1.372101,11.8066,8679.46
Kartierung Versuch 3,68,104,2-3 m,2.732471,2.755778,23.3066,8529.49
Kartierung Versuch 3,68,105,2-3 m,2.190639,2.210855,20.2162,9228.45
Kartierung Versuch 3,68,106,1-2 m,1.509603,1.523664,14.0612,9314.51
Kartierung Versuch 3,68,107,0-1 m,0.993177,1.001843,8.6661,8725.66
Kartierung Versuch 3,68,108,3-4 m,3.904152,3.931857,27.7049,7096.27
Kartierung Versuch 3,68,109,3-4 m,3.304905,3.328439,23.5334,7120.75
Kartierung Versuch 3,68,110,0-1 m,0.349857,0.352675,2.8180,8054.68
Kartierung Versuch 3,68,111,0-1 m,0.349857,0.351649,1.7918,5121.56
Kartierung Versuch 3,68,112,3-4 m,3.977235,4.003111,25.8756,6505.93
Kartierung Versuch 3,68,113,3-4 m,3.390929,3.412333,21.4035,6311.99
Kartierung Versuch 3,68,114,0-1 m,0.835703,0.840047,4.3436,5197.52
Kartierung Versuch 3,68,115,0-1 m,0.835703,0.841144,5.4409,6510.60
Kartierung Versuch 3,68,116,3-4 m,3.032227,3.047985,15.7585,5196.99
Kartierung Versuch 3,68,117,2-3 m,2.554780,2.566347,11.5675,4527.79
Kartierung Versuch 3,68,118,2-3 m,2.001724,2.011272,9.5478,4769.77
Kartierung Versuch 3,68,119,1-2 m,1.647544,1.656114,8.5708,5202.16
Kartierung Versuch 3,68,120,3-4 m,3.348194,3.366483,18.2891,5462.37
Kartierung Versuch 3,68,121,2-3 m,2.886243,2.901154,14.9112,5166.30
Kartierung Versuch 3,68,122,2-3 m,2.484029,2.497536,13.5068,5437.46
Kartierung Versuch 3,68,123,2-3 m,2.174948,2.188542,13.5937,6250.13
Kartierung Versuch 3,68,200,3-4 m,3.745854,3.777306,31.4513,8396.30
Kartierung Versuch 3,68,202,4-5 m,4.065394,4.088957,23.5637,5796.16
Kartierung Versuch 3,68,203,1-2 m,1.780850,1.789483,8.6335,4847.94
Kartierung Versuch 3,100,101,0-1 m,0.600000,0.601339,1.3393,2232.10
Kartierung Versuch 3,100,102,1-2 m,1.200000,1.205276,5.2756,4396.34
Kartierung Versuch 3,100,103,1-2 m,1.800000,1.811690,11.6902,6494.58
Kartierung Versuch 3,100,104,0-1 m,0.600000,0.602355,2.3547,3924.43
Kartierung Versuch 3,100,105,0-1 m,0.813941,0.819770,5.8295,7162.03
Kartierung Versuch 3,100,106,1-2 m,1.386542,1.398393,11.8509,8547.12
Kartierung Versuch 3,100,107,1-2 m,1.897367,1.913611,16.2444,8561.54
Kartierung Versuch 3,100,108,1-2 m,1.697056,1.702583,5.5263,3256.40
Kartierung Versuch 3,100,109,1-2 m,1.341641,1.343974,2.3328,1738.73
Kartierung Versuch 3,100,110,2-3 m,2.683282,2.705800,22.5183,8392.09
Kartierung Versuch 3,100,111,3-4 m,3.231099,3.257758,26.6592,8250.82
Kartierung Versuch 3,100,112,2-3 m,2.163331,2.172873,9.5422,4410.90
Kartierung Versuch 3,100,113,1-2 m,1.897367,1.905191,7.8249,4124.07
Kartierung Versuch 3,100,114,3-4 m,3.000000,3.025006,25.0056,8335.18
Kartierung Versuch 3,100,115,3-4 m,3.498571,3.526716,28.1444,8044.55
Kartierung Versuch 3,100,116,2-3 m,2.400000,2.415622,15.6218,6509.08
Kartierung Versuch 3,100,117,2-3 m,2.462214,2.482213,19.9988,8122.28
Kartierung Versuch 3,100,118,2-3 m,2.706012,2.731239,25.2268,9322.50
Kartierung Versuch 3,100,119,3-4 m,3.000000,3.027778,27.7776,9259.21
Kartierung Versuch 3,100,120,3-4 m,3.000000,3.021245,21.2454,7081.80
Kartierung Versuch 3,100,121,3-4 m,3.059412,3.085259,25.8477,8448.58
Kartierung Versuch 3,100,122,3-4 m,3.231099,3.260776,29.6775,9184.96
Kartierung Versuch 3,100,123,3-4 m,3.498571,3.530343,31.7721,9081.44
Kartierung Versuch 3,100,200,0-1 m,0.975718,0.983942,8.2245,8429.17
Kartierung Versuch 3,100,202,2-3 m,2.958382,2.972765,14.3830,4861.78
Kartierung Versuch 3,100,203,3-4 m,3.928107,3.958488,30.3809,7734.24
Kartierung Versuch 3,101,102,0-1 m,0.600000,0.603938,3.9378,6562.92
Kartierung Versuch 3,101,103,1-2 m,1.200000,1.210353,10.3525,8627.10
Kartierung Versuch 3,101,104,0-1 m,0.848528,0.850123,1.5953,1880.05
Kartierung Versuch 3,101,105,0-1 m,0.602080,0.605747,3.6673,6091.12
Kartierung Versuch 3,101,106,0-1 m,0.884590,0.895495,10.9048,12327.50
Kartierung Versuch 3,101,107,1-2 m,1.341641,1.357148,15.5076,11558.66
Kartierung Versuch 3,101,108,2-3 m,2.163331,2.169831,6.5001,3004.67
Kartierung Versuch 3,101,109,1-2 m,1.697056,1.699749,2.6930,1586.85
Kartierung Versuch 3,101,110,2-3 m,2.163331,2.184325,20.9947,9704.80
Kartierung Versuch 3,101,111,2-3 m,2.683282,2.708816,25.5343,9516.06
Kartierung Versuch 3,101,112,2-3 m,2.545584,2.555073,9.4884,3727.38
Kartierung Versuch 3,101,113,2-3 m,2.163331,2.170284,6.9532,3214.12
Kartierung Versuch 3,101,114,2-3 m,2.545584,2.568871,23.2861,9147.65
Kartierung Versuch 3,101,115,3-4 m,3.000000,3.026838,26.8384,8946.13
Kartierung Versuch 3,101,116,2-3 m,2.473863,2.486863,12.9999,5254.90
Kartierung Versuch 3,101,117,2-3 m,2.400521,2.417083,16.5621,6899.36
Kartierung Versuch 3,101,118,2-3 m,2.486463,2.508697,22.2336,8941.84
Kartierung Versuch 3,101,119,2-3 m,2.683282,2.708629,25.3478,9446.55
Kartierung Versuch 3,101,120,3-4 m,3.059412,3.078345,18.9333,6188.56
Kartierung Versuch 3,101,121,3-4 m,3.000000,3.022870,22.8698,7623.25
Kartierung Versuch 3,101,122,3-4 m,3.059412,3.086241,26.8293,8769.43
Kartierung Versuch 3,101,123,3-4 m,3.231099,3.260616,29.5168,9135.21
Kartierung Versuch 3,101,200,1-2 m,1.567809,1.577080,9.2709,5913.29
Kartierung Versuch 3,101,202,3-4 m,3.202815,3.216445,13.6294,4255.44
Kartierung Versuch 3,101,203,3-4 m,3.533274,3.561761,28.4870,8062.50
Kartierung Versuch 3,102,103,0-1 m,0.600000,0.606415,6.4148,10691.36
Kartierung Versuch 3,102,104,1-2 m,1.341641,1.345298,3.6571,2725.87
Kartierung Versuch 3,102,105,0-1 m,0.884590,0.886678,2.0873,2359.66
Kartierung Versuch 3,102,106,0-1 m,0.602080,0.607460,5.3800,8935.71
Kartierung Versuch 3,102,107,0-1 m,0.848528,0.859999,11.4712,13518.97
Kartierung Versuch 3,102,108,2-3 m,2.683282,2.692362,9.0809,3384.26
Kartierung Versuch 3,102,109,2-3 m,2.163331,2.167988,4.6568,2152.62
Kartierung Versuch 3,102,110,1-2 m,1.697056,1.712787,15.7310,9269.55
Kartierung Versuch 3,102,111,2-3 m,2.163331,2.184416,21.0853,9746.69
Kartierung Versuch 3,102,112,3-4 m,3.000000,3.010720,10.7204,3573.48
Kartierung Versuch 3,102,113,2-3 m,2.545584,2.552724,7.1395,2804.65
Kartierung Versuch 3,102,114,2-3 m,2.163331,2.181223,17.8922,8270.65
Kartierung Versuch 3,102,115,2-3 m,2.545584,2.567654,22.0693,8669.65
Kartierung Versuch 3,102,116,2-3 m,2.683282,2.693370,10.0882,3759.64
Kartierung Versuch 3,102,117,2-3 m,2.486463,2.498159,11.6956,4703.71
Kartierung Versuch 3,102,118,2-3 m,2.400521,2.416898,16.3776,6822.52
Kartierung Versuch 3,102,119,2-3 m,2.473863,2.493388,19.5244,7892.27
Kartierung Versuch 3,102,120,3-4 m,3.231099,3.246959,15.8600,4908.54
Kartierung Versuch 3,102,121,3-4 m,3.059412,3.077621,18.2095,5951.97
Kartierung Versuch 3,102,122,3-4 m,3.000000,3.021434,21.4336,7144.54
Kartierung Versuch 3,102,123,3-4 m,3.059412,3.083624,24.2126,7914.15
Kartierung Versuch 3,102,200,2-3 m,2.164261,2.177138,12.8772,5949.94
Kartierung Versuch 3,102,202,3-4 m,3.533274,3.546507,13.2333,3745.32
Kartierung Versuch 3,102,203,3-4 m,3.202815,3.226032,23.2164,7248.74
Kartierung Versuch 3,103,104,1-2 m,1.897367,1.906778,9.4115,4960.28
Kartierung Versuch 3,103,105,1-2 m,1.386542,1.393408,6.8653,4951.38
Kartierung Versuch 3,103,106,0-1 m,0.813941,0.817758,3.8174,4690.08
Kartierung Versuch 3,103,107,0-1 m,0.600000,0.605993,5.9927,9987.87
Kartierung Versuch 3,103,108,3-4 m,3.231099,3.245722,14.6233,4525.79
Kartierung Versuch 3,103,109,2-3 m,2.683282,2.693222,9.9405,3704.60
Kartierung Versuch 3,103,110,1-2 m,1.341641,1.350292,8.6509,6447.98
Kartierung Versuch 3,103,111,1-2 m,1.697056,1.711713,14.6571,8636.80
Kartierung Versuch 3,103,112,3-4 m,3.498571,3.513706,15.1353,4326.13
Kartierung Versuch 3,103,113,3-4 m,3.000000,3.010868,10.8678,3622.61
Kartierung Versuch 3,103,114,1-2 m,1.897367,1.908944,11.5770,6101.61
Kartierung Versuch 3,103,115,2-3 m,2.163331,2.179140,15.8093,7307.84
Kartierung Versuch 3,103,116,3-4 m,3.000000,3.010657,10.6571,3552.37
Kartierung Versuch 3,103,117,2-3 m,2.706012,2.715993,9.9811,3688.48
Kartierung Versuch 3,103,118,2-3 m,2.462214,2.474481,12.2666,4981.93
Kartierung Versuch 3,103,119,2-3 m,2.400000,2.414203,14.2026,5917.73
Kartierung Versuch 3,103,120,3-4 m,3.498571,3.514221,15.6503,4473.34
Kartierung Versuch 3,103,121,3-4 m,3.231099,3.247035,15.9360,4932.07
Kartierung Versuch 3,103,122,3-4 m,3.059412,3.076965,17.5538,5737.63
Kartierung Versuch 3,103,123,3-4 m,3.000000,3.019496,19.4964,6498.79
Kartierung Versuch 3,103,200,2-3 m,2.762250,2.781374,19.1241,6923.38
Kartierung Versuch 3,103,202,3-4 m,3.928107,3.943986,15.8791,4042.43
Kartierung Versuch 3,103,203,2-3 m,2.958382,2.975739,17.3570,5867.07
Kartierung Versuch 3,104,105,0-1 m,0.550000,0.552912,2.9121,5294.75
Kartierung Versuch 3,104,106,1-2 m,1.250000,1.258425,8.4252,6740.19
Kartierung Versuch 3,104,107,1-2 m,1.800000,1.812579,12.5793,6988.51
Kartierung Versuch 3,104,108,1-2 m,1.341641,1.347065,5.4238,4042.66
Kartierung Versuch 3,104,109,0-1 m,0.848528,0.849627,1.0992,1295.45
Kartierung Versuch 3,104,110,2-3 m,2.473863,2.494296,20.4321,8259.21
Kartierung Versuch 3,104,111,3-4 m,3.059412,3.083393,23.9814,7838.56
Kartierung Versuch 3,104,112,1-2 m,1.697056,1.704949,7.8931,4651.05
Kartierung Versuch 3,104,113,1-2 m,1.341641,1.347204,5.5634,4146.71
Kartierung Versuch 3,104,114,2-3 m,2.683282,2.706209,22.9270,8544.39
Kartierung Versuch 3,104,115,3-4 m,3.231099,3.256809,25.7102,7957.12
Kartierung Versuch 3,104,116,1-2 m,1.800000,1.813269,13.2685,7371.40
Kartierung Versuch 3,104,117,1-2 m,1.882153,1.900269,18.1161,9625.20
Kartierung Versuch 3,104,118,2-3 m,2.191461,2.214953,23.4920,10719.81
Kartierung Versuch 3,104,119,2-3 m,2.545584,2.571500,25.9158,10180.70
Kartierung Versuch 3,104,120,2-3 m,2.400000,2.418891,18.8913,7871.39
Kartierung Versuch 3,104,121,2-3 m,2.473863,2.497652,23.7882,9615.79
Kartierung Versuch 3,104,122,2-3 m,2.683282,2.711064,27.7824,10353.89
Kartierung Versuch 3,104,123,3-4 m,3.000000,3.029735,29.7349,9911.62
Kartierung Versuch 3,104,200,1-2 m,1.035386,1.042559,7.1730,6927.82
Kartierung Versuch 3,104,202,2-3 m,2.398338,2.410551,12.2127,5092.16
Kartierung Versuch 3,104,203,3-4 m,3.525624,3.554040,28.4161,8059.89
Kartierung Versuch 3,105,106,0-1 m,0.700000,0.705513,5.5134,7876.28
Kartierung Versuch 3,105,107,1-2 m,1.250000,1.259668,9.6676,7734.09
Kartierung Versuch 3,105,108,1-2 m,1.850000,1.857733,7.7325,4179.76
Kartierung Versuch 3,105,109,1-2 m,1.297112,1.300181,3.0689,2365.98
Kartierung Versuch 3,105,110,1-2 m,1.944865,1.962071,17.2059,8846.81
Kartierung Versuch 3,105,111,2-3 m,2.522400,2.543362,20.9627,8310.63
Kartierung Versuch 3,105,112,2-3 m,2.121910,2.130579,8.6699,4085.92
Kartierung Versuch 3,105,113,1-2 m,1.662077,1.667141,5.0637,3046.63
Kartierung Versuch 3,105,114,2-3 m,2.205108,2.224526,19.4182,8805.99
Kartierung Versuch 3,105,115,2-3 m,2.728095,2.750579,22.4839,8241.63
Kartierung Versuch 3,105,116,1-2 m,1.882153,1.891614,9.4607,5026.51
Kartierung Versuch 3,105,117,1-2 m,1.800000,1.812940,12.9400,7188.89
Kartierung Versuch 3,105,118,1-2 m,1.931321,1.950114,18.7932,9730.77
Kartierung Versuch 3,105,119,2-3 m,2.191461,2.213236,21.7750,9936.32
Kartierung Versuch 3,105,120,2-3 m,2.462214,2.477599,15.3847,6248.33
Kartierung Versuch 3,105,121,2-3 m,2.400521,2.419730,19.2090,8002.02
Kartierung Versuch 3,105,122,2-3 m,2.486463,2.509686,23.2230,9339.77
Kartierung Versuch 3,105,123,2-3 m,2.706012,2.731726,25.7138,9502.49
Kartierung Versuch 3,105,200,1-2 m,1.557249,1.568341,11.0923,7123.02
Kartierung Versuch 3,105,202,2-3 m,2.665525,2.676816,11.2912,4236.02
Kartierung Versuch 3,105,203,3-4 m,3.114807,3.139405,24.5974,7896.94
Kartierung Versuch 3,106,107,0-1 m,0.550000,0.554154,4.1542,7553.15
Kartierung Versuch 3,106,108,2-3 m,2.522400,2.534987,12.5876,4990.32
Kartierung Versuch 3,106,109,1-2 m,1.944865,1.952722,7.8572,4039.97
Kartierung Versuch 3,106,110,1-2 m,1.297112,1.307692,10.5800,8156.57
Kartierung Versuch 3,106,111,1-2 m,1.850000,1.864980,14.9801,8097.34
Kartierung Versuch 3,106,112,2-3 m,2.728095,2.740080,11.9859,4393.49
Kartierung Versuch 3,106,113,2-3 m,2.205108,2.212583,7.4749,3389.79
Kartierung Versuch 3,106,114,1-2 m,1.662077,1.674387,12.3097,7406.23
Kartierung Versuch 3,106,115,2-3 m,2.121910,2.137950,16.0407,7559.57
Kartierung Versuch 3,106,116,2-3 m,2.191461,2.198419,6.9583,3175.18
Kartierung Versuch 3,106,117,1-2 m,1.931321,1.938416,7.0955,3673.91
Kartierung Versuch 3,106,118,1-2 m,1.800000,1.811052,11.0518,6139.91
Kartierung Versuch 3,106,119,1-2 m,1.882153,1.896202,14.0488,7464.22
Kartierung Versuch 3,106,120,2-3 m,2.706012,2.718207,12.1952,4506.69
Kartierung Versuch 3,106,121,2-3 m,2.486463,2.499904,13.4406,5405.50
Kartierung Versuch 3,106,122,2-3 m,2.400521,2.416686,16.1655,6734.14
Kartierung Versuch 3,106,123,2-3 m,2.462214,2.480895,18.6807,7586.96
Kartierung Versuch 3,106,200,2-3 m,2.240988,2.258297,17.3090,7723.83
Kartierung Versuch 3,106,202,3-4 m,3.114807,3.126903,12.0961,3883.41
Kartierung Versuch 3,106,203,2-3 m,2.665525,2.682963,17.4377,6541.94
Kartierung Versuch 3,107,108,3-4 m,3.059412,3.075829,16.4172,5366.14
Kartierung Versuch 3,107,109,2-3 m,2.473863,2.485601,11.7372,4744.49
Kartierung Versuch 3,107,110,0-1 m,0.848528,0.852795,4.2664,5028.06
Kartierung Versuch 3,107,111,1-2 m,1.341641,1.351672,10.0313,7476.91
Kartierung Versuch 3,107,112,3-4 m,3.231099,3.246138,15.0392,4654.52
Kartierung Versuch 3,107,113,2-3 m,2.683282,2.693563,10.2814,3831.65
Kartierung Versuch 3,107,114,1-2 m,1.341641,1.347737,6.0961,4543.77
Kartierung Versuch 3,107,115,1-2 m,1.697056,1.707655,10.5988,6245.38
Kartierung Versuch 3,107,116,2-3 m,2.545584,2.552654,7.0698,2777.28
Kartierung Versuch 3,107,117,2-3 m,2.191461,2.196485,5.0240,2292.56
Kartierung Versuch 3,107,118,1-2 m,1.882153,1.888505,6.3517,3374.67
Kartierung Versuch 3,107,119,1-2 m,1.800000,1.808210,8.2101,4561.17
Kartierung Versuch 3,107,120,3-4 m,3.000000,3.011268,11.2676,3755.86
Kartierung Versuch 3,107,121,2-3 m,2.683282,2.693783,10.5009,3913.47
Kartierung Versuch 3,107,122,2-3 m,2.473863,2.485487,11.6241,4698.75
Kartierung Versuch 3,107,123,2-3 m,2.400000,2.413504,13.5037,5626.52
Kartierung Versuch 3,107,200,2-3 m,2.783887,2.805688,21.8014,7831.29
Kartierung Versuch 3,107,202,3-4 m,3.525624,3.539280,13.6563,3873.45
Kartierung Versuch 3,107,203,2-3 m,2.398338,2.409997,11.6590,4861.29
Kartierung Versuch 3,108,109,0-1 m,0.600000,0.604066,4.0663,6777.15
Kartierung Versuch 3,108,110,3-4 m,3.600000,3.624790,24.7900,6886.11
Kartierung Versuch 3,108,111,4-5 m,4.200000,4.227806,27.8061,6620.49
Kartierung Versuch 3,108,112,0-1 m,0.600000,0.606221,6.2214,10369.00
Kartierung Versuch 3,108,113,0-1 m,0.848528,0.856411,7.8828,9289.98
Kartierung Versuch 3,108,114,3-4 m,3.649658,3.676644,26.9864,7394.22
Kartierung Versuch 3,108,115,4-5 m,4.242641,4.272090,29.4491,6941.21
Kartierung Versuch 3,108,116,1-2 m,1.697056,1.715179,18.1224,10678.70
Kartierung Versuch 3,108,117,2-3 m,2.121910,2.145456,23.5469,11097.04
Kartierung Versuch 3,108,118,2-3 m,2.728095,2.755780,27.6859,10148.43
Kartierung Versuch 3,108,119,3-4 m,3.231099,3.260901,29.8021,9223.51
Kartierung Versuch 3,108,120,2-3 m,2.163331,2.185888,22.5575,10427.20
Kartierung Versuch 3,108,121,2-3 m,2.545584,2.573953,28.3689,11144.36
Kartierung Versuch 3,108,122,3-4 m,3.000000,3.031966,31.9657,10655.25
Kartierung Versuch 3,108,123,3-4 m,3.498571,3.531808,33.2364,9499.99
Kartierung Versuch 3,108,200,1-2 m,1.029575,1.027905,-1.6704,-1622.42
Kartierung Versuch 3,108,202,1-2 m,1.618649,1.631065,12.4157,7670.39
Kartierung Versuch 3,108,203,4-5 m,4.266383,4.299080,32.6966,7663.78
Kartierung Versuch 3,109,110,3-4 m,3.000000,3.020728,20.7277,6909.24
Kartierung Versuch 3,109,111,3-4 m,3.600000,3.623745,23.7453,6595.91
Kartierung Versuch 3,109,112,0-1 m,0.848528,0.855328,6.7994,8013.19
Kartierung Versuch 3,109,113,0-1 m,0.600000,0.606285,6.2853,10475.55
Kartierung Versuch 3,109,114,3-4 m,3.059412,3.082768,23.3560,7634.16
Kartierung Versuch 3,109,115,3-4 m,3.649658,3.675433,25.7757,7062.49
Kartierung Versuch 3,109,116,1-2 m,1.341641,1.357609,15.9687,11902.35
Kartierung Versuch 3,109,117,1-2 m,1.662077,1.683113,21.0359,12656.41
Kartierung Versuch 3,109,118,2-3 m,2.205108,2.230104,24.9964,11335.67
Kartierung Versuch 3,109,119,2-3 m,2.683282,2.710136,26.8549,10008.22
Kartierung Versuch 3,109,120,1-2 m,1.897367,1.918318,20.9518,11042.58
Kartierung Versuch 3,109,121,2-3 m,2.163331,2.189613,26.2819,12148.79
Kartierung Versuch 3,109,122,2-3 m,2.545584,2.575266,29.6818,11660.11
Kartierung Versuch 3,109,123,3-4 m,3.000000,3.030781,30.7808,10260.27
Kartierung Versuch 3,109,200,1-2 m,1.061143,1.061728,0.5851,551.34
Kartierung Versuch 3,109,202,1-2 m,1.638910,1.651314,12.4048,7568.92
Kartierung Versuch 3,109,203,3-4 m,3.716991,3.746536,29.5442,7948.41
Kartierung Versuch 3,110,111,0-1 m,0.600000,0.603021,3.0212,5035.26
Kartierung Versuch 3,110,112,3-4 m,3.649658,3.672485,22.8276,6254.71
Kartierung Versuch 3,110,113,3-4 m,3.059412,3.077824,18.4120,6018.14
Kartierung Versuch 3,110,114,0-1 m,0.600000,0.603673,3.6732,6121.94
Kartierung Versuch 3,110,115,0-1 m,0.848528,0.854875,6.3465,7479.38
Kartierung Versuch 3,110,116,2-3 m,2.683282,2.696123,12.8412,4785.64
Kartierung Versuch 3,110,117,2-3 m,2.205108,2.213927,8.8194,3999.54
Kartierung Versuch 3,110,118,1-2 m,1.662077,1.669474,7.3974,4450.67
Kartierung Versuch 3,110,119,1-2 m,1.341641,1.349007,7.3661,5490.37
Kartierung Versuch 3,110,120,3-4 m,3.000000,3.015664,15.6639,5221.30
Kartierung Versuch 3,110,121,2-3 m,2.545584,2.558283,12.6989,4988.58
Kartierung Versuch 3,110,122,2-3 m,2.163331,2.175310,11.9797,5537.62
Kartierung Versuch 3,110,123,1-2 m,1.897367,1.910257,12.8909,6794.08
Kartierung Versuch 3,110,200,3-4 m,3.500861,3.529052,28.1909,8052.57
Kartierung Versuch 3,110,202,3-4 m,3.716991,3.737643,20.6512,5555.90
Kartierung Versuch 3,110,203,1-2 m,1.638910,1.648193,9.2837,5664.54
Kartierung Versuch 3,111,112,4-5 m,4.242641,4.268009,25.3682,5979.34
Kartierung Versuch 3,111,113,3-4 m,3.649658,3.670572,20.9143,5730.48
Kartierung Versuch 3,111,114,0-1 m,0.848528,0.849976,1.4474,1705.81
Kartierung Versuch 3,111,115,0-1 m,0.600000,0.602007,2.0067,3344.53
Kartierung Versuch 3,111,116,3-4 m,3.231099,3.245289,14.1901,4391.72
Kartierung Versuch 3,111,117,2-3 m,2.728095,2.737531,9.4363,3458.92
Kartierung Versuch 3,111,118,2-3 m,2.121910,2.128467,6.5577,3090.48
Kartierung Versuch 3,111,119,1-2 m,1.697056,1.701923,4.8666,2867.66
Kartierung Versuch 3,111,120,3-4 m,3.498571,3.514535,15.9635,4562.85
Kartierung Versuch 3,111,121,3-4 m,3.000000,3.011832,11.8317,3943.90
Kartierung Versuch 3,111,122,2-3 m,2.545584,2.555303,9.7187,3817.85
Kartierung Versuch 3,111,123,2-3 m,2.163331,2.172727,9.3960,4343.32
Kartierung Versuch 3,111,200,4-5 m,4.079464,4.111581,32.1167,7872.78
Kartierung Versuch 3,111,202,4-5 m,4.266383,4.288615,22.2319,5210.94
Kartierung Versuch 3,111,203,1-2 m,1.618649,1.623152,4.5027,2781.74
Kartierung Versuch 3,112,113,0-1 m,0.600000,0.604188,4.1875,6979.23
Kartierung Versuch 3,112,114,3-4 m,3.600000,3.624063,24.0634,6684.28
Kartierung Versuch 3,112,115,4-5 m,4.200000,4.226394,26.3944,6284.38
Kartierung Versuch 3,112,116,1-2 m,1.341641,1.354853,13.2119,9847.53
Kartierung Versuch 3,112,117,1-2 m,1.850000,1.868986,18.9856,10262.46
Kartierung Versuch 3,112,118,2-3 m,2.522400,2.545666,23.2666,9223.99
Kartierung Versuch 3,112,119,3-4 m,3.059412,3.085096,25.6840,8395.09
Kartierung Versuch 3,112,120,1-2 m,1.697056,1.713946,16.8895,9952.25
Kartierung Versuch 3,112,121,2-3 m,2.163331,2.186417,23.0860,10671.51
Kartierung Versuch 3,112,122,2-3 m,2.683282,2.710190,26.9088,10028.31
Kartierung Versuch 3,112,123,3-4 m,3.231099,3.259466,28.3672,8779.43
Kartierung Versuch 3,112,200,1-2 m,1.618649,1.623132,4.4826,2769.33
Kartierung Versuch 3,112,202,1-2 m,1.029575,1.035752,6.1767,5999.23
Kartierung Versuch 3,112,203,4-5 m,4.079464,4.108374,28.9104,7086.81
Kartierung Versuch 3,113,114,3-4 m,3.000000,3.019878,19.8782,6626.06
Kartierung Versuch 3,113,115,3-4 m,3.600000,3.622210,22.2097,6169.37
Kartierung Versuch 3,113,116,0-1 m,0.848528,0.858768,10.2396,12067.43
Kartierung Versuch 3,113,117,1-2 m,1.297112,1.312802,15.6896,12095.77
Kartierung Versuch 3,113,118,1-2 m,1.944865,1.964622,19.7569,10158.49
Kartierung Versuch 3,113,119,2-3 m,2.473863,2.495863,21.9993,8892.70
Kartierung Versuch 3,113,120,1-2 m,1.341641,1.356452,14.8111,11039.56
Kartierung Versuch 3,113,121,1-2 m,1.697056,1.717542,20.4862,12071.58
Kartierung Versuch 3,113,122,2-3 m,2.163331,2.187357,24.0263,11106.14
Kartierung Versuch 3,113,123,2-3 m,2.683282,2.708535,25.2531,9411.29
Kartierung Versuch 3,113,200,1-2 m,1.638910,1.645097,6.1869,3775.03
Kartierung Versuch 3,113,202,1-2 m,1.061143,1.067718,6.5751,6196.28
Kartierung Versuch 3,113,203,3-4 m,3.500861,3.526053,25.1921,7195.96
Kartierung Versuch 3,114,115,0-1 m,0.600000,0.602332,2.3325,3887.43
Kartierung Versuch 3,114,116,2-3 m,2.473863,2.486342,12.4790,5044.35
Kartierung Versuch 3,114,117,1-2 m,1.944865,1.952291,7.4262,3818.35
Kartierung Versuch 3,114,118,1-2 m,1.297112,1.301578,4.4657,3442.80
Kartierung Versuch 3,114,119,0-1 m,0.848528,0.851956,3.4278,4039.70
Kartierung Versuch 3,114,120,2-3 m,2.683282,2.697378,14.0967,5253.52
Kartierung Versuch 3,114,121,2-3 m,2.163331,2.173247,9.9158,4583.57
Kartierung Versuch 3,114,122,1-2 m,1.697056,1.705337,8.2805,4879.31
Kartierung Versuch 3,114,123,1-2 m,1.341641,1.350663,9.0222,6724.75
Kartierung Versuch 3,114,200,3-4 m,3.716991,3.746804,29.8123,8020.54
Kartierung Versuch 3,114,202,3-4 m,3.500861,3.521655,20.7947,5939.87
Kartierung Versuch 3,114,203,1-2 m,1.061143,1.066904,5.7603,5428.39
Kartierung Versuch 3,115,116,3-4 m,3.059412,3.073794,14.3824,4701.05
Kartierung Versuch 3,115,117,2-3 m,2.522400,2.531461,9.0612,3592.29
Kartierung Versuch 3,115,118,1-2 m,1.850000,1.855410,5.4104,2924.56
Kartierung Versuch 3,115,119,1-2 m,1.341641,1.344811,3.1706,2363.26
Kartierung Versuch 3,115,120,3-4 m,3.231099,3.246395,15.2964,4734.11
Kartierung Versuch 3,115,121,2-3 m,2.683282,2.693633,10.3512,3857.67
Kartierung Versuch 3,115,122,2-3 m,2.163331,2.170930,7.5991,3512.70
Kartierung Versuch 3,115,123,1-2 m,1.697056,1.704093,7.0368,4146.45
Kartierung Versuch 3,115,200,4-5 m,4.266383,4.299329,32.9456,7722.14
Kartierung Versuch 3,115,202,4-5 m,4.079464,4.102171,22.7077,5566.34
Kartierung Versuch 3,115,203,1-2 m,1.029575,1.031972,2.3971,2328.23
Kartierung Versuch 3,116,117,0-1 m,0.550000,0.555722,5.7222,10403.97
Kartierung Versuch 3,116,118,1-2 m,1.250000,1.259993,9.9935,7994.77
Kartierung Versuch 3,116,119,1-2 m,1.800000,1.812642,12.6424,7023.55
Kartierung Versuch 3,116,120,0-1 m,0.600000,0.605626,5.6257,9376.10
Kartierung Versuch 3,116,121,0-1 m,0.848528,0.858775,10.2468,12076.02
Kartierung Versuch 3,116,122,1-2 m,1.341641,1.355339,13.6979,10209.82
Kartierung Versuch 3,116,123,1-2 m,1.897367,1.912390,15.0235,7918.08
Kartierung Versuch 3,116,200,2-3 m,2.398338,2.415233,16.8946,7044.30
Kartierung Versuch 3,116,202,1-2 m,1.035386,1.043399,8.0122,7738.35
Kartierung Versuch 3,116,203,2-3 m,2.783887,2.799976,16.0892,5779.39
Kartierung Versuch 3,117,118,0-1 m,0.700000,0.704271,4.2714,6101.94
Kartierung Versuch 3,117,119,1-2 m,1.250000,1.256921,6.9207,5536.58
Kartierung Versuch 3,117,120,0-1 m,0.813941,0.820503,6.5618,8061.74
Kartierung Versuch 3,117,121,0-1 m,0.602080,0.608190,6.1105,10148.92
Kartierung Versuch 3,117,122,0-1 m,0.884590,0.893183,8.5927,9713.71
Kartierung Versuch 3,117,123,1-2 m,1.386542,1.396087,9.5444,6883.60
Kartierung Versuch 3,117,200,2-3 m,2.665525,2.688610,23.0852,8660.66
Kartierung Versuch 3,117,202,1-2 m,1.557249,1.570838,13.5891,8726.36
Kartierung Versuch 3,117,203,2-3 m,2.240988,2.251175,10.1879,4546.16
Kartierung Versuch 3,118,119,0-1 m,0.550000,0.552650,2.6501,4818.29
Kartierung Versuch 3,118,120,1-2 m,1.386542,1.396270,9.7272,7015.46
Kartierung Versuch 3,118,121,0-1 m,0.884590,0.889956,5.3656,6065.60
Kartierung Versuch 3,118,122,0-1 m,0.602080,0.607303,5.2237,8676.13
Kartierung Versuch 3,118,123,0-1 m,0.813941,0.819912,5.9715,7336.48
Kartierung Versuch 3,118,200,3-4 m,3.114807,3.143569,28.7616,9233.84
Kartierung Versuch 3,118,202,2-3 m,2.240988,2.258926,17.9384,8004.67
Kartierung Versuch 3,118,203,1-2 m,1.557249,1.562848,5.5988,3595.34
Kartierung Versuch 3,119,120,1-2 m,1.897367,1.909759,12.3922,6531.25
Kartierung Versuch 3,119,121,1-2 m,1.341641,1.348821,7.1806,5352.09
Kartierung Versuch 3,119,122,0-1 m,0.848528,0.853381,4.8530,5719.37
Kartierung Versuch 3,119,123,0-1 m,0.600000,0.605297,5.2965,8827.56
Kartierung Versuch 3,119,200,3-4 m,3.525624,3.557198,31.5736,8955.46
Kartierung Versuch 3,119,202,2-3 m,2.783887,2.804674,20.7875,7467.10
Kartierung Versuch 3,119,203,1-2 m,1.035386,1.038248,2.8619,2764.08
Kartierung Versuch 3,120,121,0-1 m,0.600000,0.606456,6.4556,10759.32
Kartierung Versuch 3,120,122,1-2 m,1.200000,1.210686,10.6857,8904.75
Kartierung Versuch 3,120,123,1-2 m,1.800000,1.812616,12.6157,7008.75
Kartierung Versuch 3,120,200,2-3 m,2.958382,2.979841,21.4588,7253.55
Kartierung Versuch 3,120,202,0-1 m,0.975718,0.986075,10.3569,10614.67
Kartierung Versuch 3,120,203,2-3 m,2.762250,2.777834,15.5836,5641.65
Kartierung Versuch 3,121,122,0-1 m,0.600000,0.604231,4.2307,7051.15
Kartierung Versuch 3,121,123,1-2 m,1.200000,1.206162,6.1616,5134.63
Kartierung Versuch 3,121,200,3-4 m,3.202815,3.230630,27.8150,8684.54
Kartierung Versuch 3,121,202,1-2 m,1.567809,1.584472,16.6633,10628.41
Kartierung Versuch 3,121,203,2-3 m,2.164261,2.173637,9.3760,4332.21
Kartierung Versuch 3,122,123,0-1 m,0.600000,0.601931,1.9312,3218.58
Kartierung Versuch 3,122,200,3-4 m,3.533274,3.565618,32.3445,9154.26
Kartierung Versuch 3,122,202,2-3 m,2.164261,2.184987,20.7260,9576.49
Kartierung Versuch 3,122,203,1-2 m,1.567809,1.573228,5.4192,3456.56
Kartierung Versuch 3,123,200,3-4 m,3.928107,3.962705,34.5983,8807.88
Kartierung Versuch 3,123,202,2-3 m,2.762250,2.784754,22.5038,8146.91
Kartierung Versuch 3,123,203,0-1 m,0.975718,0.979615,3.8972,3994.23
Kartierung Versuch 3,200,202,2-3 m,2.600000,2.610893,10.8935,4189.80
Kartierung Versuch 3,200,203,4-5 m,4.530353,4.564767,34.4142,7596.36
Kartierung Versuch 3,202,203,3-4 m,3.710000,3.734721,24.7208,6663.30
